Actual_Delay,Predicted_Delay
1,-0.005650020144078377
1,1.0
-2,-0.02076709469543274
1,-0.06480812864217783
-2,0.015666521257127218
1,0.030544914588025995
2,0.01148450808673597
-2,0.007068472349920751
2,0.055690422450340164
0,-0.03267821416177384
-1,-0.004910051289386801
2,0.0011526402408111452
4,2.0328301735961407
-2,0.005025382923750373
3,2.139896948229184
1,0.44957301971065766
1,1.0
2,2.0212843569372363
0,0.01148450808673597
0,2.2045144313437244
0,0.022325625014917656
2,1.962831870347421
1,-0.0076313907759917934
1,1.0
-1,-0.004839482597204122
1,-0.06263612402097579
1,1.0
2,1.9061606840919145
1,1.0
-2,0.018206459509790003
1,0.043537996903524216
1,-0.07959806229778382
1,-0.012676431717839743
1,1.0
1,0.4762463071198129
1,1.0
0,-0.006086796009955896
1,1.0
1,1.0
-1,-0.006086796009955896
1,2.055834350574841
-2,0.00898265504394392
-2,0.21794117731940396
-2,0.02403329968789764
2,-0.005428974399172286
1,-0.012219510757913965
-2,0.01006918563640693
-2,-0.0020755692425638763
-1,-0.007514545177191264
4,2.0058755937907313
2,1.7664480514785026
2,0.10110226640219175
0,-0.011198886838780777
2,-0.020114704885466482
1,2.025428474013746
1,1.0
1,1.9397356066262217
1,1.0
1,-0.004869545796451342
0,-0.043879418944281386
1,1.0
0,2.1642444502742273
0,-0.0072528990268326465
1,0.004878486362238688
3,2.00529656205974
1,1.0
-2,0.008492301110285058
-2,-0.0684206524401936
1,1.0
1,1.0
-1,0.02055726886081581
1,1.0
3,1.7918441237866358
-2,-0.013987874598102357
2,0.3179081012232403
1,-0.02865994769697741
1,-0.02488839986541915
-2,0.02510439509397249
0,-0.05732141357475668
1,2.1310425225965415
-1,-0.01118019879972549
1,1.0
-1,-0.10331482677969575
2,2.0297454294726403
1,-0.035852835506456265
1,1.0
2,-0.062040421763930126
-2,-0.012206389024798434
1,1.9586299965054923
2,0.015361877147687329
2,-0.009541248657033157
0,0.05272777607055166
1,2.0237407225603863
-1,-0.005650020144078377
-2,-0.02430092681635427
1,1.0
2,2.1082932550481104
1,1.0
0,0.013574990626149402
-1,-0.044429147602514804
1,1.0
1,1.9770687319651052
-2,0.03612011831053537
3,2.021631820442002
1,1.9382758233471447
0,1.9300687486094683
0,1.9236042494804797
1,-0.03586222054982616
1,1.0
0,0.4183836623774706
1,1.0
0,-0.01780912836902398
-2,-0.0010654184864750727
1,1.0
-2,0.06428215474774504
1,-0.014908130676923393
-2,-0.0031754411085496478
-1,0.03368816434178682
2,1.7400126909048224
0,-0.009314781101609118
1,0.5506041267811367
-1,0.006921226879439489
0,1.9619580818337747
2,-0.03604121954065717
-1,-0.09478095457973706
0,0.0010320572004955447
0,0.5281447417179416
1,1.0
3,1.9589619299993537
0,0.38391727955650196
1,-0.008572413638509324
1,-0.0076313907759917934
1,1.0
0,0.5281447417179416
2,0.0599270799332798
0,0.09996247298910778
2,0.03526202120138261
1,1.0
-2,0.0023853913606774113
0,2.1656771073760694
0,-0.01795017737036225
2,-0.007954522186017318
0,0.4361391523813677
4,1.9267814807822001
2,-0.19392063318614794
0,-0.0013789659727180966
-1,-0.03571913441815357
0,1.999014598128778
1,0.5763733943642125
-2,-0.020774832956145472
-2,-0.01813530703113499
-1,0.03717988330224339
-2,0.03939585779039004
-2,-0.01268992378852675
1,-0.03160502376570316
1,-0.030938175503482216
1,-0.04996711721891396
2,-0.00043361328670983275
0,1.9744424698950542
4,2.035205893935634
1,1.7919562622111733
1,0.5099434415926921
-2,-0.010138588395433747
0,-0.10069587421531334
-2,9.62699206121011e-05
-1,-0.011198886838780777
0,0.20955548320639777
1,1.0
-2,-0.018019044753904957
1,1.0
1,1.0
1,2.0085361105018644
-2,-0.031259856032040546
0,2.038320587473556
4,1.8729091494542212
1,0.024729957338792876
1,-0.04273404204472252
0,0.006608513776858783
0,0.01837098790384313
3,2.015643703595957
1,2.0380451177528736
1,-0.003329292778855678
1,1.0
1,-0.02976296787397564
0,0.26655334205397085
-2,0.0253619804290171
4,1.977424742990844
-2,-0.009923876141235088
0,0.008085132078318135
-1,-0.01655775848336431
1,0.029043566669180933
3,1.8864309996654702
2,0.01780306496116557
-2,-0.02523429029257045
2,-0.057746062268190276
2,0.043100154840221803
2,0.0037262491774852093
4,1.9435543959353394
-2,0.022651000800327347
1,0.39128020616301457
1,1.0
2,2.018026225953977
0,2.135515778837277
2,1.9481337977238846
0,0.03988847279619518
1,-0.01386313519086686
0,-0.02287809893679146
2,-0.05008569486393651
1,0.09194843860312175
-1,-0.026122277966896555
2,0.02765284771756462
2,-0.0874760541043793
1,0.04577160659962177
-2,-0.023050640295983887
-2,0.002548931168069406
0,1.9869367589539164
2,-0.14592041828741492
1,-0.0251009567125654
1,2.2092635554544326
-1,-0.023382030116898926
0,0.46417397851155756
1,-0.046284943032232226
1,1.0
1,0.04490856203932983
2,0.051476778417132385
1,1.0
-1,-0.022188438392951357
1,1.9524060049550462
1,1.0
1,1.0
3,1.9507443993851614
0,0.017378147541231372
1,-0.027022121392803643
0,1.990264475633224
1,0.44926195066876234
1,1.0
1,1.0
2,2.0439296973967496
4,1.917129082710942
2,0.0289274735405856
2,-0.07631955104534165
3,2.142471258568688
0,-0.00803393599733564
1,1.0
-1,-0.007710276175914046
0,1.914519079003413
1,-0.0276617496156616
0,0.012029991028551217
0,-0.040668637782253846
1,1.0
-1,-0.01715401938607848
-2,0.0275448693770951
2,0.006121771329624255
1,0.5256350025269477
-1,0.01857245050070688
2,-0.05902147766000986
-2,0.01324125504885982
0,-0.025290805947110858
1,1.0
0,0.013814488276572879
0,0.03603023007950267
1,1.0
2,0.027868246295580917
1,0.47557135122072886
1,1.0
1,1.0
4,2.0611506859502096
1,1.9728225550410874
0,1.9251634808135412
1,-0.006507297476653421
1,0.007880364355475707
-2,0.0008272756872416498
1,-0.05705518936110303
1,1.0
3,1.9643424987271823
1,1.0
2,0.006900341378776913
4,1.9830420876833719
1,2.054208229971145
1,0.5261485688998336
0,-0.021469652581463713
-2,0.006900341378776913
2,0.029036578406394953
1,0.0357642605601322
1,-0.0040217840579525425
2,-0.008152494972876151
0,-0.005438752356636359
0,0.026457058685606372
1,1.0
-2,-0.018019044753904957
1,1.0
2,-0.02480167824669537
0,-0.05088144784848888
1,1.0
2,-0.01096195089120319
-2,0.02650544160099427
1,-0.03439814143848003
0,0.5806454533041012
1,-0.02948804203568534
4,2.102953749685248
1,1.0
1,1.0
-2,-0.01386313519086686
-2,0.023411219417244906
1,1.0
2,-0.04163191963221845
1,1.0
1,0.5506041267811367
0,0.04910785180106905
1,1.9652958322379204
-2,0.002236094674775907
1,0.018731016667538073
-1,-0.0456904636619171
4,1.9550757320427428
4,1.8873984661607788
1,-0.0015795289941101314
1,1.0
1,0.49594253805960575
2,0.018670790408401264
0,0.05991273220487727
2,0.05288491947402237
0,2.153762534264833
1,1.0
2,0.007615169395197619
1,2.089569724533697
1,1.9815478187358833
0,-0.012136941411849598
2,2.0085361105018644
0,0.5460887667071213
2,0.0289274735405856
-2,-0.022676996938964314
-2,0.0004225368108508913
-1,0.03892588413313541
1,1.0
1,1.0
0,2.0298130904150384
2,-0.20720890420927326
4,1.9955478233478205
0,0.1634711755565005
2,1.974513866942764
1,-0.06259374903152785
-1,-0.0095280499596867
2,-0.017581480366500233
1,-0.0009194372634221831
0,-0.011343640001197858
0,2.004862542912272
2,1.8652900215539356
1,1.0
0,0.020172489064996996
0,-0.011995275087392947
-2,0.043537996903524216
1,-0.008503465184333469
2,-0.030566552436261274
1,1.0
1,-0.008301763981843104
1,0.5243018913382673
1,1.0
1,-0.08107995560598187
1,1.0
1,-0.09609732162057545
0,0.004465901554199215
1,1.0
0,1.9251634808135412
2,0.07116347734915857
-2,-0.1030248533295852
2,-0.005303579805613724
-1,-0.019837613563863123
0,1.8995193560311736
-2,-0.03316804963051305
1,1.0
2,-0.014273781493489355
1,-0.009249747930525165
1,0.038266861975151924
4,1.917687349861861
-2,-0.025773072694211266
2,-0.008371542450236224
1,1.0
0,2.017060203468743
1,-0.02302836822926296
3,1.8995193560311736
4,1.9586299965054923
2,-0.0547371408811817
1,-0.03571913441815357
-1,0.06284908950251858
2,-0.057560491726505535
1,1.0
0,-0.02850095779469938
1,1.976735617646079
0,1.9213133852452287
-2,0.0020896055683126105
1,1.0
2,0.04910785180106905
0,0.05701195312174141
0,-0.03586222054982616
-1,-0.014679808129982562
-2,-0.005631934455601015
-1,0.12065503921962423
2,0.022429622646939998
2,-0.012219510757913965
1,-0.08221245222365209
1,1.0
1,1.0
-2,-0.0233461168753919
1,1.0
0,-0.028215009865584593
1,1.0
1,-0.020713874673809873
0,0.0615262746385472
1,2.0395808531978816
4,2.029900935741514
2,0.019942351561681514
1,1.0
1,0.5048957003393724
0,0.4635589704868242
1,-0.0007056180573955636
-1,-0.14409002305125976
-1,-0.02372003660400135
0,1.9802721733387367
1,1.0
0,1.934010430642179
4,1.9817710201097287
-2,0.002236094674775907
2,1.9207550343274349
2,1.949577147828408
4,1.8306569496311473
-1,-0.020774832956145472
1,1.9331747628095892
4,1.9872707528243259
-1,-0.004869545796451342
0,-0.005776325480372214
0,0.45653937610053164
0,-0.024618838605772554
1,2.046127028609589
-2,-0.005846354933789023
1,1.9680344824793807
1,-0.0246724290014695
-1,-0.014785175508288199
-1,-0.0036545801440507554
1,1.0
-1,0.08751850889641104
-2,-0.03279929966558866
1,0.46079777418211526
1,2.025428474013746
1,0.06862396420899072
-2,0.029036578406394953
3,1.9460227732442623
1,1.0
-2,-0.0034027593510020824
0,0.4505459329347936
0,0.14458933795736714
1,1.0
1,1.0
0,1.9999299570580842
2,0.0226107890227082
-2,-0.039184340159931136
0,-0.022622250035536223
1,-0.08057993663959621
1,-0.1259392625276825
4,2.0515451647665652
2,1.992308404188844
4,1.9912052409433327
-1,0.0019221921013433544
1,1.0
-1,0.03475555371349113
1,-0.0072528990268326465
1,0.4943887202322277
2,-0.048921617147148516
-2,0.018206459509790003
0,-0.01952170929724642
2,-0.012676431717839743
1,1.0
2,0.006224310680097382
2,-0.033926613598494096
-1,0.015920810758805123
1,1.0
2,-0.036974631712616765
1,-0.034159106427492134
1,-0.008434054701512117
-1,-0.04659053685595784
-1,-0.029871316361760478
1,1.0
-2,0.018670790408401264
1,1.0
2,-0.03160502376570316
1,1.0
-1,-0.006988995949327833
0,-0.052649956621026554
2,-0.0054295465253504345
1,1.0
1,0.024197988261430138
4,2.0275415477715275
-2,-0.05585002827342855
1,0.016013899492651737
0,-0.007095203498831997
-1,-0.022167035442670183
-2,-0.006310740553089583
-1,0.0357642605601322
1,0.39106563172925624
-2,0.019636489110514046
2,0.0013495985169378235
1,0.13463642171409276
0,0.40528970930291824
1,0.42381074487809484
1,-0.02126358836461222
1,-0.03160502376570316
-2,-0.006310740553089583
1,1.9404341347341545
-1,0.008165344044651503
2,1.9950114519671829
1,0.5146504621498749
2,0.016085211898659173
2,1.949682520316335
-1,0.008492301110285058
0,-0.02865994769697741
1,0.018280417805054013
0,0.5057179406551211
1,1.98392910073411
-2,0.009706762175803432
-1,0.0068541360366089895
2,0.05991273220487727
0,-0.03727367476028072
1,2.095523403680245
0,-0.05113097172685181
-1,0.05991273220487727
0,0.4614136992639512
2,-0.02650903340861602
0,-0.028585965320400385
2,2.0133874553845374
1,0.4778968775533041
4,2.019977869868352
2,-0.005215971454659271
2,-0.030527068148258004
0,2.015947872341315
0,0.45159315885646606
-2,0.022722142964056263
0,1.977849808151865
1,0.4728973121644035
-2,-0.025773072694211266
3,1.9764236721858663
1,1.0
1,1.0
-1,-0.05088144784848888
2,0.0492289402326199
3,2.0251509555975677
3,1.984971533192096
-2,-0.014140147457744359
0,-0.019456297731605444
3,2.0464098797721264
0,0.4520671519062837
0,0.03368816434178682
1,0.0008681559861151432
1,1.0
0,-0.006401638939690879
2,0.029036578406394953
2,0.07116347734915857
1,1.0
4,1.9715668131151356
0,-0.0547371408811817
1,2.063738749301204
-2,-0.016999234459157728
2,0.07964655461562796
1,0.03627396691483947
0,-0.012094663642206413
4,2.0006748818854496
1,1.0
2,0.006325137581611253
2,0.036183756231127476
3,1.8986396256519478
1,-0.21841239035563706
3,1.9918932234061222
1,1.0
-1,0.050157019873772614
1,1.0
1,-0.020098771541025323
1,1.9683954656617808
1,1.0
-1,-0.028585965320400385
2,0.031233315309463786
1,1.0
-2,-0.028509492258182292
2,1.9975411040819189
2,-0.03387615008878553
1,-0.025447375652408875
2,-0.008710306411321074
2,-0.02838829623768827
1,1.0
0,0.4967894301975917
0,1.8288947906092294
1,1.0
0,0.03168423880202673
-2,0.18409626871091928
1,1.0
1,1.0
1,1.0
4,2.0395808531978816
1,1.0
1,2.1352953643801036
0,-0.01728196755475238
1,1.0
0,-0.005776325480372214
-1,-0.00028212949129002206
1,1.0
-2,-0.04117521534498004
1,1.9739662052828009
1,0.0004516252309004658
-1,-0.023191053765512656
2,0.025557988513569985
1,1.0
1,1.0
2,-0.014273781493489355
-2,-0.05603305696703882
1,1.94658445210834
0,0.004497117933398857
2,0.002775384863289336
1,-0.03316804963051305
2,-0.013509681450486503
1,0.06833118306800137
0,0.004352201449063525
0,2.003814317338197
1,2.316055560071345
-1,0.029543710280123054
4,2.0210595060303493
2,-0.02532827635094764
1,-0.044427798743184595
2,-0.06254357436833588
2,-0.03179262729632508
-2,-0.0046686968054183466
3,2.0436996028847174
0,0.5366117107164643
1,-0.04124270691669132
2,-0.04163191963221845
1,1.0
-2,-0.011198886838780777
0,-0.0034027593510020824
1,1.0
2,-0.1259392625276825
-2,0.06007965680514717
1,1.0
2,-0.006401638939690879
0,0.005940161159665631
2,-0.03362176130407122
2,-0.01525188707851875
0,0.03761832153505988
0,0.47698033485964353
3,2.168323242481195
0,1.9191324114726884
2,2.060792869369333
2,1.9472409336492875
4,1.9522374776153553
0,0.0054900391863058565
0,0.0008993794049061332
1,1.0
0,-0.033676110607769136
1,0.38076562651751006
1,0.02575409518002763
0,0.4802657654482785
4,2.0228763380234174
2,1.9444469348101092
4,2.203034944346703
2,-0.005806610628349878
0,0.001228042159378617
0,-0.04211975131503151
-2,0.016202837206791717
-2,0.0289274735405856
-1,-0.06101344497548155
0,1.9782011094921002
1,-0.029389772044549792
1,0.47475024444802894
1,-0.08000807434485256
0,-0.04211975131503151
0,0.4576600234297787
2,-0.02199834020832305
1,1.0
-2,0.008229137200023755
4,1.986588591657571
-1,0.055701103753155304
2,-0.034915416744391366
-1,-0.03756548729750326
0,1.9988290767390018
1,1.0
1,-0.03377165979076525
1,1.0
2,-0.012171412217025019
0,2.00026977715694
3,1.9491121662227189
3,1.8307176350043821
0,-0.08271702404613893
1,1.0
-1,0.02477220099352016
-2,-0.010708048144535395
0,0.4181560057087339
0,0.006942358113663318
1,1.0
4,2.033872697632641
0,-0.03984622786622337
0,-0.0251009567125654
-1,-0.024589326396137402
0,1.9989097462672654
0,0.009660137614354665
1,1.0
1,1.0
1,0.502829047690735
3,1.9225540281016618
-1,0.005057282102981803
2,-0.01697596629723246
1,1.0
1,2.00026977715694
2,-0.0009194372634221831
2,-0.03708649409341535
1,2.5968333095416103
1,-0.025916017167937015
-2,0.014420305071644096
-1,-0.03571913441815357
1,1.0
-2,-0.007664751555339454
0,1.9938367085211826
0,2.004683810510341
3,1.9815478187358833
1,1.0
1,1.0
1,0.025838177853750772
-1,0.0031551235603534704
-1,-0.0031754411085496478
3,2.114417958689463
1,1.0
0,1.9887117828037995
1,-0.1599265280125284
-1,-0.016316792243372034
1,1.0
1,1.0
0,-0.01040225402274853
-2,-0.01544621054273593
3,1.8721632625883275
1,1.0
-1,-0.016999234459157728
1,1.0
3,2.095705676448037
1,0.06428215474774504
1,1.0
0,0.014153327100088663
0,-0.0076313907759917934
1,1.0
1,-0.04614981034222525
1,1.0
4,2.019977869868352
2,1.9906891173926902
1,-0.033123328701603255
2,-0.01562991926339298
1,1.0
2,1.9014795572000738
-1,0.03126126657700974
-2,0.018942114731443208
1,1.0
0,-0.03756548729750326
0,0.4491371693228863
-2,-0.003329292778855678
1,1.0
3,1.930617255618242
1,1.0
-2,-0.013129380375253267
-1,-0.017408333284400196
2,2.2302157858024043
2,-0.010516437763087692
-1,-0.007751243642956695
-2,-0.02302836822926296
-2,0.014155079096181848
-2,0.006945911208224175
1,1.0
1,1.9310311354894782
-1,0.01646461028708217
0,1.9896466042160244
-2,-0.038316877841247335
-2,0.06036393165682395
0,-0.011198886838780777
1,-0.010861835861077675
2,1.9896233688315368
-1,-0.006432935904595915
1,0.04897423025194887
1,2.013561913091873
2,1.9507443993851614
0,1.9274255169922614
1,2.0119760312127273
2,1.9147791244718328
0,-0.054099877125634466
0,0.009505766410752117
0,-0.005210420777828687
1,1.0
2,-0.007139195295641198
2,-0.08436399286332304
1,1.0
1,1.0
0,-0.007658900958998582
2,2.015338816559295
2,2.013561913091873
2,-0.054099877125634466
3,1.9477026485918134
1,0.37763789837819906
1,1.0
1,-0.016999234459157728
1,1.0
-2,-0.011895654318939988
1,0.45602371438942013
-1,-0.034757673876296136
0,1.915146661295854
1,1.0
1,1.0
1,0.03368816434178682
-2,0.013384598932718246
1,1.0
2,-0.005776325480372214
-2,-0.09641135025045303
1,0.03326291964869501
0,2.365539171216521
1,-0.14409002305125976
2,1.2680292211331428
1,0.03326291964869501
0,0.0008272756872416498
0,0.4705853819078948
1,1.0
1,-0.0093064789331992
1,0.5120235315889052
0,-0.014593898675720014
1,-0.039184340159931136
2,2.0155408973516056
0,0.011341069603272122
2,-0.011198886838780777
-2,-0.00023230584698981398
1,1.0
3,1.9631128318694584
-2,0.014750424645507638
2,-0.006025151283855556
1,0.09955902882809538
1,0.5529144493699485
-1,0.041589799607866185
1,0.4927639311984426
1,1.0
4,2.069338686547822
1,0.053094714426377324
1,1.0
1,1.0
2,1.8711455901864706
1,1.0
3,1.9721137690917585
0,-0.048570717856606944
-2,0.03452673918695912
2,-0.016979593373837705
-1,-0.0014779122891491097
1,1.0
1,1.9422040322734468
2,-0.008301763981843104
1,-0.023796511017207634
2,-0.05936225860374068
-2,-0.05794859298898707
2,-0.009517882749513205
0,0.46010699383891046
0,0.0671934455220876
3,2.0873226852862117
0,-0.03160502376570316
3,1.8592304471058367
4,1.9170850433622857
-1,0.020150102826637963
1,1.0
-1,-0.011195711117358731
-2,-0.022532011417674965
2,1.9693243394794768
2,-0.11358980496377928
1,1.0
0,-0.03504953358270164
0,2.0799059294190325
1,1.0
-2,9.62699206121011e-05
1,0.5506041267811367
1,1.9142935612642822
0,2.0570552957715726
3,1.997480155191182
-1,-0.02488839986541915
-1,0.009465282288826761
0,0.008502874206302158
2,2.034121960857498
1,0.03289297706513207
1,-0.039973223314685266
-2,0.0031551235603534704
1,1.0
-2,0.04873741822630937
-2,0.05199022029101878
1,1.0
4,1.9317036808068755
1,0.48226014118899146
1,1.0
1,1.0
0,-0.11231240744748551
2,-0.0076313907759917934
0,1.973172005329632
1,1.0
1,1.951639817944085
2,0.03797637392035041
1,2.1682774269952607
1,1.0
1,0.08015641740176913
4,1.9662963825723585
2,0.01890808753723661
0,0.03612011831053537
4,1.9294879556553746
1,-0.02041435327792553
-1,0.02688002196510133
-2,-0.012676431717839743
1,0.0062586942178730134
0,-0.010544835250565248
1,-0.018019044753904957
1,0.47848687988408545
0,0.019208137373792046
0,0.05049787625657109
-2,-0.0024291109977293067
4,2.022380824629169
1,1.0
0,-0.001177893720921398
2,-0.006401638939690879
3,1.985902124771161
1,0.018388974329656537
-1,-0.004304319500277182
1,1.0
4,1.903224748629636
1,1.911485009399868
1,-0.032222499168646966
2,-0.014140147457744359
0,-0.04711348545910319
1,1.0
1,0.06862396420899072
2,1.9896466042160244
2,2.068528383058586
0,1.9720931076397432
-1,0.010588794489311978
1,1.0
0,2.0684859940142895
0,-0.009451806718144518
1,0.0018409241781793464
2,-0.006302488074174365
2,-0.022009096793449753
3,1.986700733820145
1,1.9559296574330909
1,0.04290807497027196
2,-0.02836172011787478
0,1.8592304471058367
1,1.0
4,1.9733966252964523
0,0.02949764980850903
-1,0.23319543134494977
0,2.0581543023982225
1,1.0
1,1.0
1,1.0
2,0.06964649162798303
2,1.919018996097888
2,1.995399400020623
0,-0.011198886838780777
0,-0.006724223169133297
2,0.0014802650279894993
1,1.0
-1,-0.002159288745550802
-2,-0.019837613563863123
1,1.0
1,1.0
1,-0.004809084681674796
0,-0.01795017737036225
0,-0.008301763981843104
-2,-0.033308457132958054
2,2.0034772229213416
2,-0.005805135378324986
-2,-0.013222391320123837
1,0.5211256171738576
-1,0.043537996903524216
0,0.47711569839159884
0,0.07737523834558523
1,1.0
0,0.5221731605243671
4,1.9472409336492875
-2,-0.021556543449340656
3,2.3874804208509373
1,0.4686164097850123
1,0.001029180695300889
1,1.0
2,0.04149231207621027
0,1.9249533728463684
0,0.034547968589348305
0,-0.025277234756910124
0,0.5190257522394167
-2,0.01220865098655569
-2,0.0524880750016199
1,1.0
0,0.015361877147687329
-2,-0.027606815892178664
4,1.9162534187626212
0,-0.011246196454020056
-1,0.00898265504394392
2,-0.19392063318614794
0,0.018118545653572005
-2,0.011956334273681818
2,-0.022188438392951357
0,0.005864212575913384
1,1.0
1,1.0
-1,0.019208137373792046
1,1.0
-1,-0.03424738270609845
2,-0.03556628899607672
0,-0.023796511017207634
-1,-0.002575515920724142
0,1.9699560221996513
-2,0.0014802650279894993
0,0.160731341589344
-1,0.024635730928282397
0,0.0004085560361317139
1,-0.05288973896971192
0,-0.02920277744606069
3,2.029900935741514
1,1.0
1,1.0
1,1.0
1,1.0
1,0.45757385277990037
1,-0.07778068186737463
1,1.0
1,-0.0031754411085496478
1,0.026614928599291647
0,0.059132727084574774
1,0.4236167233287713
-1,0.0008681559861151432
1,1.0
1,-0.014323201222481714
-1,0.04799182766551463
1,1.9434994683130629
-1,0.028100012142231852
1,-0.024161521999413287
1,0.12058956050125857
2,-0.03586222054982616
4,2.086779095463003
0,-0.005074300062161603
2,0.018670790408401264
1,1.0
-1,-0.03667358242237266
1,1.0
0,0.027395981817563326
-2,-0.05231976028427269
0,-0.03586222054982616
1,1.0
0,0.48794744431965886
1,0.6026190445906352
-2,-0.09828236449991958
1,0.5840109258036196
-1,0.0171101366611392
1,2.0298130904150384
-1,-0.02302836822926296
-1,0.01961793325712319
-2,0.010213535835617753
4,2.0007951224395204
0,0.019830464985151067
-2,-0.008486091461778974
1,0.019443697732377287
-2,0.12578342045867152
0,0.022174597901214295
-1,0.006942358113663318
-1,-0.0040217840579525425
1,1.0
1,-0.018964570201298207
2,0.049907276797947576
3,2.048240269359298
-1,-0.034021188572930766
-2,-0.04526874911393888
0,-0.006494575289905225
0,-0.01728196755475238
0,2.1082932550481104
2,0.03520197371922305
1,1.0
1,1.0
1,-0.04115201822883864
1,1.0
2,0.07510698877542342
2,-0.057560491726505535
-1,-0.0044351438888664205
2,0.017316776667177413
0,-0.006986850974063982
2,2.0018632196882766
1,1.0
2,-0.010920671400798408
0,1.8784754047833891
3,1.9986686667252371
0,-0.12406298442715963
1,-0.02667930971808195
1,1.0
-1,-0.015038017453389521
-1,-0.012646600275935142
1,-0.03480284479372131
4,2.0395808531978816
2,-0.01672777356735593
1,1.0
-1,-0.014638767704459398
-1,0.006608513776858783
0,-0.009314781101609118
1,0.003050411213763264
-2,-0.026487969723335777
1,-0.02295071028823433
1,1.0
1,1.0
-1,0.02400692907520836
0,0.03520197371922305
1,1.0
1,0.5030132230004629
1,1.9685656992474043
1,1.0
1,0.016013899492651737
1,1.0
1,0.3707445854916832
0,0.45339884845481704
1,1.0
2,-0.03179262729632508
1,-0.033160551821384866
3,2.1457756423425947
0,0.0071429705240301546
-2,-0.012730530265394146
2,0.08050604880142873
0,0.0033153819863159396
0,-0.008366559747196502
-1,0.014750424645507638
1,1.0
-2,0.045635144843823736
3,2.1596223217718515
0,1.955300459958116
1,1.0
1,1.0
0,0.018637000499826827
1,1.0
1,-0.0048293491971386745
2,-0.017408333284400196
3,2.0619618696824222
1,-0.030894870261758994
-2,0.014171899510828036
2,-0.02632906894398287
0,0.0005861925293592919
-2,-0.009851513584234783
1,-0.0095280499596867
-1,0.013062582720189887
0,-0.022716430774678272
2,-0.03556628899607672
-1,-0.0007056180573955636
0,1.9977897618944687
2,0.03452673918695912
0,-0.032222499168646966
0,0.4125909216776146
2,2.0206670562229068
0,-0.0013066313495663459
-1,-0.02095915169591603
-2,0.02711396946219675
0,0.45507610515505353
2,0.06872757780452679
2,1.9472409336492875
-2,-0.0007056180573955636
1,-0.03696182487434768
0,0.0017790805173349834
1,0.019942351561681514
0,-0.03586222054982616
0,2.1396836963664447
-1,0.009447701562512617
2,-0.04079348056944601
2,1.9158454574331645
3,2.0611506859502096
-2,-0.01401621494162288
0,0.06885001247877981
1,1.0
1,0.0021983606059816363
1,1.0
1,0.02015582671873233
2,-0.0044351438888664205
1,1.0
1,1.0
2,-0.024161521999413287
1,0.005284751940043231
1,-0.0276617496156616
1,-0.012219510757913965
1,1.0
-2,-0.035913288984432766
3,2.0148096287848976
0,0.44135091782359204
4,2.0983242260516253
0,-0.014593898675720014
4,1.9903736723261858
1,2.0775055200378207
1,0.5126302223589912
-2,2.3477827506996793e-05
1,1.0
1,0.45396115221888
1,0.45903152578935513
1,1.0
0,-0.008498930612090767
0,0.44543159314806113
2,0.008759914965508426
-1,0.0038208898707391757
-2,0.03623406208353372
-2,0.014664910194031777
1,1.0
1,1.0
1,1.939057804103651
-1,-0.006414579125856365
1,0.02838089678819612
1,-0.0276617496156616
-2,-0.04211975131503151
1,1.0
-1,0.028553112084152402
0,-0.03377165979076525
1,0.03200281938220964
1,1.0
-1,-0.028323592408896772
-2,-0.03991342795465511
1,1.0
0,-0.015422097420656334
4,2.0225851264233494
1,0.5285785218261905
1,1.0
2,-0.03235635241380048
-2,0.05410403598188677
2,0.0001649331353750183
-1,-0.008840771803313878
-1,0.004878486362238688
3,1.9862627068885113
1,1.0
2,0.019942351561681514
1,1.950396192591356
-1,0.03327888574632073
2,0.05991273220487727
-1,-0.13830797875683168
0,0.009153888736802597
-1,-0.014785175508288199
1,1.0
0,0.4309474732297005
-2,-0.009556012314237477
1,1.0
0,2.2146588116247035
2,-0.020913249202727528
-1,0.006905102122267016
1,1.0
1,1.0
2,-0.010138588395433747
1,1.0
1,2.0132110626887383
1,-0.008301763981843104
0,0.003719741476688899
2,0.010558941822583389
-2,-0.018019044753904957
2,-0.018019044753904957
-2,0.008684799222301184
0,-0.012206389024798434
0,-0.019964519613520717
-2,-0.014193260084194505
2,0.0038208898707391757
2,2.0298130904150384
1,1.0
1,1.0
-1,-0.009648009772256116
2,-0.007059803987344233
0,1.9970162143022676
2,0.001695634901261788
1,1.0
2,-0.03439814143848003
2,0.0011021088044138086
0,-0.005805135378324986
1,-0.05479501278289863
2,-0.01928573518336526
1,0.02859343984507824
1,-0.02130366418077241
1,0.020374879038410044
0,1.9896466042160244
1,0.005893520944316608
2,1.915146661295854
-2,-0.024824817517158017
1,1.0
0,0.4561743730275467
0,1.9916341819713799
0,0.5180610136442839
1,1.0
1,-0.025681530664353584
1,1.0
2,2.0117234171735263
1,1.0
-1,-0.02480167824669537
1,2.0242081198188107
0,-0.0013066313495663459
2,-0.06838451097673595
1,1.0
0,1.9734689101215417
-2,0.026122964652551484
0,-0.015459640426566446
2,-0.057560491726505535
2,0.024966383854501638
4,2.022380824629169
2,-0.020774832956145472
2,0.11523472763116109
-2,0.0018695020746053127
1,1.0
1,1.0
2,0.02015582671873233
2,0.03368816434178682
2,-0.014273781493489355
2,0.027036020134402827
-1,-0.002337620078631823
1,2.3498648918353924
2,0.03175203486768445
0,0.4166609542504571
-2,-0.009036047656946626
-1,-0.049796212516024084
1,2.4267115427152377
-2,0.007126171616321151
1,1.0
0,0.4624392936218748
0,-0.0022994496363612
4,1.9342025039391646
-2,-0.03107334471400053
0,0.00774941298009015
0,0.003276702137122244
1,0.5291380837480546
0,-0.02230032935521953
3,2.004389867101115
1,0.015756273621853275
2,0.15111484627011887
-2,0.04812875111919453
1,1.0
1,1.9669475539321661
1,1.0
1,1.0
0,-0.01209250063768005
0,0.0125753179719218
1,-0.0247315767706132
3,1.9970426640485115
1,1.0
2,-0.009036047656946626
1,-0.011570520294152087
2,-0.0009194372634221831
1,0.022325625014917656
1,1.9827353218393295
1,1.0
1,1.0
0,1.9526030394769394
2,-0.09088829977027583
1,-0.005481079141901622
2,0.0008681559861151432
1,1.0
-1,0.007126171616321151
1,0.4438551049157904
1,-0.02480167824669537
2,-0.02480167824669537
1,0.485677689902908
0,0.009327013621887793
1,0.036183756231127476
1,0.013574990626149402
-2,0.0037262491774852093
2,1.966604229190188
2,-0.022188438392951357
-1,0.03761832153505988
1,-0.022009096793449753
-2,0.06078909575009241
-2,-0.014009142390621407
0,-0.03793155455542919
-2,0.004501012679281772
1,1.0
-2,-0.03610954024392177
-1,-0.05479501278289863
2,-0.030527068148258004
-2,-0.01215767255619457
2,-0.050038108399606776
0,-0.029584100907689804
4,2.0108756627893785
2,1.9208407394513611
2,-0.025773072694211266
1,1.0
1,-0.01789689867145458
1,0.013062582720189887
2,0.019288323074779953
1,1.0
1,1.0
1,-0.05096468696268448
-2,-0.026644032064806606
2,0.09390414021053224
1,1.0
-1,0.005229199118006764
0,0.018388974329656537
1,0.4771904067531488
2,1.9942955038197334
1,1.0
0,0.47078478278598257
1,1.0
1,1.0
2,0.00762098735267537
0,0.06078909575009241
2,-0.05598224916746555
-2,0.0021983606059816363
0,0.10097228193052643
-2,-0.010516437763087692
0,-0.02742331269436147
2,1.9472409336492875
-2,-0.006414579125856365
2,-0.0034698179149716636
1,-0.04002761624122293
1,1.0
3,1.8392855370764645
2,-0.006724223169133297
2,-0.0009194372634221831
1,-0.10579006338938352
4,1.9302106399263312
0,0.011831566141714349
2,-0.022386989372264417
3,1.991914484690187
3,1.9817483611346696
3,2.0642078127159946
1,-0.012820583707840047
1,2.076199022720212
-1,-0.0602096589972472
1,0.022796763685736927
0,1.875646133020462
0,-0.0159213859411533
0,-0.02865994769697741
-1,0.016975884052490363
4,1.9662854971047177
1,1.0
1,1.9720931076397432
0,9.62699206121011e-05
1,0.019443697732377287
1,0.47518334500165443
-2,-0.014764677072100408
1,-0.14409002305125976
1,1.0
-1,0.05981954790160427
0,-0.008817294698434175
2,-0.020568102455859688
2,-0.04543212741766216
1,1.0
-1,-0.033160551821384866
1,0.4672325392435539
1,1.0
1,1.9713562110329454
-2,-0.0259270138750086
0,2.032880250318871
1,1.9864384369587456
-1,-0.02838829623768827
4,1.9274255169922614
4,1.971978117990997
-2,0.050157019873772614
-2,-0.021407612422379863
1,1.9369638933365403
2,-0.03107334471400053
-1,-0.020774832956145472
-1,-0.011576870509412291
1,1.0
1,1.0
3,2.0057503377364614
0,-0.005776325480372214
2,-0.02383797759189973
-1,-0.06259374903152785
-2,-0.05920458611934367
0,-0.03607754055010931
1,0.3929784519146575
0,0.0289274735405856
4,1.9991495120423741
0,1.9815478187358833
1,1.0
2,-0.006585826032229226
1,0.010307177653756045
1,1.0
2,-0.07155084629903813
1,1.0
1,-0.031078057153382785
1,1.0
2,0.017487298920905246
4,1.8670474070405794
1,1.0
1,1.0
1,1.997396688310554
1,-0.04919988645847033
1,-0.02372104513175065
0,0.0288167437875713
1,1.0
1,-0.018019044753904957
1,0.00238004401316352
1,0.050157019873772614
2,0.06885001247877981
-1,-0.010516437763087692
2,1.914519079003413
0,0.0289317925310652
2,0.03086812078237279
-1,0.04534033464637689
0,0.4505459329347936
1,1.0
1,-0.05231976028427269
0,1.9396769921157624
4,1.9917293876413018
1,1.0
0,0.01392279527377044
2,-0.016999234459157728
-1,0.007156095212943391
0,2.0126216690464314
2,1.9913324319986063
2,0.0037262491774852093
2,-0.0026102286827434412
0,0.46087127802937433
1,1.9999299570580842
-2,-0.004130949147704877
0,0.018280417805054013
1,1.0
-2,0.0140371573951618
1,0.5143844242745004
-1,-0.036974631712616765
2,0.020172489064996996
1,1.0
4,1.8696819013113983
1,2.022380824629169
-2,0.022174597901214295
2,-0.1377575967111069
1,1.9684050487865687
0,1.898457124129346
1,0.511151521608655
2,-0.022622250035536223
0,1.9294879556553746
0,-0.014070240855191868
1,0.46218929839538503
1,0.005864212575913384
1,1.9195637155025778
0,-0.028076560288962184
1,-0.00888660444259769
1,2.0907328146688426
2,-0.05199053384373815
2,-0.026837153189897246
0,0.4544098237886453
1,0.48117112092610453
-2,-0.015901481485326528
-1,-0.023661780351251344
2,-0.02302836822926296
1,0.08872023451057402
1,1.9616353254175738
1,1.0
3,1.901868009334207
1,1.0
1,-0.006724223169133297
2,-0.03793155455542919
2,0.007424208848030863
4,1.983400502014065
-1,0.12961342630043407
0,0.004497117933398857
2,1.9834509778147618
3,2.003814317338197
-2,-0.01368270946885512
1,0.5129715805820667
-1,-0.005650020144078377
0,0.4567955257437683
0,1.8955165359512909
2,-0.007240509603280273
1,1.0
1,0.009327013621887793
1,1.0
1,0.026701752108281164
2,-0.05435149003229611
1,1.8769526849673832
0,0.01597754236593972
-1,-0.0772785568211602
1,1.0
0,0.018206459509790003
2,1.8634863357506908
1,1.0
1,-0.004025417170949237
1,2.049435494765577
-2,-0.04579889499020703
2,0.0069453462215691075
1,2.0157162857210067
1,1.0
0,0.049907276797947576
1,1.9061606840919145
1,1.0
0,1.9929892045424484
-1,-0.009463171126247089
2,-0.03556628899607672
-1,0.029256691906444813
0,-0.06914409932386527
-2,-0.013829004799103463
1,1.0
4,2.00026977715694
-2,-0.006790194698363442
0,0.5399611606687612
-1,-0.050421879975609325
-1,-0.008486091461778974
-2,-0.0122573953346111
2,-0.0619762853444242
1,1.0
1,1.0
2,-0.04211975131503151
0,0.4568976770554612
2,-0.010861835861077675
2,-0.04211975131503151
0,-0.01659841650413073
-2,-0.0276617496156616
1,0.00043749343312345215
0,-0.09298860446794636
0,0.49146057905516827
-1,0.018206459509790003
-1,-0.009086131652157815
4,2.126572935991536
1,1.9930808124832715
1,1.0
0,-0.002644932725728174
1,1.0
1,1.0
-1,0.022954057187992913
1,-0.12979261978740786
-1,0.016372057975176543
0,-0.0475785980065581
1,1.0
1,0.5281447417179416
1,1.0
1,1.0
1,0.488973574044836
2,0.007126171616321151
-1,0.023848257206348252
-2,0.00456663796589336
1,0.05048392830725532
0,-0.03667358242237266
1,0.613650999906039
2,0.05053523010003649
2,-0.028585965320400385
0,-0.04294728484802267
1,-0.017763739182420402
2,1.8838623905845602
-2,-0.060446868802898256
3,1.9686474126959146
3,2.019173153259183
0,0.034547968589348305
0,-0.0013789659727180966
-1,-0.022054412923180458
-1,-0.005806610628349878
1,1.0
0,1.9950114519671829
1,1.0
2,0.14530690819995581
1,1.0
0,1.861287058209963
0,-0.06101344497548155
2,2.0110454084984473
0,0.14624635297417243
1,1.0
2,0.0038590535055777957
-1,-0.1543788818399304
2,2.135762043938617
1,1.0
-1,0.0671934455220876
1,-0.03235635241380048
2,0.007814905249928483
1,1.0
1,1.0
2,0.005057282102981803
1,0.37611543287667504
1,1.0
0,0.4487512076213897
1,1.0
1,-0.003267509122781168
-2,-0.04821043487095731
-2,-0.005776325480372214
1,1.0
-1,0.0020632257139431925
3,1.962504309674533
1,0.025443688543761972
3,2.0148096287848976
2,0.05410403598188677
1,0.0057596484270571935
0,0.4564076311007127
-2,0.0973282565913242
2,-0.0072528990268326465
1,0.04971102365551871
4,1.9249533728463684
0,0.010307177653756045
2,0.018280096550814744
-2,0.0038590535055777957
-1,-0.02880641970974948
2,-0.002294432597680496
1,2.0918049885154995
1,-0.07262273198967936
2,-0.005726736043727512
2,2.084035580936692
2,-0.03070857102994224
1,1.0
0,0.04812875111919453
1,1.0
4,1.9970162143022676
-2,0.013404032633355935
0,0.0022695324566115384
1,-0.05191726524319803
0,-0.015534244391479742
1,1.9251634808135412
-2,-0.032693844163840885
3,1.9531785554386087
0,-0.0229362632093713
4,2.078784336901727
1,1.0
-1,0.01890808753723661
1,1.0
2,-0.0416292792535614
1,1.0
1,1.0
0,0.03817082035060642
0,0.47559228211545707
1,-0.01697596629723246
3,1.975798739566716
1,0.06013113605468659
2,-0.02911481359007023
0,-0.12821841150339824
-1,-0.1198217248898635
-1,-0.0297134733495468
1,0.4523983137174427
0,0.3697438068515554
2,-0.03448638148963366
1,1.0
-1,-0.056194854945276734
1,1.0
-1,0.06428215474774504
2,-0.033590309777913996
1,1.0
1,-0.05475519037385813
4,1.9344578344252716
-2,-0.03431429215861749
0,0.020155335567609033
-2,0.013574990626149402
0,-0.006790194698363442
-1,-0.03197711386539761
3,1.9684050487865687
1,1.948530188108995
0,-0.1377575967111069
-2,0.00043749343312345215
1,1.0
1,-0.009463171126247089
-2,-0.015901481485326528
2,-0.006414579125856365
-1,0.0038650814732446638
1,1.0
2,0.01148450808673597
1,1.0
0,-0.0464243119969712
1,-0.01121499918369622
0,0.0289274735405856
4,1.9248075691878055
4,1.9169228912826117
-2,0.004088572559183447
0,-0.022386989372264417
0,-0.034551364034456876
-2,-0.1261655243645282
-1,-0.016399373110682916
1,-0.02838829623768827
0,1.939950581969081
0,2.038320587473556
0,1.915146661295854
-2,-0.0014779122891491097
2,-0.0020755692425638763
1,-0.013937184288562889
2,0.01148450808673597
-2,-0.046377318961593535
2,-0.02488839986541915
1,-0.019837613563863123
1,1.0
2,0.012262131403270829
-2,-0.12771283935760314
-2,0.256536413397562
1,1.0
-1,-0.013457395187899174
-1,-0.006585826032229226
-2,0.02880165329441786
-1,-0.020360649431310024
4,1.9647080508196455
1,-0.08659551535505546
1,0.019942351561681514
1,1.0
1,1.0
1,1.0
0,1.9261608540132318
0,0.002301328049778427
0,-0.003329292778855678
2,-0.033160551821384866
1,-0.052649956621026554
0,-0.010138588395433747
-2,-0.04787636808641119
1,2.086779095463003
1,0.007814905249928483
0,-0.024618838605772554
1,1.0
2,2.0117234171735263
1,1.0
-2,-0.13844621891620615
0,-0.0411531020202033
0,0.48048169441892064
2,-0.0081470344051325
0,-0.012339171194060576
2,-0.06475684612305754
0,2.0101782677051867
-1,0.02223018964525958
1,1.0
3,1.8974757566718419
2,0.03452673918695912
0,-0.023930445759096072
-2,-0.04724473214143663
0,-0.014702705833410686
1,-0.04724473214143663
0,2.2146588116247035
2,-0.0024490344543913805
0,0.046389849719616974
1,1.0
1,1.0
1,0.26125204738383134
1,0.0051614949569185106
-2,-0.032258849435526635
2,0.026760969221686085
2,1.9571861459312414
1,1.0
0,-0.01386313519086686
0,1.9340420370388747
4,2.01432555906744
1,2.027250779142358
0,0.47123162693655674
0,0.004728283268795881
1,1.9964084415981922
1,-0.06399305497476986
0,0.37763789837819906
1,0.030120910839145254
-2,-0.08166326202984293
0,-0.0040217840579525425
1,1.9632931400883045
0,0.5073857742489141
-1,0.03368816434178682
0,-0.046238769634357135
0,-0.0040217840579525425
0,0.4534870328266009
1,-0.11661266008105636
0,0.42788901243149524
2,1.903185076052693
1,1.0
-2,0.02055726886081581
-2,-0.028895667442589326
-1,-0.0007056180573955636
2,0.018101681841144922
0,1.9550757320427428
4,1.9683954656617808
0,0.026014101387261124
1,-0.004062837700809092
1,1.0
3,1.9340420370388747
-1,-0.02947161483228803
-1,0.023344430206166947
2,2.0085210691808637
1,1.0
2,0.004508184521964491
-2,0.039980339947627154
1,1.0
2,0.06428215474774504
1,1.0
1,1.0
4,2.019977869868352
1,1.0
2,-0.01571955716998946
-1,-0.02041435327792553
-2,-0.014273781493489355
-2,0.0014346878518939103
1,1.0
0,-0.009314781101609118
0,2.378467385903813
1,-0.003267509122781168
1,1.0
1,-0.0690880798521516
0,-0.00917556748970762
1,1.0
-2,-0.028076560288962184
1,-0.011771967447812486
-1,-0.020596380183466517
1,2.070192736820947
1,1.0
2,-0.03316804963051305
0,1.9763604845279366
-2,-0.012094663642206413
3,1.9575328694281415
2,1.9640258206119026
1,-0.034868704401211835
1,1.0
0,-0.016316792243372034
4,2.1560975035796446
2,2.024554962602237
3,1.9852482176001167
0,-0.0035824123099847003
2,-0.007658900958998582
2,-0.016128430008649296
1,1.0
0,0.3180645557184311
0,2.0196680846667827
1,-0.15195291134971572
1,1.0
1,0.05998821114662354
0,-0.03271438283995666
0,0.45339884845481704
1,1.0
4,2.1825423908987727
-1,0.06885001247877981
1,0.5134655721055259
2,-0.0086354403816192
2,-0.007139195295641198
-1,-0.018161822517407646
1,1.0
-2,-0.05197794036747402
1,0.4864261087259169
-1,-0.039033988231568346
1,-0.032222499168646966
2,0.006604572578130799
-2,-0.1259392625276825
-1,-0.03586222054982616
1,-0.02532827635094764
1,1.0
2,-0.002426760533904831
2,-0.03708649409341535
1,0.01890808753723661
2,-0.006401638939690879
3,2.0276658800241787
-2,0.022722142964056263
4,1.9933378755850375
0,-0.039973223314685266
2,-0.023200924601304823
1,1.0
0,-0.010278787651529724
1,1.0
1,1.0
-1,0.013341703966789076
-1,0.03242203378191564
0,-0.004809084681674796
-2,0.002598445039441851
1,1.0
1,-0.05019626655758688
4,1.9208407394513611
3,1.9299258482282542
1,0.006165802901780854
-2,-0.01401621494162288
0,-0.02095915169591603
-1,0.0362201436374576
1,2.0126216690464314
4,1.8579859792260438
0,-0.06466812556705089
1,1.0
1,2.0268020970531166
0,0.46081673167874615
0,1.9526098293610614
1,1.0
3,1.9589619299993537
1,1.9455583958047753
1,0.40352516422960977
1,2.039524926155339
0,-0.04211975131503151
0,0.03520197371922305
1,-0.012973874928250266
1,0.48933515129933464
1,-0.035556277836241
2,-0.014009142390621407
1,2.0873226852862117
-2,0.018834208114401813
1,1.0
1,-0.0639033709161385
-1,0.011421139241121744
0,0.4201618998085216
-1,-0.052649956621026554
1,1.0
1,1.0
2,0.0017790805173349834
-1,-0.0067268312210739265
-2,-0.01715401938607848
1,1.8917598878659083
1,-0.017842540355084167
1,1.0
1,1.0
2,-0.025721406725321434
-2,0.0043858328222811495
0,0.02838089678819612
1,0.4358669413981179
1,1.9269965540016962
-2,0.004166369126462233
1,1.0
1,1.0
4,2.061414258844579
1,0.01890808753723661
1,0.44578021909770904
1,1.0
0,0.4425482786131995
0,-0.01349665519129246
4,1.7224771424620542
-2,0.024966383854501638
1,1.0
1,1.0
0,0.5143844242745004
-1,-0.02911481359007023
1,1.0
0,-0.0034027593510020824
0,-0.04421904771019098
1,0.45424986683020885
-2,-0.0007431084759306458
-1,-0.020360649431310024
1,-0.01596323826479402
-2,-0.03160502376570316
-1,-0.0061085171766837336
-1,-0.046377318961593535
0,0.03863292450718098
2,2.0001757466340426
1,1.0
0,-0.030479735530724025
1,0.012102262266975406
2,0.022325625014917656
0,0.018637000499826827
2,1.9711514617520383
1,1.8344635297989447
-1,-0.0036274000967628293
0,-0.032263842992253905
-2,0.023264384033141502
-2,-0.03498913819349523
4,1.8545294010979065
2,-0.05288973896971192
2,-0.0027452123883515683
4,1.9493664427018433
1,2.075330170466141
1,1.0
-1,-0.0475785980065581
0,-0.040418077101203806
1,1.0
2,-0.03002010445630245
4,1.929101929811321
0,-0.020561998932753362
1,1.0
0,0.019830464985151067
0,0.536024241706083
-2,-0.010991573196438278
1,0.001695634901261788
1,1.0
1,-0.039184340159931136
1,1.0
0,-0.010086561233008114
1,1.9410536355959473
1,1.0
1,1.0
1,-0.010135702795731444
4,2.293009715845266
1,1.0
0,-0.025681530664353584
0,-0.0020755692425638763
-2,-0.004869545796451342
-1,-0.0005215952961590345
1,0.4839290976144547
2,-0.0044351438888664205
0,0.0020896055683126105
2,0.005284751940043231
1,-0.016316792243372034
1,1.9493664427018433
2,1.7914090032300152
0,0.0289274735405856
1,1.0
-2,0.001437689679167306
1,-0.03431429215861749
1,1.0
-1,-0.02295071028823433
-1,-0.033160551821384866
-1,-0.07777894711600791
1,2.019977869868352
-2,-0.02742331269436147
-1,0.0030418875590908197
1,2.0275400489984325
2,0.0018340671906535058
-1,-0.1259392625276825
3,2.094525551308187
3,1.9792021246967033
0,0.5213357841631394
1,1.9549580745934836
1,1.0
-2,0.029036578406394953
1,1.0
3,1.8703531020877342
-1,-0.022676996938964314
1,1.0
0,-0.0076313907759917934
-1,-0.0044351438888664205
3,2.1515250735351614
-1,0.02688002196510133
-1,-0.006790194698363442
0,-0.0044351438888664205
2,-0.005641886639611852
1,0.1376091658115328
1,0.020386245959714153
1,-0.005441554695765777
1,0.001695634901261788
-2,0.011454265805796676
2,-0.008301763981843104
0,-0.03466246933694824
2,-0.0007056180573955636
1,1.0
-1,0.11230245305358552
1,1.0
0,0.015731711109500553
0,0.507554818262134
2,0.160731341589344
1,-0.008486091461778974
1,1.0
1,0.008883225895619297
4,2.105195537766129
0,0.4016040757881346
0,0.5319662964940018
4,2.0051643034367617
-2,-0.0040217840579525425
-2,-0.07730314427246415
3,1.930617255618242
2,-0.03358961121563826
-1,-0.05902147766000986
2,0.0038590535055777957
4,1.8883310972163927
-2,0.005374091863869716
1,1.0
0,0.002236094674775907
1,1.0
-2,-0.12172141267292128
0,-0.03179262729632508
2,2.0571746956955717
1,1.0
3,2.0192152102683774
-1,-0.020774832956145472
-1,-0.010516437763087692
-1,0.029594508251606203
1,0.14337689816145283
2,2.173079225509962
-2,0.006816791339126633
2,2.0206670562229068
1,1.0
2,-0.0233461168753919
1,1.9675896452356563
1,0.469439405971389
-2,0.01902219988148183
-2,0.021163857096536124
4,2.024196201750958
1,2.0650742891408185
2,-0.007958128288298245
-2,-0.013904659563619344
3,2.0005055733894985
2,2.0126216690464314
1,1.0
-2,-0.006086796009955896
-1,0.005864212575913384
4,1.9763604845279366
1,0.420607622567563
1,1.5898125553785496
-2,-0.01399799082469516
4,2.0943765100138476
2,-0.027466381577032534
-2,-0.019837613563863123
-2,0.0008993794049061332
0,1.977424742990844
1,-0.02627547846189032
-2,-0.005508621020536452
2,0.021927911582326574
4,1.9373973752181208
2,-0.02932985584790643
2,0.03274936279484409
2,-0.018543129454594943
0,0.014420305071644096
0,-0.008439474456378883
0,1.9422040322734468
0,1.993699353763053
1,-0.02321358526020975
-1,-0.0015795289941101314
-2,-0.0020755692425638763
1,1.0
2,-0.01725469918896817
-2,0.03368816434178682
-2,0.11378976388442412
-2,-0.020760692637579584
0,-0.005441554695765777
1,0.015232802882430427
-2,-0.002575515920724142
2,0.06007965680514717
4,2.0387999943893043
2,2.175454980016391
2,-0.001430677560138835
1,-0.04821043487095731
2,1.9675896452356563
-1,-0.0048409073335294525
-2,-0.04552268398489986
1,1.0
-2,-0.04711348545910319
1,1.0
4,2.022724402348371
1,1.0
1,1.9807668548206336
0,1.9640258206119026
0,0.5024011376340674
1,0.5290979450267943
0,0.45385295253660113
3,1.9663252259767297
0,-0.031078057153382785
4,1.9472409336492875
1,2.0372009117694603
3,2.0439296973967496
1,1.8769526849673832
2,0.0010737938336243507
0,2.0259126117888666
0,-0.07959806229778382
1,-0.034868704401211835
1,1.0
0,0.3965072449506439
2,0.038807854840465096
1,1.0
-2,-0.025773072694211266
-2,0.03327888574632073
0,0.03775904791308145
0,0.47943894519364816
1,2.0133874553845374
-2,0.17993546501280158
-1,-0.02488839986541915
3,2.010776785191042
-2,0.0037262491774852093
3,1.8006843402354555
0,-0.006790194698363442
1,1.0
1,1.0
-1,0.05981954790160427
1,1.0
2,1.9103305718470063
2,-0.0036289686197859745
1,0.4613982959986405
1,1.0
2,0.015877909879751368
-1,0.01615736620107344
0,-0.05019626655758688
2,0.14023568573532016
1,1.0
1,1.0
1,2.008335629070588
-2,0.15191529440210455
1,0.5093630855359775
1,1.0
-2,0.028553112084152402
2,1.9480460366992145
1,0.03559122958792938
3,1.909039275627026
-1,-0.0874760541043793
-1,0.006921226879439489
1,1.0
0,0.0671934455220876
1,0.469439405971389
0,-0.005776325480372214
2,1.9482613529235302
1,-0.05288973896971192
0,-0.012950579780722594
1,1.0
2,0.023742328041955245
1,0.025443688543761972
-2,0.013341703966789076
1,0.056557844682926135
0,1.5477998226784258
-2,0.0007082876731028461
0,0.51662436617313
1,1.0
1,0.023745430000260966
-1,0.018670790408401264
-1,0.002236094674775907
2,0.059481568844382195
1,1.9170850433622857
-1,0.051476778417132385
2,0.008229137200023755
0,-0.019614559202481417
2,-0.008326921811811008
1,1.0
-2,0.006900341378776913
0,-0.015550044310633067
2,0.012029991028551217
4,2.0898103134490618
1,1.9843672256311193
-1,-0.01162170389124115
0,0.001695634901261788
-2,-0.017759918305926874
0,0.017837450800638092
1,0.0005449511718092977
0,-0.04443060843850601
1,1.0
-1,0.002488590698656822
1,1.0
1,0.422682130183551
2,0.018670790408401264
-1,0.026701752108281164
2,-0.006025151283855556
0,0.1470680287033314
0,0.06130785585151281
0,0.5336023590378651
-1,-0.022264196619384245
-2,0.02259128281492133
2,1.9807668548206336
0,0.0014802650279894993
-1,-0.07218072975434503
-2,-0.033926613598494096
2,-0.007572158982267704
2,-0.02833954916293756
1,1.0
-1,-0.020760692637579584
1,1.0
0,-0.07924895623942606
4,2.0448558064125804
1,0.00578215129385085
2,2.002967414585177
0,-0.03498598400556818
2,-0.006086796009955896
0,0.5028625809535034
4,2.060111339550204
3,1.974377747079426
-1,-0.1114847965254848
-1,-0.01301305345290709
1,-0.001177893720921398
2,0.001970542619036666
-2,0.030837751290910195
1,1.0
1,-0.03439814143848003
2,-0.02947161483228803
2,-0.01207004714387133
0,0.4448062284241024
1,1.0
-1,0.0021983606059816363
1,-0.008439474456378883
2,-0.020561998932753362
2,2.0052419976260634
0,-0.036536555033114426
0,0.017553896302812014
1,1.0
1,1.9395544759798409
-1,-0.07176518184897843
0,-0.0002228215195130248
1,-0.03705057983821099
1,1.0
1,1.0
-2,-0.2135637706638679
1,-0.00021374949986360965
1,-0.02692557951163686
1,0.026457058685606372
1,1.0
4,1.9763604845279366
3,2.1566371756564715
0,-0.011659477821545132
0,2.0204800645501946
2,1.9870432024066362
-2,0.0816281296869693
-2,0.055518706715288975
1,1.0
2,1.9532909263693727
1,1.0
-2,-0.006086796009955896
1,1.0
2,2.0241726209173034
1,1.0
1,0.46607470431994275
0,0.008502874206302158
-1,0.02505548007293178
0,-0.3273829776682913
-1,-0.05682900605683025
3,2.1037867562243435
3,2.0212843569372363
0,2.06020815334752
0,1.9813474364228683
1,0.00043749343312345215
2,-0.062040421763930126
-2,-0.03271438283995666
2,0.023344430206166947
-2,-0.02430092681635427
2,2.0322819603269364
2,2.04672010189657
1,2.071428991539634
3,2.0025135951102864
0,-0.0036545801440507554
1,2.0087477202393225
1,0.39132645910347813
-1,-0.06609627222766233
1,1.0
1,0.0004085560361317139
1,0.03326291964869501
1,-0.016447969511119407
2,-0.03756548729750326
-2,-0.023929478735040807
3,2.024554962602237
-1,-0.03505812218572227
-1,-0.041790778982443974
1,1.0
0,0.005284751940043231
2,0.002462397225569079
-1,0.0656013517647808
3,1.9851253704371148
1,1.0
0,2.0395808531978816
1,1.0
-1,-0.008000096185884794
0,-0.010249679969717575
-1,-0.009067569825910242
3,2.030687572371577
2,0.04920232449094818
-2,-0.040668637782253846
1,-0.02650903340861602
2,-0.020381611021708768
-1,0.0038114553191358203
-1,-0.008439474456378883
-2,-0.044546888182839466
1,2.1247785112184863
1,-0.006387357028003402
-2,-0.029794416101058353
-2,-0.01952170929724642
1,1.0
2,-0.004869545796451342
0,-0.05584910796316214
-2,0.007880364355475707
1,-0.013115944863313052
1,1.962504309674533
0,0.03603023007950267
-2,-0.03785637862108806
0,-0.02252954774120258
-2,0.0018340671906535058
1,1.0
0,0.12320320834354069
3,1.9955478233478205
-1,0.1001432802390101
-2,-0.013995353253678225
-2,-0.06101344497548155
-1,-0.01301305345290709
1,1.0
-2,0.04741303334090819
-2,0.05288491947402237
1,1.0
1,1.0
4,1.995517388010762
-1,-0.04046104453474876
1,-0.027440525148393995
-1,-0.013792687232665751
-2,-0.008439474456378883
0,1.9657469133284655
0,0.04534033464637689
1,-0.0093064789331992
0,-0.014267087064059467
2,0.10092660976181568
-1,0.018280096550814744
0,-0.0054295465253504345
1,-0.0093064789331992
0,0.4570376251739702
-1,0.1586845055798358
2,1.922444734998898
2,-0.03696182487434768
2,-0.21077922352902204
-1,-0.0072528990268326465
2,-0.02920277744606069
-1,-0.005303579805613724
-2,-0.0013066313495663459
-2,-0.010999915491200957
0,0.006900341378776913
0,-0.0025857416599480844
-2,0.01006918563640693
1,1.0
0,-0.013411317287264786
1,1.0
0,1.9654425902731325
1,1.0
-1,0.017894672978019267
1,1.0
-2,-0.06609627222766233
1,1.0
-2,0.004889224735348968
-2,-0.04168857608065878
-1,0.038359918150396605
1,1.0
2,0.01180375642688038
-2,-0.01969691234969295
0,-0.0007330653512252702
1,1.0
-1,-0.004945336139439815
-2,0.009943623934073068
1,2.084635974740636
1,1.0
2,1.9306379930118462
0,-0.01984067492278035
0,-0.005776325480372214
2,-0.04724473214143663
0,0.0054954782139082625
2,0.013336898038149723
1,0.010064833017550399
1,1.0
0,0.046657010155238335
1,1.0
0,0.026661900845452682
1,0.4814259902486716
2,2.0273377945633277
-1,-0.06050901361523302
0,0.08862291305351641
1,1.0
2,0.03092351948771953
1,1.0
0,2.0123080675555496
0,-0.011817114133830955
-2,0.016733747179526047
-2,-0.10297309967330977
2,1.9131859541876954
1,1.0
1,1.0
0,-0.043931844151103974
-1,0.017895452512473275
1,1.0
1,1.0
1,1.0
0,1.8344635297989447
0,-0.007139195295641198
0,-0.1475848972291256
-2,0.006942358113663318
-2,0.03520197371922305
-2,0.05981954790160427
2,2.0581543023982225
-2,0.018834208114401813
1,0.08893895810091386
0,1.9161162170928556
1,0.022325625014917656
0,0.016733747179526047
1,-0.036491347266896394
1,-0.00803393599733564
1,0.005430018045982128
0,2.0074256525602654
1,0.47775855009880497
1,1.0
2,0.0524880750016199
2,0.058834854140644356
-2,-0.046377318961593535
0,1.8455048495583528
2,0.013062582720189887
0,0.011009009590473868
1,0.5191654208597869
-2,0.02278939368187424
0,0.4469000022150768
0,-0.04273404204472252
-1,-0.0013066313495663459
-2,0.0009307978262646066
-2,-0.03696182487434768
1,1.0
-2,-0.00028212949129002206
1,0.0038590535055777957
-1,-0.0276617496156616
1,-0.016399373110682916
1,-0.008000096185884794
1,-0.007798768800414673
3,1.9921039725297203
1,1.0
0,2.025428474013746
-2,0.04971102365551871
-2,-0.04724473214143663
0,1.9923103400573867
2,-0.11356969717523065
-2,0.023349017736717728
4,1.9294879556553746
3,2.0611506859502096
1,0.04077979557050835
-1,0.003309226426811961
2,1.8995193560311736
1,-0.016999234459157728
2,2.256818264772188
1,-0.024618838605772554
-1,0.028140718181294683
2,-0.0247315767706132
2,2.047743580521734
-2,-0.01681266618582352
0,-0.044427798743184595
-1,0.014899229464044116
-2,-0.005858490844282246
2,-0.01386313519086686
2,2.0265600099625147
-2,-0.06984083944977665
1,-0.005377089533122863
1,1.0
-1,-0.020114704885466482
0,2.00016229920186
1,1.0
-1,-0.010250719145417668
1,1.0
4,1.9594254739258372
1,1.0
1,1.0
-1,0.03452673918695912
0,-0.0551902257799935
0,1.949533043916452
1,-0.006414579125856365
1,1.0
-1,0.007561374125588957
1,1.0
0,-0.01626514729380318
-2,-0.004258639239227954
1,1.0
2,-0.07823948113205138
2,1.930617255618242
0,-0.004910051289386801
0,0.46239167847463974
1,0.01180375642688038
1,1.9675896452356563
0,-0.0034027593510020824
4,1.9825132459491082
2,2.0328301735961407
-2,0.036183756231127476
-1,0.13673320627990765
0,0.003537992482877943
-2,-0.014273781493489355
4,2.0096781559892167
-1,0.0013669077546642362
-1,0.015788100876284038
1,1.0
-1,-0.033160551821384866
1,0.08731104237776868
-2,-0.046377318961593535
1,1.0
2,-0.041220676613848845
1,1.0
-2,0.0014346878518939103
1,1.0
0,-0.03910847992809281
-1,-0.007710276175914046
2,-0.007535859760736562
1,-0.04390361527417922
1,0.022429622646939998
0,0.5188916166615387
1,0.023742328041955245
1,1.0
0,-0.015422097420656334
0,-0.025609338609581863
-1,-0.004304319500277182
-1,-0.001177893720921398
-1,0.00261941270851908
-1,-0.12771283935760314
1,-0.0411531020202033
1,-0.02972667682299614
4,1.983222375813773
-1,-0.024161521999413287
1,1.0
0,0.030363724444119562
2,2.004053835113628
1,1.0
-2,-0.02488839986541915
1,1.0
1,1.0
0,-0.0009194372634221831
2,-0.014638767704459398
0,-0.05191726524319803
1,1.0
1,-0.06263612402097579
2,0.022325625014917656
3,1.9975411040819189
1,0.012877630921685139
-2,0.13673320627990765
0,-0.10331482677969575
2,-0.08057993663959621
1,0.4320822313915925
1,0.668505647563645
1,1.0
1,-0.004088165536167148
1,1.9620187676557919
0,-0.039973223314685266
2,-0.03498913819349523
1,0.003276702137122244
1,1.0
-2,0.02808221237366028
1,1.0
-2,-0.011709626686107947
2,2.007205020935156
0,-0.012171412217025019
0,2.0061186071677124
1,1.0
1,1.0
-1,0.001662901944050385
2,-0.022655299501594405
2,-0.1287473778425773
2,-0.184593460209609
-2,-0.0034123788909335606
2,0.03213860231000072
2,1.8699191371174169
0,1.9507443993851614
3,1.9283021066827133
0,1.9348184056931077
-2,-0.09828236449991958
3,1.875412738739056
0,0.01136378143854551
0,-0.055959619252831605
1,1.0
1,1.0
2,-0.009728283339750765
1,0.001695634901261788
2,-0.04711348545910319
0,0.010559820705179641
2,-0.010516437763087692
1,0.016013899492651737
-2,-0.044038886210714924
0,0.02867259275418613
0,1.915146661295854
0,0.01471736624231734
-1,-0.04845623868757282
1,1.0
2,0.0022633618796811398
0,-0.040668637782253846
-2,-0.004258639239227954
1,1.0
1,1.0
-2,-0.12189724360682544
3,2.0155408973516056
1,1.953564169660976
-1,-0.05063004838121347
0,-0.03671097726147973
1,-0.008000096185884794
1,-0.003598666218873224
-1,0.005524959117667551
-2,0.001695634901261788
0,0.49335363463166365
1,-0.03162033044530451
-2,0.160731341589344
1,1.0
3,2.0437198688647813
1,1.0
2,1.9922741002444253
1,1.0
1,1.0
-2,0.05014750035886583
2,1.992149481895665
2,-0.056194854945276734
1,-0.04139901762708357
0,2.064396551672342
0,0.03520197371922305
1,-0.010516437763087692
-2,0.0014802650279894993
2,2.17195066472471
-2,-0.046377318961593535
-1,-0.024291240480887356
0,2.0442874329544516
2,-0.034868704401211835
-1,-0.039973223314685266
1,0.015877014708130615
1,0.11206286161346465
0,0.5554543098214699
0,-0.03847193162811251
-1,-0.03193935813161952
1,1.0
2,0.009505766410752117
1,-0.0007124005613967758
0,0.01006918563640693
0,1.9719440520198201
4,1.9464100698631264
0,-0.0036545801440507554
-1,-0.009451806718144518
1,1.0
-2,0.13032501558956408
1,1.0
0,0.001955715922656507
-1,-0.013008606739808809
-1,-0.05581369567216097
-1,0.023411219417244906
-2,0.03092351948771953
3,2.1479429542677293
0,0.03591756474649714
2,0.02403329968789764
2,0.022411691665592363
-1,0.0524880750016199
1,2.0117122301680888
0,-0.027183896827338672
2,-0.11591648563561739
2,1.9565905500846643
-2,0.09300505319641682
2,0.014899229464044116
1,1.0
2,0.02403329968789764
1,1.0
-1,0.023709002419452174
3,2.0448558064125804
1,-0.030931402540679435
-2,-0.024645505370022164
1,0.5007831064307422
2,1.9333447375750754
-2,0.02838089678819612
-1,-0.042152872675357916
1,0.42736847470947664
2,-0.005481079141901622
2,-0.026413637866106402
1,0.010307177653756045
-1,-0.0384483178767898
1,2.0338271681636346
1,-0.013509681450486503
-1,0.03485443948819095
0,-0.06322900559317077
4,2.114695874878881
4,1.9249533728463684
2,-0.05617650808484824
3,2.3015540118245226
1,0.011956334273681818
-1,0.05053523010003649
2,-0.033123328701603255
4,1.9649948280652456
2,2.1142178071196454
0,0.06575312986429889
1,-0.013829004799103463
-2,0.019636489110514046
2,1.9742111293783244
2,0.0001649331353750183
1,1.8133956620631881
-2,3.959425673087394e-05
-2,-0.040668637782253846
1,1.0
0,1.9609896860901166
1,-0.07959806229778382
0,0.03455778628186085
1,1.0
0,0.48226014118899146
3,1.9274255169922614
2,-0.03271438283995666
1,1.0
1,1.0
1,2.0520976419140284
1,0.03351482279145703
1,0.03092351948771953
1,0.02688002196510133
1,-0.01672777356735593
2,-0.0076313907759917934
3,2.0521770074349566
0,-0.01883826671867661
0,0.023384115196023875
0,-0.006494575289905225
-2,0.02575409518002763
1,-0.03227981548228474
4,2.0930754216006413
1,1.0
4,2.052255617755947
0,0.4872898785054655
1,0.05103962873435131
-1,-0.0048409073335294525
1,0.01849311941028551
4,2.433251239310884
0,-0.067341762793037
1,1.0
2,0.007814905249928483
0,2.1447775811895906
0,-0.039973223314685266
1,0.01308252789585594
1,0.4932918905558061
2,1.8737953366893956
1,0.0054954782139082625
0,1.997820770397632
4,2.010140155584495
2,-0.011081962108940082
-2,-0.011525534307815458
2,-0.007498610449844247
-2,0.002488590698656822
2,-0.07155084629903813
0,0.4496059367970846
1,0.023528883312718945
0,-0.0049212976900669244
1,1.0
2,0.004909887047037396
-2,-0.004304319500277182
0,-0.0040217840579525425
1,-0.03084636906034698
0,-0.006481301214429457
-1,-0.04898418939384484
0,0.014155079096181848
0,2.0167476523096184
1,1.0
1,1.0
2,0.027868246295580917
0,1.9620187676557919
-1,0.02794628333075793
0,0.04518030128290018
-2,-0.011576870509412291
-1,0.006608513776858783
-1,-0.011198886838780777
0,0.005080477525447954
1,-0.05762890917866624
2,-0.013457395187899174
-1,0.026252616570297614
-2,-0.08315330682688636
0,1.946897063796058
0,1.991914484690187
0,1.9374787987143665
1,1.0
1,-0.03226962304864724
-2,-0.02179463609092065
2,-0.07262273198967936
1,0.007615169395197619
1,2.0242081198188107
2,0.045270444510087764
0,0.43962136442162847
1,-0.004860331400860989
0,0.44336332891987273
2,-0.006293344214284754
-1,0.018168401529854074
2,-0.02104750360749319
1,1.0
-1,0.01687179748767456
1,0.07037280074736976
1,-0.01349665519129246
2,-0.003651020686343291
1,1.815981453229418
1,0.010154189832818534
0,-0.022716430774678272
-2,0.0022695324566115384
2,-0.10331482677969575
0,-0.028514520765000856
1,1.0
3,1.9903736723261858
1,-0.007240509603280273
-2,-0.010963099920124985
1,0.005864212575913384
0,-0.020539282087093155
1,1.0
1,2.007261818785637
1,-0.02692557951163686
0,0.0054900391863058565
-1,-0.0031754411085496478
2,-0.03070857102994224
2,-0.02159077628608854
2,1.4934541371173458
-1,-0.057560491726505535
0,0.5599291786938495
2,-0.012171412217025019
0,0.06688604041361906
1,0.00578215129385085
-2,-0.0004238854488431289
1,0.012877630921685139
2,0.0289274735405856
-1,-0.07753024955951597
-2,-0.0093064789331992
-1,0.02765284771756462
0,-0.05732141357475668
0,-0.0012010497745688657
-2,0.004728283268795881
-2,0.049907276797947576
2,1.9352252469160651
1,1.9158454574331645
0,0.06566122580316425
-2,0.029036578406394953
2,0.035386791254870584
1,2.256818264772188
-1,-0.14970243371685288
1,1.0
1,0.013062582720189887
2,-0.16291476169248587
-1,-0.01795017737036225
1,1.0
-1,0.04429901219309877
-1,-0.057560491726505535
-2,-0.004130949147704877
2,-0.004945336139439815
1,1.0
-1,0.02774123560714927
1,-0.0013204672074496498
0,0.0011526402408111452
2,-0.0060680003018978275
2,-0.04619855854302411
-1,0.012063380280813026
3,1.9519493626891102
1,0.025443688543761972
0,0.021326343218596257
2,1.8288946814868876
1,1.0
0,-0.023930445759096072
0,2.0054148145158983
1,1.0
4,2.0621377074248817
1,1.0
4,2.157619964799314
-1,0.015361877147687329
1,0.02615840390503589
4,2.1245823733138947
-2,-0.1755969245510262
-1,0.011668585814578684
0,-0.02104750360749319
1,1.9817383917982312
0,0.059481568844382195
2,-0.03160502376570316
0,2.033872697632641
2,0.059132727084574774
-2,-0.046284943032232226
1,0.39128020616301457
1,1.0
-1,-0.036536555033114426
0,2.06020815334752
3,2.0452383862984607
-2,-0.03727367476028072
-2,-0.010481797077553869
0,-6.673304114073665e-05
1,0.005114800878050163
1,1.9989097462672654
-1,0.03438595359593211
1,1.0
1,0.04167501779977461
2,0.018481918097044935
2,-0.025632139984177713
2,0.013728907017830996
-2,0.04920232449094818
1,1.0
-1,0.006816791339126633
1,1.0
1,1.0
1,1.0
1,0.006942358113663318
2,-0.015067521355943324
4,1.9014795572000738
1,-0.024046222886004682
1,1.0
2,-0.024046222886004682
1,1.0
1,-0.02226774918857228
2,1.9525335715163417
0,-0.004162528875529827
-2,0.022477278896092624
-2,-0.010991573196438278
1,0.4916168391523147
-1,-0.02911371876020398
-2,0.016117181548315106
1,-0.06078722734630435
-2,0.04077979557050835
0,0.005875710511017991
-2,-0.022189823277386597
1,1.0
0,2.0650742891408185
1,-0.0024291109977293067
1,-0.013198678346857014
2,0.01357474656922609
1,-0.08053783162446311
0,0.580232679010442
0,0.4892340785006435
-2,0.0019569859717643422
1,1.0
2,-0.03498598400556818
-1,-0.0268956162828102
0,0.006942358113663318
2,1.9297049307316874
-2,-0.0029832032557617384
1,0.006900341378776913
0,1.9593614888010518
1,1.952519828576256
-2,-0.0072528990268326465
1,1.0
1,-0.008469145391751027
1,-0.011343640001197858
1,1.0
-1,0.023972230238934536
2,0.04014409610905696
2,1.9253734486792453
2,1.9386426223971196
0,0.023742328041955245
-1,-0.009093960200406917
3,2.0345229297971734
1,1.0
1,-0.032956663340533786
-1,0.07473643850650696
1,-0.0411531020202033
2,0.03368816434178682
1,1.0
1,2.006752517461986
4,1.9657504652790792
-2,-0.008301763981843104
1,1.0
3,1.978019897476099
1,1.0
-1,0.002236094674775907
1,0.08902829534456796
1,1.0
1,2.004862542912272
1,-0.021407612422379863
0,-0.0012650125616840758
1,1.0
-1,-0.09861272567893083
1,-0.011198886838780777
2,0.042836072401722006
1,0.47863018887141906
-2,0.04709912405694622
2,0.02674571284702149
1,-0.03897080949360582
1,1.8828593759677792
-1,0.006942358113663318
0,-0.016999234459157728
1,1.0
4,1.9550984974128218
0,-0.00047071625197908764
-2,-0.005438752356636359
0,0.009153888736802597
1,0.41852336200691936
0,2.022230875702616
0,1.9672818308343076
1,1.0
1,1.0
1,2.038353736860976
2,-0.020387547579065326
-1,0.005645701166506426
0,2.0741666569992785
1,1.0
0,1.9640258206119026
-1,0.029036578406394953
4,2.0416935009135355
-1,0.0638668878305194
0,0.004897352567266171
1,1.0
1,0.4515349242406924
-1,0.06347670902802759
1,1.0
-2,-0.0034342910341800315
-1,-0.011709626686107947
0,1.9769141344092611
1,1.0
-1,-0.0060680003018978275
3,2.01817168106084
1,-0.0040217840579525425
1,1.989992567240304
4,2.00026977715694
-2,-0.004869545796451342
-1,-0.04008507235222294
0,2.0246255948093603
0,0.12176264191338766
0,-0.0040217840579525425
4,1.9527414625382848
4,1.997480155191182
-2,-0.031873118820635565
4,2.1401824407595034
-1,0.04672995564542858
3,1.9820800172626836
0,0.5083893378200048
0,0.4670157492579545
-2,-0.11010817002686019
1,1.0
1,-0.01268992378852675
1,0.009660137614354665
2,-0.024707342665631155
0,2.0123080675555496
0,0.5025936660018974
0,1.9520183128336033
1,0.009630685120877159
1,1.0
-2,0.024197988261430138
1,1.0
1,2.0488711648137907
1,1.0
0,0.08015641740176913
1,-0.036536555033114426
2,-0.0014779122891491097
1,-0.027799593754300793
2,-0.08053783162446311
0,-0.00917556748970762
0,0.02575409518002763
1,1.0
1,0.021326343218596257
0,2.0709001614401576
0,0.010932892005362294
0,-0.006096180297084777
1,1.9734689101215417
1,0.044563696076531
-1,-0.006494575289905225
1,0.009660137614354665
-1,-0.040549908272799196
1,1.0
-1,-0.07460683849516564
-1,-0.0456904636619171
-2,0.02880165329441786
0,-0.04898418939384484
1,2.053494902899963
0,0.007198717025671435
0,-0.06904847887992399
1,1.0
2,-0.01997837239338664
0,2.0206670562229068
2,0.03420187867151153
-2,-0.10274619789536338
1,2.0747560928299427
1,-0.0619762853444242
-1,0.006921226879439489
2,-0.004932956614569617
0,0.029770414981082297
3,2.0829012004920138
-1,-0.0012650125616840758
1,1.0
0,1.8698449146030456
1,0.001662901944050385
1,-0.024291240480887356
-2,-0.039973223314685266
-1,0.009547127257507363
1,1.9444437292805359
0,0.07092243104828425
0,0.6337708237018479
1,1.0
2,-0.08057993663959621
1,1.896722605460515
2,-0.0095280499596867
-2,0.05014750035886583
1,1.0
-1,0.0005744663092603997
0,0.02742235386269466
1,1.0
0,0.005284751940043231
2,-0.009556012314237477
-1,0.06262270181953192
0,0.005130896602137912
0,1.8801433469017865
2,2.0593079082858896
2,1.8788695921141505
0,0.009153888736802597
0,-0.022935603163038273
2,-0.009086131652157815
0,0.026661900845452682
-1,0.04873741822630937
0,1.8835466093941327
0,-0.02237730549339729
1,1.0
0,2.0085210691808637
1,1.0
0,-0.012950579780722594
0,1.9843799352857556
2,2.0241726209173034
1,-0.01658845852708766
2,0.007867919626306842
-2,0.015951033603524747
1,1.94311397064464
3,1.9278155003510984
1,1.0
2,2.071428991539634
2,0.016975884052490363
-1,-0.04421904771019098
1,0.01006918563640693
2,-0.0009194372634221831
2,2.013670614066086
3,1.9540161804138458
1,1.0
-2,-0.027857923198279594
0,1.9493664427018433
0,-0.02726231930684305
1,1.0
1,0.002488590698656822
3,2.5077937831028616
-1,-0.04897054341839785
0,0.4257801432027857
1,0.07414080853006802
-1,-0.04273404204472252
-1,-0.021591776225930545
0,1.909721415945375
2,0.07338692918327536
3,2.026031680057265
1,1.8703531020877342
-2,0.023411219417244906
3,1.9055682987589913
-1,-0.07753024955951597
1,-0.0011297560544320582
0,1.9585198837572437
0,-0.004932956614569617
-1,0.02765284771756462
-1,0.014899229464044116
2,-0.005641886639611852
0,0.021406627324746793
1,-0.014908130676923393
2,2.019678747710673
-1,0.005284751940043231
-2,-0.06101344497548155
0,0.024197988261430138
1,2.0042374940404857
2,0.014420305071644096
1,1.0
1,1.0
0,-0.006086796009955896
1,1.0
1,0.4588159984292964
3,2.0585765516457606
1,-0.0040217840579525425
1,0.055371280659484136
1,1.0
-2,0.002236094674775907
2,-0.014162312734842218
1,1.0
1,0.010208432286256635
1,1.0
0,-0.03910847992809281
-1,0.009153888736802597
1,0.008492301110285058
2,-0.008053672481784672
4,2.0376898569602546
2,0.006134567342864918
0,0.559152374176142
1,-0.006514032572443815
0,0.028140718181294683
1,1.0
-1,0.018206459509790003
-1,-0.15238814910313705
0,0.4616680399959079
1,-0.008817294698434175
1,1.0
0,0.6712678452735308
1,0.0671934455220876
1,0.03368816434178682
1,-0.09123382641885974
1,1.0
2,2.184810983538311
1,0.04910785180106905
0,1.896722605460515
2,-0.016356814634678803
0,0.021927911582326574
0,1.9247437860544547
2,-0.02237730549339729
1,0.5280693716227113
1,1.9664096907967832
1,0.036183756231127476
1,1.0
2,2.022483353196488
1,-0.04887206833633481
2,-0.0661021904275792
1,-0.13381137041070368
1,1.977751996745209
3,1.9185721724310656
-1,-0.026413637866106402
1,1.9714029850370707
-1,-0.0036274000967628293
-2,-0.007710276175914046
0,1.9890910430096034
0,1.9208407394513611
0,0.031904126765342176
1,1.0
-2,0.010559820705179641
1,1.8840075032636323
0,1.9975471208343694
0,2.008290147437891
-2,-0.05288973896971192
2,0.00774941298009015
-2,-0.0076313907759917934
0,0.4779994026331297
1,1.0
2,2.0416089537514193
0,-0.020712693209141916
3,1.978019897476099
2,-0.027183896827338672
3,1.985965354925697
-1,0.02403329968789764
1,1.0
1,-0.028076560288962184
-2,0.0012501148881276006
2,0.04534033464637689
1,0.005229199118006764
1,1.0
0,-0.009463171126247089
-2,-0.015459640426566446
0,-0.05657003215042645
2,0.0012501148881276006
0,-0.03718702089786699
-2,-0.00656438736812756
0,0.006900341378776913
-1,0.029036578406394953
4,1.9791480855959127
1,-0.02041435327792553
1,1.0
0,0.05161295331843003
1,0.44006879660016446
0,-0.0036274000967628293
4,2.005887371885994
-2,-0.0036274000967628293
0,-0.016999234459157728
1,2.065987117929431
-2,-0.006585826032229226
1,1.0
0,2.1286841859278742
2,0.01220865098655569
0,0.01961793325712319
-1,0.0019977222038350248
1,-0.02302836822926296
-2,-0.008439474456378883
2,0.008502874206302158
0,0.4932816580547444
-2,0.039557002278117
0,-0.005014881401871555
-2,0.055518706715288975
0,2.050073843922884
-2,0.1317361638928217
1,-0.010332757577539287
1,1.9870432024066362
1,1.0
1,0.039557002278117
4,2.034881224095431
1,-0.21155832419568146
-2,-0.012004231635563318
2,0.010160048378976777
2,-0.09362510954051308
1,-0.15737589393069756
0,-0.02650903340861602
0,1.9444437292805359
1,1.0
2,-0.03991342795465511
1,-0.009923876141235088
-1,-0.053268889152255465
2,1.931477810511687
1,0.059481568844382195
3,1.9111181462973743
-1,-0.0008247831310359416
-1,0.004671203226012063
2,-0.05019626655758688
2,0.236745737163047
0,-0.014070240855191868
4,1.9451470019829449
2,0.007126171616321151
-2,0.007971604914132732
1,0.03339925946290172
-2,-0.025721406725321434
-2,-0.0015795289941101314
2,-0.054999616079556383
1,0.05103962873435131
2,-0.0026794731709637626
1,1.0
0,-0.008791975143306601
1,-0.015422097420656334
1,0.0034138228487587863
-2,-0.018934610107037956
-1,0.00456663796589336
1,-0.0009387823102381658
-1,-0.04294728484802267
1,1.9531785554386087
1,1.0
1,1.0
0,0.42807790351971486
2,-0.05252805702850751
2,1.956108577713387
1,1.0
-1,0.027868246295580917
2,0.0275448693770951
2,2.022483353196488
1,0.010830482686007607
1,1.0
1,1.0
2,-0.027025179059229368
2,-0.06989304712487807
2,0.0038208898707391757
1,1.0
4,1.9074181832388422
0,0.0004516252309004658
0,-0.022189823277386597
1,0.4549026512267009
-2,0.009547127257507363
1,0.011782580916051806
1,1.9437861559365226
1,0.022796763685736927
-2,-0.02002999406777025
1,-0.14903915336754733
1,1.0
1,1.0
-1,0.04873741822630937
2,-0.09609732162057545
1,0.022477278896092624
-2,-0.07823948113205138
0,2.008210099022848
0,0.0289274735405856
-2,-0.05415415087828165
1,1.0
1,-0.03586222054982616
0,0.015450391027570723
0,0.043497260250131446
-1,0.0038590535055777957
-1,-0.015459640426566446
1,1.0
0,2.0494431565766984
1,1.0
4,1.9397356066262217
0,-0.057560491726505535
1,-0.0020755692425638763
-1,-0.0054295465253504345
2,-0.013198678346857014
2,2.07396411804717
-1,0.06872757780452679
-2,-0.016513929045919667
1,0.05749975220527511
1,0.00838910182954182
0,-0.03174467570813897
2,0.02859343984507824
1,-0.025609338609581863
1,1.0
-2,-0.028968451738495
-1,0.028553112084152402
1,1.0
-2,0.007156095212943391
1,0.005864212575913384
2,0.02903588738754982
3,1.8708053697247486
-2,0.0037944546514151567
3,2.068618593908748
2,0.0022633618796811398
2,1.9854145645576966
-1,-0.011841615891723327
-2,-0.008000096185884794
-1,-0.012918785256693616
1,9.62699206121011e-05
1,1.0
1,-0.03505812218572227
-1,-0.005508621020536452
0,0.022303689120808965
0,0.45529780338709464
-2,-0.016999234459157728
2,2.015090299739455
-1,0.06428215474774504
0,0.2556379083196579
1,-0.023191053765512656
1,-0.015901481485326528
-1,0.0002815284900660159
0,-0.030126034831698484
3,2.2504837689840382
-1,-0.005846561136671679
1,1.0
-1,-0.006302488074174365
1,1.0
2,0.0038650814732446638
0,-0.04115201822883864
1,1.0
1,1.0
2,0.035470232658521
2,1.9600731147762505
2,2.0596367982192527
-2,-0.014908130676923393
1,-0.0030459130599469054
-2,0.08862291305351641
1,1.0
-2,0.045569314291181565
1,-0.06259374903152785
1,1.0
4,1.923977239043066
2,2.0767860517106174
1,2.000413446967933
2,0.0021983606059816363
1,1.0
-2,-0.07753024955951597
0,-0.061550851410877384
1,1.0
-1,-0.11386946284892174
2,-4.818484869398336e-05
2,-0.020760692637579584
-2,-0.004809084681674796
2,-0.03235635241380048
-1,-0.04724473214143663
0,-0.011827905096388605
1,1.0
1,1.0
2,-0.02525269595106808
1,1.0
4,2.0684859940142895
-2,0.03452673918695912
0,-0.013712630793434901
1,0.0037262491774852093
0,2.0322819603269364
-2,-0.010963099920124985
-2,-0.015422097420656334
-1,-0.11433559166810339
1,1.0
1,-0.0034027593510020824
-2,-0.05357733778891447
-2,-0.00803393599733564
1,1.0
2,-0.028076560288962184
-1,0.06595432998348108
-1,-0.002957186322852683
1,1.0
1,-0.016447969511119407
1,1.0
0,-0.015422097420656334
-2,0.0038208898707391757
2,1.9318245711770075
0,-0.006086796009955896
3,2.0024055798316134
4,1.9688963578503473
2,-0.01910482518586454
1,1.0
0,-0.031078057153382785
1,1.9535712468878221
0,-0.016999234459157728
1,0.0018409241781793464
4,2.0057194600454245
0,0.45518939716280454
3,2.0298130904150384
0,0.45983641535996156
1,-0.0261070912104417
0,0.031920130598108984
2,0.005645701166506426
1,1.0
1,0.0004085560361317139
2,2.0408731746564395
0,0.03939585779039004
1,-0.06101344497548155
1,-0.01386313519086686
1,2.024554962602237
2,2.0381515309809224
2,0.021133774277070968
-2,0.0671934455220876
2,-0.06259374903152785
0,0.5122938333050435
1,-0.015459640426566446
1,1.0
2,2.0090114060005746
1,0.013823219883581489
2,-0.022640874296938632
1,-0.016045309974225517
3,1.9849481857362767
1,-0.035852835506456265
2,-0.022622250035536223
0,0.0004085560361317139
2,-0.036974631712616765
-1,0.0019977222038350248
2,1.9456452531484758
1,1.0
1,1.0
1,-0.02130366418077241
1,1.0
4,1.8922222623431295
2,1.9656083677497855
-1,-0.010226667448910041
1,-0.020923333318239083
2,-0.017763739182420402
1,1.0
1,1.0
1,0.4302461329853637
-1,0.06428215474774504
1,1.0
2,-0.0024291109977293067
-2,-0.002575515920724142
1,0.01357474656922609
-2,0.1400079171575048
3,1.9884574941781574
1,1.0
-1,-0.028510098381497317
1,1.0
-2,-0.06216137883399915
1,1.0
4,2.0177799396874017
1,1.0
2,-0.03179262729632508
1,2.0684859940142895
1,2.025765794647407
0,-0.025632139984177713
-2,-0.008439474456378883
-1,0.03710863089414774
0,0.020163114191274714
-1,-0.022640874296938632
0,0.0014346878518939103
1,1.9182233670142443
-2,-0.007240509603280273
-1,0.11206286161346465
2,1.9201091604638503
1,0.3269942866773704
1,1.0
-1,0.04022895997061991
-2,-0.0093064789331992
2,-0.034902365859327794
0,-0.012004231635563318
2,-0.0475785980065581
0,0.5456486954044822
-2,-0.011765171730286078
0,-0.033123328701603255
4,2.032733659876384
3,2.0439296973967496
1,1.0
1,1.0
1,-0.0093064789331992
-2,-0.0038621347654635304
-1,0.038465960915867445
0,1.9025494015796334
1,1.0
-2,-0.0034342910341800315
0,0.0433281446387984
4,2.1863040585830937
3,1.9621042845371877
1,0.010706820469018285
-1,0.026701752108281164
-1,0.004089280545480498
1,1.0
1,1.0
1,1.0
1,0.0357642605601322
-1,0.02232768679562772
-1,-0.013115944863313052
1,0.008492301110285058
1,-0.022716430774678272
0,0.019439218089416968
2,-0.03362176130407122
1,1.0
1,1.0
1,-0.13844621891620615
2,-0.020098771541025323
2,0.02029026705474115
1,0.45437297171193236
-1,-0.02358909674564899
1,1.0
2,2.018849952683347
1,0.006921226879439489
-2,-0.07845173934122432
1,1.0
-1,-0.085857266408179
-2,0.032511011380241026
-2,0.0008681559861151432
2,0.017725365271887745
0,1.9656808704472644
0,-0.016875152254096377
2,0.030149389259865843
4,1.9616998723517265
2,-0.0093064789331992
2,-0.04315534270831759
1,1.8769213213463498
2,1.9743379406830253
1,-0.1114847965254848
1,-0.005291363909446586
3,2.0117234171735263
1,1.0
1,1.0
1,-0.0423158416838949
0,-0.07959806229778382
2,-0.027208857894481627
1,1.0
-1,-0.04069065387149309
-2,-0.020464144192720485
2,-0.05361994428935905
2,-0.033123328701603255
2,1.9435543959353394
0,0.5224284152579277
-2,-0.05113097172685181
-2,0.05609010692130848
4,1.9265389380800804
1,-0.046377318961593535
1,0.010559820705179641
2,-0.01822772580127466
-1,0.06872757780452679
-2,0.05014750035886583
1,0.5195324325734851
0,-0.008111214787247552
2,2.0132068590323953
1,1.0
1,0.010213535835617753
1,-0.08057993663959621
-1,-0.008498930612090767
-2,-0.0030459130599469054
1,1.0
2,-0.012171412217025019
2,-0.0093064789331992
1,1.9721137690917585
2,0.018686145865803062
1,-0.02051136660144534
1,2.1786837630178395
1,-0.027183896827338672
0,2.1210439597393265
0,2.1541379332109614
1,-0.06360618573006023
-1,-0.0504661695636632
-2,0.07216016391212605
3,2.024791562295357
1,2.0259126117888666
2,-0.014009142390621407
1,1.0
0,0.004352201449063525
2,-0.005846354933789023
1,-0.0875618481565173
1,2.0295524939554155
4,1.9674580588529356
2,2.1861477890938064
-1,-0.022716430774678272
0,-0.046377318961593535
2,1.9697107684738284
2,2.1201821084126924
-1,-0.09294333097437489
0,1.9640258206119026
1,-0.01642610672721694
2,-0.020360649431310024
2,-0.03708649409341535
-2,0.043497260250131446
3,2.050073843922884
-1,-0.004162528875529827
2,1.9559279669912586
0,1.9503561566503287
1,-0.03267953288537623
0,-0.047174981631050515
2,2.0087477202393225
0,0.20180941260632057
1,-0.11358980496377928
0,0.0037262491774852093
-1,0.3180645557184311
2,0.05161295331843003
-2,-0.008371542450236224
2,0.0054900391863058565
1,1.0
-2,0.03452673918695912
1,-0.03362176130407122
1,1.0
4,1.9565510576237097
0,-0.019837613563863123
4,2.015717148343171
1,0.4821216789622626
4,1.9744106179652463
-2,-0.13800291571432177
-2,-0.01386313519086686
-2,0.05103962873435131
0,2.0206670562229068
-2,-0.0048409073335294525
4,1.8986396256519478
-1,-0.008498930612090767
1,1.0
1,1.0
0,0.3441726886936445
-1,-0.004141937654147517
0,-0.02430092681635427
-2,-0.03586222054982616
1,1.0
-1,-0.02231886568834494
1,1.0
1,1.0
1,0.05161295331843003
-1,-0.027440525148393995
1,2.0123080675555496
1,1.0
1,1.0
0,0.020671552020651313
2,0.028553112084152402
-2,-0.0547371408811817
1,1.0
2,0.026661900845452682
0,0.4588159984292964
1,0.48681479123502475
-1,-0.0093064789331992
1,1.0
0,1.9340420370388747
1,1.9225758050177952
1,-0.023658340982707166
1,1.0
4,2.0423050384554444
2,0.010160048378976777
1,2.021631820442002
0,-0.004141937654147517
-1,-0.001484570782736851
1,1.0
1,2.0052041509659775
1,0.005873390251638665
1,-0.011895654318939988
3,2.0972156179864445
1,1.0
1,0.0014802650279894993
-2,-0.02253177641218989
0,1.9536764276140832
0,-0.02494392805072774
0,0.04709912405694622
1,1.9507443993851614
1,1.0
2,2.0395808531978816
1,1.0
2,0.09118176467322167
2,1.9140968646035805
3,1.9749714994171672
1,1.0
1,0.479669473527785
0,-0.006025151283855556
1,1.990264475633224
1,1.989992567240304
4,1.949533043916452
1,1.0
0,1.9770687319651052
0,-0.023796511017207634
1,-0.007514545177191264
1,-0.05197794036747402
3,1.826146887317278
-1,-0.005291363909446586
1,-0.019828437697516594
0,2.0818964120490864
-2,0.023709002419452174
0,0.027395981817563326
1,-0.025948353072132918
1,1.0
1,1.0
-1,-0.01795017737036225
0,-0.014070240855191868
1,1.0
0,0.6551968215127008
-2,-0.06480812864217783
0,1.9764717772573388
2,2.024554962602237
1,-0.0054295465253504345
4,1.9973997573232365
1,-0.015459640426566446
-2,0.029256691906444813
1,-0.02858746525552745
1,1.0
0,0.006905102122267016
-1,0.05431337775126774
2,0.0019977222038350248
1,1.9317036808068755
0,1.676556094730665
1,1.0
0,1.9597118441076882
-1,0.03092351948771953
-1,-0.07860903902981119
1,0.027325102201065436
-1,0.021931957459513395
1,-0.01681266618582352
1,0.46393774803662985
1,-0.03419140164147611
-2,-0.006728039712921254
2,0.0125753179719218
3,2.014386338476941
1,0.01615736620107344
2,1.915146661295854
-1,-0.04724473214143663
1,1.0
1,-0.07823948113205138
0,1.9891809697115663
1,1.0
0,0.427531880004044
1,1.0
-1,-0.05769805748928301
0,-0.03235635241380048
-2,0.0671934455220876
0,0.039347622269071264
1,1.0
0,1.8865511885923254
1,1.0
1,1.0
1,1.0
-2,-0.03648469301745645
2,1.7919562622111733
0,-0.030753444777559476
2,0.032559964268015607
1,0.01357474656922609
1,-0.02730693238029448
-2,0.007126171616321151
4,1.9352502501089373
-2,-0.011841615891723327
1,0.569768257527028
1,1.0
1,0.008012957294116002
1,-0.03991342795465511
4,1.9668846533948732
1,-0.031259856032040546
1,1.0
0,0.49166206708664734
2,-0.011765171730286078
0,1.9427343281900937
2,-0.011198886838780777
0,0.006900341378776913
1,0.02510439509397249
-1,0.06007965680514717
1,1.0
1,1.9577993471329846
2,0.016675259836029157
2,0.02465870619109009
0,0.011956334273681818
0,0.012884473543785836
-2,-0.028585965320400385
1,0.40295021947169873
1,0.005284751940043231
0,-0.02532827635094764
0,-0.014764677072100408
-2,-0.034318242527649916
0,-0.014785175508288199
1,2.0422102143307814
1,-0.0029832032557617384
-1,0.05625815094969115
-1,0.0017790805173349834
2,2.0768857437842
2,-0.0034698179149716636
2,-0.002337620078631823
2,-0.006790194698363442
1,1.0
1,0.039980339947627154
1,1.0
0,-0.029508442771428545
0,-0.01697596629723246
1,-0.014009142390621407
4,1.7220668215659491
-1,0.0019221921013433544
-2,0.013404032633355935
1,1.8769526849673832
-1,-0.009270021831738095
4,1.9076438281134604
-2,-0.018161822517407646
2,-0.0852722009269907
1,1.996927161509464
1,-0.05732141357475668
-2,-0.0143857728265869
1,-0.12771283935760314
1,1.0
3,2.0256221062384174
1,-0.04443060843850601
-2,0.02922259884328547
-2,-0.01659841650413073
1,1.0
1,1.0
1,1.0
-1,-0.03160502376570316
1,-0.031078057153382785
0,-0.01822772580127466
-1,-0.031372046434643426
1,-0.012206389024798434
3,2.055834350574841
2,1.9182033321618854
-1,-0.027863621037158403
1,1.0
-1,0.00762098735267537
1,1.0
-2,0.05275604616820737
-1,-0.06659971552469902
0,0.470119777318283
2,-0.07178806381056194
2,2.054286201353982
0,-0.0014779122891491097
2,0.01548503986536287
1,0.0008681559861151432
-1,-0.013829004799103463
1,1.806662317476401
1,1.0
1,1.0
-2,-0.0076313907759917934
1,0.3807806546798518
-1,-0.01268992378852675
1,1.0
2,0.007625815458044983
-2,0.0031551235603534704
1,0.5161151104095993
-1,-0.07045928440444199
0,-0.020774832956145472
-2,0.01143636977652258
-2,-0.018417907271572644
-2,-0.058477507494241576
0,0.014039559748470067
3,1.9606279021164374
0,0.018670790408401264
1,1.0
-1,-0.026487969723335777
1,1.0
2,-0.03607754055010931
2,0.013823219883581489
1,1.0
0,1.85950104239182
4,2.031420416403169
1,1.0
-2,-0.03279929966558866
1,-0.006401638939690879
2,0.018834208114401813
2,2.0070878539969117
0,0.043497260250131446
2,0.01615736620107344
1,-0.036262378711118474
0,-0.007798768800414673
0,2.0378083471381907
2,0.008475420165807044
-1,0.020150102826637963
0,0.4905789476003545
2,-0.025773072694211266
-1,-0.04919988645847033
4,1.9367393073380228
3,2.024898595664639
-2,-0.00041370948259053124
3,2.0631050874078656
2,2.018489030401042
-1,0.00578215129385085
-2,0.07953341366599881
-1,0.05991273220487727
1,1.0
1,2.2525124431651626
1,1.0
2,-0.018161822517407646
-1,-0.03855158257844711
-2,0.02397310557314019
-2,-0.04720641374340415
1,1.0
3,2.0375184384253604
3,2.0711938687282525
-1,-0.04421904771019098
0,-0.002426760533904831
0,1.9862668199430962
1,-0.005806610628349878
1,1.0
1,-0.023200924601304823
2,0.2882951367510168
1,1.0
-2,0.01837098790384313
1,-0.012171412217025019
-1,0.011956334273681818
-2,-0.016316792243372034
1,0.018280417805054013
1,1.0
1,0.3865408788104172
-2,-0.03696182487434768
0,9.62699206121011e-05
1,1.0
1,0.012262131403270829
1,0.0008963366061012645
-2,-0.024632577303535155
1,0.002236094674775907
-2,-0.004141937654147517
-1,-0.018370074642743886
-2,0.00578215129385085
2,-0.020596380183466517
2,1.9555725856479722
-2,-0.025773072694211266
2,1.99463244960959
1,1.0
-2,-0.035556277836241
1,1.9915013295897201
-2,-0.02865994769697741
-2,-0.00028212949129002206
0,-0.0628701446329088
2,1.8920739284569503
-1,-0.00656438736812756
1,0.49305449098776144
3,1.9901875940744715
1,1.9744335340568333
1,0.0019569859717643422
0,-0.2238226569093934
-2,-0.05895085547182208
-1,-0.03160502376570316
-1,0.08689388940108562
0,-0.0093064789331992
4,1.9434599779105333
0,0.025443688543761972
2,-0.00437155768712852
0,0.48304659149284573
-1,0.06680307711429571
1,1.0
2,0.006585361059830718
1,0.036183756231127476
1,-0.006432935904595915
1,0.001695634901261788
1,1.0
0,-0.0036274000967628293
2,0.0654857910110914
-2,0.10166248224577902
0,2.071428991539634
-2,0.03600257800173166
0,-0.029508442771428545
1,0.07685910688321625
1,1.0
1,1.915146661295854
-1,0.001970542619036666
3,2.101743384100165
1,-0.1732122107258804
1,-0.017049594419086364
1,1.0
2,-0.008616902864181451
2,-0.05267815398473791
1,-0.006302488074174365
1,1.0
-2,-0.013904659563619344
2,-0.007139195295641198
2,0.0031551235603534704
1,1.0
0,0.008498041111698147
1,-0.004809084681674796
0,-0.03976632032962283
3,2.29580566101478
-1,0.07330590275148277
0,0.48934193093185707
0,0.03591756474649714
3,2.3027870775577948
1,0.007817315300137061
-2,-0.004406078993046727
1,1.883329431624069
0,2.003814317338197
1,-0.1732122107258804
4,1.9868312982386278
-1,-0.05019626655758688
2,-0.008688819289845216
2,-0.02742331269436147
2,0.013671265086862278
0,2.0305526926927833
3,1.943063991562465
2,1.984262036455967
0,-0.031161403814242736
0,-0.012206389024798434
1,0.5483817826140305
2,-0.016999234459157728
0,0.4379042357945113
-1,0.05682149237001483
4,2.0898103134490618
0,0.005284751940043231
0,0.4864261087259169
2,1.9226258343915055
1,1.0
1,0.029036578406394953
1,1.0
-1,-0.0076313907759917934
2,2.2474595100309513
1,1.0
0,0.007413555210168756
0,1.8993728681606765
1,1.0
2,1.9701571013217776
-2,0.04551437771577944
1,1.0
-2,0.08034475058422952
0,0.004878486362238688
0,1.9462835393138145
4,1.9247437860544547
-2,-0.027487831156217085
-1,0.01148450808673597
0,0.03021377930805934
-2,-0.03160502376570316
-1,0.004011149003166375
-2,-0.016410157117746408
0,2.13513400207075
-2,-0.03160502376570316
1,-0.033123328701603255
1,1.0
0,1.9640258206119026
2,-0.0013066313495663459
-2,-0.024645505370022164
0,2.054208229971145
-2,0.0017790805173349834
1,1.9523467894834141
-1,-0.027857923198279594
4,1.9683386693144842
2,0.0289274735405856
0,-0.052649956621026554
1,2.040743449767863
0,0.005873390251638665
2,1.8892112165773347
-1,0.009702088675595905
2,-0.018161822517407646
3,1.9782011094921002
-1,-0.043931844151103974
2,0.005893520944316608
0,-0.009086131652157815
2,0.016013899492651737
0,-0.08630647474797272
0,0.03874488758909492
2,-0.008326921811811008
1,0.06078909575009241
-1,-0.05288973896971192
1,1.933461110985304
1,1.0
2,-0.035556277836241
1,1.9480460366992145
1,2.0806372570426235
-2,0.1531473004718341
2,0.05049787625657109
1,-0.05288973896971192
1,1.0
0,1.9537703628024707
1,1.0
1,1.0
4,2.0148096287848976
3,1.6399272839253995
1,1.0
0,1.9251634808135412
0,-0.0038621347654635304
1,1.0
1,1.0
1,1.0
2,0.0873181424183933
-1,-0.024001215787337497
-2,-0.007514545177191264
1,0.45883633931984263
1,1.0
0,0.007971604914132732
2,0.059481568844382195
1,1.0
1,0.008721473511957005
-2,0.013940112465032099
1,-8.346082155448229e-05
-2,0.009943623934073068
2,0.004909887047037396
1,1.0
-1,-0.017049594419086364
1,-0.027025179059229368
2,0.019296324315372572
2,-0.14592041828741492
0,0.0008681559861151432
-1,-0.016399373110682916
1,1.0
4,2.005383863163664
2,1.9962499317371352
1,1.0
1,1.0
0,0.0016065398108482062
1,1.9436149628085218
0,1.9286390946371512
-1,-0.09453676188793785
-2,-0.013509681450486503
3,2.184610776538438
0,0.0137745845681831
3,2.0944290490104094
1,0.0019977222038350248
1,-0.016387015855143027
4,2.2302157858024043
2,1.8256485820776087
2,0.008012957294116002
-2,0.0357642605601322
1,1.0
1,1.0
1,-0.005303579805613724
-1,-0.02603921756961445
1,1.0
0,-0.011995275087392947
-2,0.14624635297417243
1,1.9158535986415544
2,0.0013495985169378235
2,-0.023205460672979822
1,1.9718714665589
0,-0.028585965320400385
3,2.2403894779557207
3,2.1099161227843064
0,-0.039973223314685266
-2,-0.022616031806977653
-1,0.005374091863869716
-1,-0.08855146545532187
-2,0.05991273220487727
1,1.0
1,0.4562925390763087
2,1.7962487326484093
0,0.38857141558022734
-2,-0.02532827635094764
0,0.001970542619036666
2,-0.06123178421223339
1,1.0
-1,-0.0086354403816192
-1,0.011782580916051806
-1,-0.031873118820635565
1,-0.040144357358030236
0,2.0574711681190014
1,1.0
3,1.8455048495583528
-1,0.004497117933398857
0,0.008418576965103574
1,1.973854667387142
2,1.9953835810275808
2,0.04854250486498474
1,-0.006086796009955896
3,1.8690199472487203
1,-0.03498913819349523
2,1.9397356066262217
0,-0.007710276175914046
1,1.0
2,-0.01349665519129246
2,1.9863179013537442
1,0.018596726594815954
0,-0.028076560288962184
2,1.9643424987271823
-1,0.03438595359593211
2,1.9340420370388747
-2,0.0016065398108482062
-2,0.03213860231000072
-1,0.030933177584656045
1,-0.00917556748970762
3,1.9147791244718328
0,0.005835914243759376
2,1.983858207238497
1,1.0
1,1.0
-1,0.0008681559861151432
0,0.0054900391863058565
1,-0.00824326813520766
-2,0.0037262491774852093
1,0.5056286812440209
4,1.9733966252964523
2,-0.044427798743184595
0,-0.011995275087392947
0,-8.694983204302156e-05
2,-0.04887206833633481
1,1.0
1,0.4566842414314852
1,0.11713966366439395
2,0.00615376322485859
1,0.6035389171940594
1,-0.04348097803719554
2,0.06932249418929967
1,1.0
2,0.045269359043753114
1,1.0
0,-0.025681530664353584
0,1.8952777438093509
0,1.978505970742654
2,0.09133577029370236
-1,0.005114800878050163
0,1.9675896452356563
-2,0.02232768679562772
2,-0.004141937654147517
0,-0.005776325480372214
1,1.0
3,1.98392910073411
2,1.9825132459491082
2,1.948058126505389
0,-0.02650903340861602
1,1.0
1,1.0
3,1.9193777776704266
1,1.0
1,1.0
0,0.49641399795569585
3,1.9589619299993537
3,1.9762977212240986
0,1.89407781519464
-1,-0.003267509122781168
2,0.005374091863869716
1,1.9487186909588265
2,1.9971162096161998
0,0.5277922821255423
1,-0.02650903340861602
2,-0.035852835506456265
2,2.0338271681636346
2,0.018637000499826827
1,2.0442874329544516
-2,-0.0423158416838949
0,-0.02742331269436147
0,2.270560682489333
2,-0.02523429029257045
-2,-0.011198886838780777
2,-0.05088144784848888
1,1.0
0,0.05014750035886583
-1,-0.02480167824669537
1,1.0
1,1.960213755616945
1,-0.0367421146040023
2,-0.02932985584790643
1,1.0
0,2.0295524939554155
2,-0.018543129454594943
-1,-0.006986850974063982
1,1.9822844729692903
-1,-0.004304319500277182
1,2.1966716547435237
2,0.004728283268795881
1,0.5071099295577934
-2,0.0289274735405856
-2,-0.05902147766000986
3,1.9916341819713799
-1,-0.00861994360457829
-2,-0.006414579125856365
0,-0.0044351438888664205
1,1.9647080508196455
1,-0.022856801824049207
2,-0.022676996938964314
1,1.0
-1,-0.03111032724410337
-1,-0.0023143492477900396
0,0.009630685120877159
4,1.9817483611346696
-1,0.013973018166861823
3,2.058339148570181
1,0.02510439509397249
1,0.4490436294911823
0,-0.2837336820144589
1,1.0
1,1.0
1,1.0
2,0.045270444510087764
-2,-0.034868704401211835
-2,-0.05557883787022418
0,0.0011971389356314295
-2,-0.007059803987344233
1,1.0
1,-0.01795017737036225
3,2.004053835113628
4,1.9921665276981344
-1,-0.02104750360749319
1,1.0
0,-0.023341755126270913
1,1.0
3,1.9928265179848454
-1,-0.03235635241380048
1,1.0
4,1.8946830954668448
-1,-0.039184340159931136
3,1.9678068134310356
1,-0.0033628453509074513
1,1.0
2,0.12875568736789808
2,-0.02865994769697741
0,2.063601683269127
3,2.0490424540802064
2,0.02765284771756462
0,0.42982046296194976
2,0.013728907017830996
1,1.0
-1,-0.024001215787337497
-2,0.017075984286468508
0,-0.06914409932386527
1,1.0
2,1.9654425902731325
2,2.025494110352072
1,1.0
2,-0.006481301214429457
0,0.4969521726773666
-1,-0.025632139984177713
1,0.022651000800327347
1,1.0
0,0.0023680484270587527
1,0.47126123590949937
3,1.9188201283971873
1,0.0362201436374576
1,-0.03255049386389296
1,0.46868665136808474
2,0.029036578406394953
4,2.1167812327129396
1,1.0
2,-0.03362176130407122
1,0.00898265504394392
1,1.0
1,1.0
1,0.49711368051932536
0,-0.016999234459157728
0,0.003719741476688899
4,2.0266075969759347
1,1.0
4,1.8995193560311736
0,0.470119777318283
1,1.0
0,-0.11910366338551805
-1,-0.03160502376570316
0,-0.02302836822926296
1,2.064396551672342
1,1.0
1,1.0
1,0.0357642605601322
0,1.9222423593651556
0,2.004862542912272
1,0.47711569839159884
3,2.0120428088313775
-2,-0.0049212976900669244
1,1.0
-2,0.07392529674232093
2,-0.001839210648540232
-2,0.0038872609633530037
2,2.034881224095431
-1,0.0002495242748969627
2,0.010160048378976777
-1,-0.03271438283995666
2,0.02232768679562772
1,1.0
1,1.0
1,1.0
2,-0.01636032379420288
1,1.0
0,-0.010516437763087692
2,0.008229137200023755
1,1.0
1,1.0
0,0.49459826718347094
4,1.8669363729916821
-2,0.16960488201748203
-2,-0.00028212949129002206
-2,0.017916006099633328
1,1.0
2,-8.346082155448229e-05
0,-0.01572990040776925
1,1.0
2,2.114417958689463
1,-0.0076313907759917934
0,-0.030566552436261274
-1,-0.02605520424581655
-1,0.03591756474649714
-1,-0.01349665519129246
1,0.05053523010003649
-1,-0.003901380915753627
1,0.06566122580316425
-1,0.020138947984790354
4,2.0275400489984325
2,-0.03956101732095377
1,1.0
-2,0.02711396946219675
1,1.0
4,2.0477866322532012
1,-0.06984083944977665
-1,-0.028076560288962184
-1,-0.008366559747196502
-2,0.030363724444119562
2,2.03285150733562
-2,-0.018019044753904957
1,0.010830482686007607
2,0.013814488276572879
1,0.45539042392053714
2,-0.005215971454659271
1,1.0
2,-0.020098771541025323
-2,0.0012501148881276006
-2,-0.0248459028008144
2,0.1560185457379987
1,1.0
1,1.0
0,-0.03169847261865202
2,0.08420968088317102
-1,-0.031873118820635565
-2,-0.02488839986541915
1,0.4284341822363463
1,1.0
2,0.05063371934406089
1,1.0
1,0.02520082192851173
0,-0.029998049684402162
2,0.018942114731443208
2,-0.024046222886004682
2,-0.01386313519086686
-2,-0.016999234459157728
2,2.0168673975955316
0,0.053094714426377324
1,1.0
1,0.015450391027570723
1,1.9975411040819189
0,0.47123162693655674
1,1.0
-1,0.029713353667027254
0,0.020231484552710996
1,1.0
4,1.8835466093941327
1,1.0
0,1.978505970742654
-2,0.059132727084574774
1,0.004728283268795881
0,0.007126171616321151
0,0.03434950917973764
2,0.006942358113663318
4,1.9999241504203464
-1,-0.027857923198279594
2,-0.06507720167387634
2,1.9816742415800734
0,-0.01732360254626596
1,0.16513004979689241
1,0.45539042392053714
0,0.036183756231127476
-2,-0.027487831156217085
1,1.0
3,1.9251634808135412
1,2.2403894779557207
1,1.0
2,-0.002575515920724142
1,1.0
2,0.017487298920905246
-2,-0.03498913819349523
1,1.0
-2,0.00974232937462842
1,-0.04073903038085353
0,0.06926763455326444
1,1.9608650982197364
1,1.0
1,1.0
0,1.9631097299752935
0,-0.035852835506456265
1,1.0
-1,0.035185787623416
-1,-0.02069132932057843
2,0.0038909478638072576
2,1.9513144069563169
0,-0.0060680003018978275
0,1.9662854971047177
-2,0.009292261245007588
-1,-0.0009387823102381658
3,1.9588668828831715
-1,-0.07777894711600791
1,0.030363724444119562
-1,0.06078909575009241
-2,-0.032222499168646966
2,-0.017550880212068125
-2,-0.026644032064806606
-2,0.010588794489311978
4,1.856840281065952
2,-0.3005093098580134
-2,0.045270444510087764
0,1.9629554300874597
1,1.0
0,0.0004085560361317139
1,1.0
1,1.0
0,1.7636377676623827
2,0.02232768679562772
-1,-0.06914409932386527
-2,-0.04152232812275797
-1,-0.003598666218873224
1,1.0
0,0.000280262643507916
1,1.0
-2,0.0010320572004955447
1,1.0
1,1.0
0,1.9464100698631264
-2,0.05631376250965374
2,-0.005618546510755324
1,-0.0012650125616840758
-2,0.0008272756872416498
1,1.8748681844512611
1,1.0
-2,0.19795628077013
0,-0.03480284479372131
2,1.9477519920016189
2,-0.21077922352902204
-2,-0.20082209730569647
-1,0.0023853913606774113
2,-0.014764677072100408
0,-0.11244342294513071
1,0.009153888736802597
0,1.9636633177519434
0,1.9249533728463684
1,-0.02777497321573855
-2,0.0031404859971796923
-2,-0.020668485886227255
4,2.04672010189657
-2,-0.015676108507348865
0,-0.07024217902834921
2,2.050147889397773
-1,0.04022895997061991
-2,0.5437115042756723
2,-0.08383155469465092
2,-0.019837613563863123
1,1.0
1,0.040904180716951524
-2,-0.08455537375341303
0,0.03939585779039004
-1,0.045270444510087764
0,-0.0029635803732005576
-1,0.028140718181294683
-1,-0.02905893688071262
1,1.0
1,-0.09869390418005991
1,1.0
1,0.007487267293918226
-1,-0.046377318961593535
1,1.0
1,1.0
2,-0.0075647988369793836
0,0.026252616570297614
3,1.997396688310554
1,1.0
-2,0.0019977222038350248
2,-0.04934373158031967
1,0.02465870619109009
-2,0.0010737938336243507
1,-0.06157153183780364
-1,0.011956334273681818
0,2.1040703590694076
0,0.4167739618011081
1,1.0
-1,0.05981954790160427
2,-0.057560491726505535
2,1.9916341819713799
1,-0.012206389024798434
1,1.0
0,0.0014134663330675964
1,0.013574990626149402
-2,-0.005806610628349878
2,1.9318245711770075
1,1.0
1,0.022796763685736927
2,-0.09609732162057545
3,1.9730966485711914
1,1.9654425902731325
0,0.49602258632593466
2,-0.002575515920724142
-2,-0.02353192379776961
1,1.0
2,-0.0048409073335294525
0,2.0631050874078656
1,1.0
1,-0.02911481359007023
3,1.971535579802842
1,-0.012973907527385795
1,0.5053758418421732
2,-0.0007056180573955636
3,1.943500606673672
-1,0.0054900391863058565
4,2.0458179128853358
-1,0.04022895997061991
-2,-0.012676431717839743
0,-0.006986850974063982
0,0.02859343984507824
2,-0.009851513584234783
0,-0.02488839986541915
1,-0.03174467570813897
-2,-0.01795017737036225
-2,-0.005377089533122863
0,0.0013210849120716215
1,1.0
1,1.0
1,0.0023680484270587527
0,2.015578885188577
1,1.0
-1,-0.008301763981843104
1,1.0
0,0.4520671519062837
0,0.3788403705215102
0,-0.025773072694211266
0,-0.011709626686107947
-1,-0.015422097420656334
4,2.013371105811112
1,2.050864455482247
1,1.0
0,-0.03480284479372131
2,1.9770687319651052
1,-0.005215971454659271
1,-0.02480167824669537
2,0.022174597901214295
0,-0.028076560288962184
0,2.0194340768068875
2,0.002236094674775907
0,-0.022264196619384245
0,0.009153888736802597
1,1.0
1,1.0
0,-0.04316469608702253
-1,-0.008301763981843104
-2,0.009327013621887793
-1,0.008502874206302158
1,1.9788012694520052
0,0.45598531384731816
1,-0.0015853284046661643
1,1.9942955038197334
-1,-0.027759504213131236
4,2.0782818185505865
1,0.00456663796589336
1,1.0
2,-0.02801175726576174
1,1.0
-1,-0.06448083113024053
0,-0.006989368453106231
3,1.9493664427018433
2,-0.14903915336754733
2,0.005229199118006764
1,1.0
1,1.0
3,1.9988290767390018
2,-0.0072528990268326465
-1,0.017075984286468508
1,-0.012171412217025019
0,0.0054954782139082625
1,1.0
4,1.9433657421040453
-2,-0.031176494123576863
0,-0.027208857894481627
-1,-0.03700504922916958
1,1.0
1,0.08902829534456796
-1,-0.020058016485326225
1,1.0
-1,-0.05019626655758688
0,-0.08058751847356665
2,0.010647350062249442
1,0.04709912405694622
-1,-0.015067521355943324
4,2.232534302560653
1,1.0
-2,0.0012501148881276006
-2,-0.039973223314685266
0,0.004497117933398857
1,1.0
1,-0.010086561233008114
1,1.0
1,-0.022716430774678272
3,2.068108611032868
-2,-0.022508632002847636
2,0.039347622269071264
1,1.0
1,1.9474836360146448
4,1.9583878999143454
2,-0.16050846808281655
-1,-0.0010138238202889907
1,1.0
0,0.48025929951760754
1,1.0
0,0.04666919353507788
3,1.9482581401856836
2,-0.046377318961593535
4,1.9487186909588265
2,1.7439356677965296
0,0.48023577305348886
-1,0.046083707891268894
-1,-0.08266984165384308
3,2.0138353173537453
2,-0.009290206242995463
-2,0.043497260250131446
1,0.00898265504394392
1,1.0
-1,0.050157019873772614
-2,0.02974671414465897
2,0.021931957459513395
0,-0.028585965320400385
2,0.005229199118006764
0,0.043497260250131446
-2,0.036183756231127476
1,1.0
1,-0.0003520720718080782
1,1.9593614888010518
2,-0.04259316160984386
0,0.4259414384038916
3,2.1319028527848247
3,1.9250649275672689
-1,0.0012501148881276006
4,2.0653551005209376
1,-0.024618838605772554
2,1.9321248221446854
2,1.988675092503689
1,1.0
1,0.0041884579096739824
0,-0.045996553720844574
0,-0.1627161326732204
2,-0.012206389024798434
-1,-0.009468072215395487
-2,-0.011089457002661045
1,0.009327013621887793
0,-0.043879418944281386
-1,-0.010484157126683704
-2,0.032694168939810545
-1,-0.01810785683676748
1,1.0
-1,-0.04724473214143663
-2,0.027395981817563326
-2,0.0008272756872416498
1,0.5118581646730118
1,2.025587469490809
1,1.0
0,-0.019837613563863123
2,-0.053411581020098485
0,0.0016065398108482062
-2,0.016372057975176543
1,0.47326348820660674
1,0.034036626069125914
1,2.1309947123388744
1,0.0275448693770951
1,2.1225239528914996
1,1.8828593759677792
1,1.0
0,2.1099161227843064
2,2.1005522469022995
4,1.9314380172282497
1,-0.0268956162828102
-1,0.018459766097333328
0,0.02664514693181423
-2,-0.06801089851144405
0,0.5285785218261905
1,-0.01571955716998946
4,1.815610830502847
1,1.0
4,2.0735535895925334
2,0.013731135093049605
1,0.0289274735405856
4,1.9588128007346481
2,-0.08057993663959621
2,1.9487186909588265
1,1.0
1,1.0
-2,-0.052649956621026554
-1,-0.05784366395752461
-1,-0.05243963565234615
2,-0.05288973896971192
0,0.0010704343739523976
2,0.010064833017550399
-1,0.004878486362238688
0,-0.015901481485326528
1,-0.03973590965031128
-2,0.013949860119892507
1,0.03465483401903717
1,1.0
2,0.05981954790160427
2,1.8824128096868458
1,1.0
1,1.0
-1,0.042758157908856766
0,0.04971102365551871
-1,0.006942358113663318
2,0.04172272962127928
2,0.06284908950251858
-2,0.00898265504394392
2,0.007934098111649156
2,0.014795468590331522
1,0.05991273220487727
2,0.009153888736802597
2,-0.033160551821384866
0,-0.07320640862051192
0,0.04472255209291537
1,1.0
2,-0.012094663642206413
1,0.011457815959866047
0,0.04820916741360214
-2,-0.005641886639611852
-2,-0.003651020686343291
1,1.0
4,1.9589619299993537
0,0.018206459509790003
-1,0.001805903822880136
4,1.991731867886665
-2,0.06007965680514717
0,0.03485443948819095
1,1.0
1,2.1319281614183314
2,1.9883588795926748
1,1.0
-1,0.0016065398108482062
2,-0.04526874911393888
-2,-0.011709626686107947
0,1.9800260316386713
2,-0.03377165979076525
-2,-0.03696182487434768
1,-0.015422097420656334
-2,-0.326986485595764
4,1.997396688310554
-1,-0.0029832032557617384
2,1.974377747079426
4,2.0184242980886826
2,2.0018632196882766
4,1.9265389380800804
3,1.9434599779105333
1,1.0
0,-0.0044351438888664205
-2,0.08581618851985306
2,-0.004247132668355906
0,0.008502874206302158
-1,-0.002575515920724142
1,1.0
-2,-0.0012010497745688657
-1,-0.005438752356636359
2,-0.0075647988369793836
-2,-0.0547371408811817
1,1.0
1,0.48949139953816784
0,0.4919232000883272
0,-0.06718433159634211
0,1.9433287120135752
1,1.0
1,-0.046824543922756076
-1,-0.0029832032557617384
1,1.0
1,1.0
-2,0.0033452942483815904
0,-0.03179262729632508
-1,-0.0048293491971386745
1,0.030364502206154307
-1,0.030363724444119562
-1,0.019942351561681514
-1,-0.1114847965254848
-1,-0.03431429215861749
1,0.009702761923046886
1,-0.07845173934122432
0,1.8548764116271215
1,1.0
0,0.001228042159378617
-1,-0.011827905096388605
0,-0.013509681450486503
4,2.161748811058679
1,1.0
1,1.0
0,-0.008000096185884794
1,1.0
1,1.9560662588414426
2,0.008492301110285058
1,1.9591548877216782
0,-0.06507720167387634
-2,-0.009249747930525165
1,0.06428215474774504
-2,-0.03182754182581031
3,1.917129082710942
-1,-0.0007124005613967758
3,1.8858984571352158
0,1.9248450334903757
0,0.026701752108281164
1,1.0
1,1.0
0,1.9862882513157112
2,-0.007710276175914046
1,1.9249533728463684
1,1.0
4,1.9668195751125217
-2,-0.02932985584790643
-2,0.09032435192391103
1,1.0
-1,0.005864212575913384
2,2.0588380007316225
1,-0.023341755126270913
1,1.0
1,0.0019221921013433544
0,1.9276835907674614
2,0.0010704343739523976
4,1.9906891173926902
-1,-0.04835376487558127
1,1.0
1,1.0
-1,-0.04273404204472252
0,0.010323944714579949
1,2.0611506859502096
0,-0.0093064789331992
0,0.07565135699437528
3,2.0459573614745925
-2,-0.006988995949327833
-1,0.06923943996534644
0,0.5343008878738885
1,-0.008439474456378883
4,1.9989097462672654
1,-0.033071217980741384
-1,0.0289274735405856
1,1.0
3,1.9785634318127194
-2,0.004728283268795881
-2,-0.03279929966558866
1,1.93488456081088
0,-0.027025179059229368
-2,-0.013533955464250553
1,1.0
1,1.0
-2,0.0362570485912622
0,0.4358669413981179
2,0.03387623127194538
0,-0.001177893720921398
-1,-0.004869545796451342
3,2.0328301735961407
1,1.0
-1,-6.673304114073665e-05
1,0.008883225895619297
-1,-0.032263842992253905
0,0.04027537353832296
2,-0.06507720167387634
-1,0.05869222276076357
3,2.0532192169056698
1,-0.1732122107258804
-1,0.012853817212320883
-1,-0.05705518936110303
-1,-0.005776325480372214
1,1.0
2,0.026701752108281164
2,1.9202969447485092
2,1.9249533728463684
-1,-0.006585826032229226
1,-0.007572158982267704
2,-0.00471814292379938
0,1.9433246891031846
-1,-0.008000096185884794
2,-0.04243646540200883
1,1.9269965540016962
3,2.1936190616395637
1,0.0019977222038350248
1,-0.014638767704459398
2,0.01006918563640693
2,0.045057856521180197
0,1.9562145182827861
-2,0.025092080313474204
0,0.014664910194031777
1,-0.05088144784848888
1,-0.00021374949986360965
2,0.0011526402408111452
2,2.0058532839281575
1,-0.015983551892155886
0,-0.00917556748970762
-1,-0.0093064789331992
-2,-0.05212129146360204
1,-0.07460683849516564
1,0.007104413994836124
2,-0.03586222054982616
0,-0.02302836822926296
4,1.98581806779184
2,2.0824359684169576
0,0.01946478666568868
-2,-0.017646707170278074
2,-0.13364741342615727
2,-0.08166326202984293
0,0.02765284771756462
2,-0.007535859760736562
0,2.017243441081797
2,-0.020143677349265393
2,-0.004869545796451342
-2,0.007814905249928483
1,-0.05584910796316214
1,2.0212149774984445
0,0.058834854140644356
-1,-0.011343640001197858
1,1.0
2,1.806662317476401
2,-0.0029832032557617384
2,0.03874488758909492
-1,-0.01407160161157397
2,-0.004869545796451342
-2,-0.035603315430542876
1,1.0
1,0.001695634901261788
2,2.071428991539634
4,1.9816535648608804
0,1.9559296574330909
-2,0.008492301110285058
1,1.0
1,2.056450889546671
2,-0.009648009772256116
2,-0.007664751555339454
1,-0.02932985584790643
0,0.5196123772637388
1,0.01844636286684374
1,1.0
-2,0.0289274735405856
3,1.8498121157373633
-1,-0.001969858499001186
-1,0.03327888574632073
0,0.46165136005333607
1,1.0
4,1.9201951723032362
0,0.007411209357140738
2,-0.013369443797598156
2,-0.011164832633161773
0,1.9675896452356563
2,0.0010737938336243507
2,-0.028718573325603174
3,1.9588128007346481
0,-0.02321358526020975
-1,-0.02777497321573855
1,1.0
4,2.2474595100309513
1,1.9584161522583927
4,1.9937066008031505
1,1.0
2,-0.04835376487558127
1,0.019942351561681514
1,1.0
1,1.0
2,1.9038647370618293
0,-0.010516437763087692
2,-0.015587073565220093
1,1.0
0,0.44090080521225106
2,-0.02297632509754894
1,1.0
1,-0.07349942673784096
1,0.01357474656922609
2,-0.006585826032229226
-1,-0.21197997624677936
-1,0.013341703966789076
-2,0.03368816434178682
2,0.014148373414574422
-2,0.0004516252309004658
-1,0.013404032633355935
1,0.42226933343882445
1,-0.04117521534498004
1,1.0
1,0.08512755241586062
-2,0.019296324315372572
-2,-0.027676434451141853
2,1.9315118279085859
2,1.94658445210834
-2,0.05869222276076357
1,1.0
3,2.000880571473288
4,2.0168835254365556
1,1.0
2,1.981945595966125
-2,0.018637000499826827
1,2.094554441395511
-2,0.04077979557050835
-2,-0.05267815398473791
1,0.0038114553191358203
1,-0.008000096185884794
0,-0.007535859760736562
0,0.0671934455220876
2,-0.04273404204472252
2,2.086943929153539
-2,-0.037654980481967665
-1,-0.02948804203568534
1,1.0
0,-0.10069587421531334
1,0.5093630855359775
1,0.013015356919735327
-2,0.160731341589344
1,1.0
-1,-0.030814910764237063
0,-0.004130949147704877
-1,0.004465901554199215
2,1.9983631897778193
1,0.0357642605601322
-1,-0.02095915169591603
-1,-0.003267509122781168
-1,-0.011995275087392947
-2,0.043100154840221803
1,1.0
-1,-0.1732122107258804
2,-0.03610954024392177
3,1.9584530101327808
1,1.0
3,1.9765710799312877
-2,0.0033452942483815904
-2,-0.00045937363937285756
-2,0.014964452645972357
-2,-0.008979774230080584
0,1.9950114519671829
1,0.09772320109230392
2,2.040743449767863
2,1.9970426640485115
1,1.0
2,-0.012589668492844763
1,1.0
1,1.0
1,-0.006724223169133297
1,1.9663252259767297
2,-0.05197794036747402
1,1.0
1,0.5743371461933272
1,1.0
0,0.4284341822363463
2,-0.028968451738495
-2,0.03452673918695912
0,0.005864212575913384
-2,-0.012676431717839743
1,1.0
0,0.48025929951760754
-2,-0.005631934455601015
1,-0.046211377110375665
2,-0.03439814143848003
0,0.023709002419452174
1,1.0
0,0.569768257527028
-2,0.04873167555152096
1,1.0
0,1.9527414625382848
0,0.039759271228705026
2,1.986700733820145
2,-0.03229714906724884
1,2.1352953643801036
1,0.0014802650279894993
4,1.9433657421040453
1,0.07936863123874809
1,0.018280417805054013
-2,-0.01349665519129246
1,-0.004932956614569617
-2,0.004352201449063525
-2,-0.012171412217025019
1,0.03056120964883831
1,-0.01628771457392521
1,1.0
1,-0.007572158982267704
2,-0.029761407363052935
1,-0.0261070912104417
1,0.028553112084152402
0,-0.05475519037385813
1,0.03263817556223708
1,-0.03169847261865202
1,0.02055726886081581
0,0.017075984286468508
1,1.0
0,0.009153888736802597
-1,-0.002426760533904831
2,-0.09819159652395673
0,-0.07360705560034819
-2,-0.05461398371405976
3,1.9749714994171672
1,-0.027325177509266142
0,-0.0800282480398265
2,-0.04243646540200883
-2,0.005284751940043231
1,-0.012244399573171883
1,-0.04266521591379299
1,1.9208407394513611
0,0.14624635297417243
-1,-0.007664751555339454
0,0.0656013517647808
2,2.0301859944598992
0,2.0058532839281575
2,0.03327888574632073
0,-0.047174981631050515
-1,-0.00028212949129002206
-1,-0.008000096185884794
-1,0.027186315564463114
4,1.9950114519671829
1,1.0
1,1.0
1,1.0
0,-0.007514545177191264
1,1.0
0,1.999841407830034
0,0.06196762511233006
3,2.019977869868352
4,2.071428991539634
4,2.0005055733894985
0,2.1755385004415744
2,-0.032609158045554296
0,2.0007951224395204
0,-0.010991573196438278
1,-0.005789289478777878
1,1.0
1,1.0
4,1.997175828764654
2,2.0242297065015404
0,0.4513667909712634
2,2.1099161227843064
1,0.4016216388372447
2,2.2383986974233534
1,-0.047288644034230394
1,1.0
0,-0.009517882749513205
-2,-0.009517882749513205
1,-0.012803557093579429
0,0.5245559838847675
1,0.470119777318283
1,0.42321316748258186
1,1.0
1,1.0
3,2.0193519420413693
-1,-0.009249747930525165
3,1.9386841041531055
1,1.0
-2,-0.025277234756910124
-1,-0.005806610628349878
3,1.698825982659815
3,2.161968061468647
2,-0.0143857728265869
-2,0.01844636286684374
1,0.4527757895094377
0,0.4779994026331297
2,1.987840647615766
1,1.9639970054924345
1,1.0
1,1.0
-2,-0.02632906894398287
4,1.896722605460515
-1,0.029713353667027254
-2,-0.00053241958867152
1,1.0
1,1.0
-1,0.007034100330461908
0,-0.019964519613520717
2,0.02421833934298314
-1,-0.07823948113205138
-1,-0.022622250035536223
1,-0.006293344214284754
2,-0.02838829623768827
3,2.024554962602237
0,0.4836002590538459
1,0.454524831490934
1,1.0
3,1.9583878999143454
1,1.0
4,1.9664096907967832
1,1.0
-2,-0.03712716881395245
2,0.008721473511957005
-1,0.03368816434178682
3,2.0242081198188107
1,0.01123579432102499
-2,-0.10275942729681158
-2,-0.03084636906034698
0,-0.02650903340861602
3,1.983222375813773
-1,-0.007632070191947888
1,1.0
2,0.00898265504394392
-2,-0.016999234459157728
1,-0.015901481485326528
3,1.9191324114726884
2,-0.1599265280125284
1,2.0119760312127273
-2,-0.030935537548451287
1,1.0
1,1.0
0,0.0007837822248061482
1,2.168676353071602
0,2.0315125796747595
1,1.0
1,1.0
-1,-0.024467111028670895
0,-0.013533955464250553
3,1.9527414625382848
0,2.0812127875625435
0,-0.0025227303696404935
1,0.002730671447946033
2,-0.03571913441815357
2,2.0254299477295588
0,0.42867199482415436
3,1.659811114033092
1,1.0
1,-0.06862123546298944
1,-0.008588778579324855
1,2.051605659476907
2,0.001695634901261788
0,2.0030255818280485
1,0.440229752821945
0,1.9517871316945117
1,1.0
-1,0.3049508352282034
1,0.4596240355562288
0,0.3906174933594291
1,1.9843799352857556
-1,-0.006025151283855556
-2,-0.01386313519086686
1,0.05609010692130848
-2,0.055690422450340164
-1,-0.007710276175914046
4,1.7919562622111733
2,0.0433638892277247
-1,-0.005806610628349878
0,0.018280417805054013
4,1.9694256561237358
1,2.3740202509604145
0,-0.026783891819566818
0,0.118442899616991
0,0.4932918905558061
-2,0.004165640318717461
-1,-0.01530670584045707
1,1.0
1,1.0
2,1.9890381274186337
2,-0.005441554695765777
-2,-0.04065547650159796
1,2.028643040727572
0,0.01006918563640693
2,0.051478683253299656
1,1.0
1,-0.0033628453509074513
2,-0.013792687232665751
1,-0.07469738184928693
4,1.8728157679321888
0,0.581183999086468
3,2.033872697632641
1,1.0
1,2.003214527092125
2,-0.025632139984177713
2,0.009153888736802597
1,0.44936093952806677
1,1.0
-2,0.015291057531924673
2,-0.017803199499949334
-1,-0.026837153189897246
0,-0.1475848972291256
-1,-0.025443929342881182
-2,0.029036578406394953
1,-0.0054427565703879
2,-0.0013066313495663459
1,1.0
1,0.06078909575009241
1,-0.08477708112400772
-2,-0.04504809852003508
1,-0.033123328701603255
1,1.0
3,1.9730966485711914
4,1.941243854736883
0,0.01171467538294829
-2,-0.026908654945467528
1,-0.007706214965080408
1,1.0
0,-0.04065547650159796
-1,0.019942351561681514
0,-0.05435149003229611
-1,0.005097405738493332
0,1.9719009465544917
1,-0.0017132500677062303
0,2.041074677694768
-2,0.009153888736802597
0,-0.02503411379143289
0,-0.05088144784848888
1,0.001104057503981705
0,0.007198717025671435
2,-0.05106308997316096
-1,0.0014802650279894993
1,1.9342266974542444
-1,-0.024001215787337497
4,2.0864141503028275
0,-0.1642096791405763
1,1.0
-1,0.02794628333075793
0,1.9827996475755967
3,1.8711455901864706
2,0.0038650814732446638
1,1.0
1,2.0413090267732588
-1,-0.054528749950957994
-2,-0.039184340159931136
3,1.9640258206119026
3,1.985965354925697
0,2.0237019517396786
0,1.9802721733387367
0,0.027868246295580917
0,0.5093630855359775
-2,-0.0260630393064673
2,-0.03696182487434768
1,1.0
-2,-0.032258849435526635
1,1.0
-2,-0.015013434323042736
0,1.890630971148393
1,1.0
1,1.0
-2,0.06284908950251858
-2,0.04741303334090819
0,-0.11591648563561739
2,-0.0036274000967628293
2,0.08902829534456796
1,-0.03400732098478049
-2,0.007251080347788255
1,1.0
1,0.002248765730171486
4,1.8930467947710008
-2,-0.02158712812737329
1,2.0631050874078656
3,1.9620187676557919
1,1.0
1,-0.09609732162057545
4,1.9472409336492875
-2,-0.009770224650469622
1,-0.10356226747374261
1,1.8952777438093509
0,-0.0036274000967628293
1,0.023871070225750825
3,1.9974094393270354
-1,-0.03182754182581031
1,1.0
0,1.9763604845279366
-1,-0.030527068148258004
2,-0.012094663642206413
1,0.019352233982146482
0,-0.07463244830609056
2,-0.009093960200406917
2,-0.052255714115644614
3,2.067579946105417
1,1.0
1,-0.014987118972226352
2,-0.020758166277196524
2,-0.03667358242237266
-1,0.009465282288826761
0,-0.0036274000967628293
1,1.0
1,1.0
1,1.0
1,-0.0684206524401936
1,1.0
2,2.0265600099625147
2,0.0010737938336243507
1,1.0
-2,0.013341703966789076
1,0.01148450808673597
-1,-0.00028212949129002206
-1,0.004778342921297203
2,-0.04619855854302411
2,0.023972230238934536
-1,-0.0331989282373322
1,1.0
2,0.0010320572004955447
0,0.36496704556788756
1,-0.07778068186737463
0,-0.10056386563017165
2,-0.03793155455542919
1,1.9764236721858663
1,1.0
0,0.5479991202675587
3,2.0096781559892167
-1,-0.042230169845382616
1,-0.19677167746865049
1,1.0
2,1.9975471208343694
1,1.9412541592173735
2,-0.01997837239338664
1,2.042176665417008
-2,0.022325625014917656
0,-0.14869966415066774
3,2.0295524939554155
-1,-0.014211946476832802
2,-0.025277234756910124
1,1.9377439235597993
0,0.4761840714264952
1,1.0
0,2.0899637700503515
-2,-0.0363604271729503
-2,-0.019275588554000654
0,0.001437689679167306
-1,0.017487298920905246
2,0.026457058685606372
-2,0.0317072610112426
1,1.0
1,-0.0016512008724038352
2,0.0011082383905043909
2,0.018834208114401813
-2,0.005284751940043231
1,0.5315766940121294
1,1.0
-1,0.058659347122892835
4,1.9374735466034005
1,-0.06425620525556439
2,1.9718714665589
-1,-0.01349665519129246
0,2.575737839495616
1,1.0
0,0.40344945299747154
2,-0.016128430008649296
2,0.055801614240736895
2,-0.07349942673784096
1,0.012989744152451728
0,0.45194499826408113
3,1.9465389525087244
0,0.4500609122460664
0,0.01038730242000492
-2,-0.041659747641872975
1,-0.027676434451141853
-2,-0.006790194698363442
1,1.0
1,1.0
0,0.009153888736802597
-2,-0.010861835861077675
0,0.0038208898707391757
-2,0.002730671447946033
0,-0.010920671400798408
3,2.139896948229184
-1,-0.03362176130407122
3,1.8825084815265378
1,0.4943887202322277
1,1.0
1,1.971636121135786
-1,0.03092351948771953
2,-0.009556012314237477
3,1.9758610566740649
2,0.029036578406394953
0,-0.0022417746140195806
3,2.022739266532776
0,0.03084866845250242
0,0.4892340785006435
1,-0.024161521999413287
2,0.008475420165807044
-2,-0.0661021904275792
1,-0.03793155455542919
1,1.0
1,1.0
4,1.9274255169922614
1,0.5291380837480546
2,-0.009583143644878212
1,0.05682149237001483
1,0.18106915521548622
1,1.0
0,0.06428215474774504
-1,-0.0020755692425638763
0,0.10166248224577902
2,-0.006414579125856365
1,1.0
1,1.0
1,-0.008498930612090767
-2,0.007126171616321151
-2,0.0022695324566115384
1,1.0
1,1.0
1,1.0
-2,-0.009249747930525165
1,1.0
0,-0.026837153189897246
1,2.0819485654168672
-2,-0.03362176130407122
1,1.0
2,-0.010963099920124985
-1,0.028378753828253236
2,0.030364502206154307
0,-0.04211975131503151
1,1.0
2,0.005114800878050163
0,-0.010138588395433747
1,-0.010138588395433747
-1,-0.0046331549773185885
0,0.025380250863135362
2,1.9005639538628725
4,2.005383863163664
1,-0.015459640426566446
2,-0.0086354403816192
1,-0.0044351438888664205
0,0.02459007680525661
2,0.010323944714579949
0,-0.015363460761485655
0,-0.046211377110375665
1,1.9249533728463684
1,-0.010516437763087692
0,-0.02002999406777025
1,1.0
-2,-0.020464144192720485
1,0.007795594720243572
0,0.0002815284900660159
1,1.930617255618242
-2,0.027243693974194353
0,1.8632837115459244
-2,0.0018340671906535058
2,0.021133774277070968
1,0.0037262491774852093
2,0.004253660703409272
1,-0.21712200835120618
-2,-0.015376833542860688
-2,-0.03162033044530451
1,1.954181282975804
1,1.0
1,2.0126216690464314
0,-0.008000096185884794
-2,0.07385418724546008
-1,0.02388852122406815
1,0.482120737771623
1,1.0
-2,0.04534033464637689
2,-0.0628701446329088
-2,0.030197751675831698
-1,-0.012458668050356505
-2,0.005229199118006764
1,1.9955722576554658
-2,-0.0002228215195130248
2,-0.016128430008649296
-1,-0.0014779122891491097
0,0.014039559748470067
0,-0.008541283119839496
-1,0.007934098111649156
-1,-0.04390361527417922
1,-0.03362176130407122
1,1.0
0,-0.05581369567216097
3,2.0256221062384174
1,1.0
-1,0.04741303334090819
-2,-0.0036289686197859745
-2,-0.009468072215395487
1,1.0
1,1.0
1,-0.024707342665631155
0,0.06428215474774504
0,2.006752517461986
0,0.4886373631047219
-2,0.03452673918695912
1,0.4892340785006435
3,1.9668656744073545
0,-0.027331908432416528
1,1.0
1,-0.026985111148522378
-2,-0.08069443710906415
0,2.1514110287516477
1,-0.027091272705336032
1,-0.007706214965080408
0,-0.009290206242995463
1,1.0
-1,-0.015901481485326528
1,1.0
0,0.0013210849120716215
2,-0.0024291109977293067
2,-0.02525269595106808
3,1.9380344514013854
1,1.0
1,1.0
-1,0.014171899510828036
1,1.0
1,2.0148096287848976
0,1.903865780297989
2,-0.0095280499596867
0,0.053094714426377324
1,1.9331747628095892
1,1.0
2,-0.03107334471400053
0,0.002301328049778427
2,-0.002957186322852683
1,1.0
1,1.0
1,1.0
3,2.380611601790525
1,1.0
-1,-0.14903915336754733
-1,-0.022629038072107043
1,-0.05385677597735098
1,1.0
4,2.258764846107215
4,2.0574711681190014
0,0.03985064251438348
1,-0.020360649431310024
2,0.02774123560714927
0,2.3387664995238073
3,2.0812127875625435
2,0.0038114553191358203
-2,0.06284908950251858
-2,-0.1053612728702002
1,1.0
2,-0.00028212949129002206
-1,-0.0072528990268326465
0,1.9081931484769996
2,-0.05288973896971192
2,2.159915666574103
2,-0.03667358242237266
1,-0.01268992378852675
-1,0.03327888574632073
1,-0.03973590965031128
3,1.9830420876833719
1,1.0
-2,-0.007139195295641198
1,1.0
2,-0.014273781493489355
4,1.997820770397632
0,0.5121344042008623
-2,-0.06259374903152785
-1,0.01357474656922609
0,1.9884842177084172
0,-0.00023230584698981398
1,-0.040668637782253846
1,1.0
2,-0.03462910044789134
-1,0.008012957294116002
3,1.9830420876833719
1,-0.01003317801645439
-2,0.026139865238157683
1,1.0
0,-0.00053241958867152
1,0.034966441040956274
1,-0.0076313907759917934
1,0.4048241421471787
4,2.088577918166199
-2,0.1531473004718341
0,-0.050421879975609325
-1,0.09399127246532252
-1,-0.030248279172657835
1,-0.009086131652157815
2,-0.05769805748928301
3,1.9616998723517265
0,0.02465870619109009
1,1.0
1,0.4549261807192566
0,-0.0261070912104417
-1,-0.0007056180573955636
3,1.9524060049550462
0,1.9616998723517265
1,0.017112391264763535
1,1.0
0,0.45339884845481704
1,1.0
-2,-0.02313316451463104
1,0.001437689679167306
-1,0.04799182766551463
-1,-0.13187114343323633
0,-0.0044351438888664205
-1,0.02477220099352016
1,0.014156350836610385
1,1.0
-1,-0.005078439712053028
0,2.038353736860976
1,1.0
2,0.028553112084152402
-2,-0.040668637782253846
1,1.0
1,-0.13021803238618476
0,-0.010920671400798408
1,1.0
2,1.9577993471329846
1,0.008940970603707223
0,-0.050421879975609325
1,-0.014656295508105177
0,-0.009086131652157815
0,0.014664910194031777
1,0.4385978340249503
0,2.051801504173676
2,0.015882919411194768
-2,-0.08000807434485256
4,1.9444437292805359
1,-0.046824543922756076
0,0.5186014431485574
-1,0.05517975869015746
0,0.4564076311007127
1,1.0
3,1.9995665442424093
0,0.46811108117254113
1,0.013341703966789076
1,1.0
-1,0.015951033603524747
4,1.9686474126959146
0,-0.012950579780722594
0,1.9386841041531055
-1,-0.03727367476028072
-2,-0.019446722742835418
1,2.259178058670267
2,-0.03215177935469809
1,1.0
1,1.0
-1,-0.020681788570847005
2,-0.03705057983821099
1,1.9752345257419457
1,1.0
-2,-0.010250117825249514
1,1.0
-2,0.008877947817086064
2,2.03804316341705
2,-0.008301763981843104
1,1.971535579802842
1,1.0
-2,0.02707843885989112
2,1.9369638933365403
0,-0.006585826032229226
1,1.0
0,-0.01118019879972549
1,1.0
1,1.0
2,-0.016999234459157728
3,1.972432334807742
2,2.169168194093018
0,1.965268671036078
1,1.0
4,2.019507443997588
0,1.955300459958116
1,2.000413446967933
2,-0.023796511017207634
1,-0.02742331269436147
-1,0.08712975027761542
4,1.9170850433622857
1,0.48023577305348886
1,1.0
2,1.8860418565016548
-2,0.0017790805173349834
-2,0.020150102826637963
2,0.0034982975960865404
1,1.0
0,0.0226107890227082
3,1.9428577496247417
-1,-0.13340650296161513
-2,0.017737988068622222
3,2.144411563531318
2,2.0139008595897936
0,-0.006494575289905225
0,-0.021969322461832294
1,-0.05066122104494651
2,0.011760176741738992
-1,0.019073603796707205
0,-0.016128430008649296
1,-0.028073971240985148
1,0.4617230894674587
0,-0.06609627222766233
1,1.0
3,2.07624998847297
-2,0.005284751940043231
-2,-0.04163191963221845
1,-0.014003771229430317
1,0.5306048531914598
1,1.0
0,0.009153888736802597
2,1.9591548877216782
-2,-0.0357202806567037
2,2.0752524080625268
1,1.0
2,0.04105163884249132
-2,-0.05220080988094054
0,0.46019974178904477
1,-0.02287809893679146
0,-0.052649956621026554
-2,0.0017790805173349834
1,-0.02893701708292221
1,-0.014507793452154572
-2,-0.033071217980741384
0,-0.020574824146896802
-2,-0.02480167824669537
2,0.0289274735405856
0,0.0016065398108482062
2,0.010307177653756045
2,0.02143528698711848
1,-0.006514032572443815
-1,0.016202837206791717
1,1.914519079003413
0,-0.012676431717839743
2,2.0206670562229068
1,-0.0030496594928691324
0,-0.02302836822926296
1,1.0
-2,-0.021129658932307095
1,-0.024161521999413287
-2,0.017916006099633328
1,1.9896466042160244
1,0.0017790805173349834
1,0.02403329968789764
2,-0.04443562606942084
2,1.93488456081088
-1,-0.020026419076530896
1,1.0
0,0.05625815094969115
0,0.0054900391863058565
0,0.5224284152579277
2,-0.06914409932386527
1,1.85950104239182
-2,0.006939430868145708
-2,-0.1332566850943783
-2,-0.008301763981843104
4,2.1189356015554353
1,-0.005648167048327328
1,1.0
0,1.8769213213463498
1,1.8670474070405794
-1,0.017075984286468508
2,-0.049679819014231644
1,-0.013045608602007746
1,1.0
2,0.036183756231127476
0,-0.009414635857412139
-1,-0.024618838605772554
1,1.0
2,2.1201821084126924
1,0.02257630414917783
2,1.9778912782240434
1,1.0
-1,0.03452673918695912
1,0.32364110141629643
0,-0.07823948113205138
0,-0.01984067492278035
-2,0.015083939099514507
2,0.01730003792933379
1,1.0
2,-0.0220188764951689
0,-0.004910051289386801
2,-0.005135353746471236
3,1.8821624794672542
0,-0.041790778982443974
-1,0.011956334273681818
2,-0.033123328701603255
-1,-0.022655299501594405
1,1.0
0,0.01434579031364489
-2,0.002236094674775907
0,1.9437861559365226
1,1.0
2,0.04518030128290018
1,1.0
1,1.0
-1,-0.06553106529901785
3,1.981945595966125
-2,-0.029797247016661182
-2,0.0026559387450066883
1,0.4838189036002648
-1,0.11706429761320519
1,-0.03699704517771382
1,1.0
0,-0.04150802409047328
-2,-0.050421879975609325
2,-0.0048409073335294525
-2,0.02794628333075793
2,0.022325625014917656
0,0.023384115196023875
1,2.024554962602237
1,-0.005377089533122863
2,-0.05479501278289863
-1,-0.05088144784848888
4,1.9303198040993448
1,1.0
1,1.0
-1,0.018670790408401264
0,1.984524222032
1,0.05991273220487727
-2,-0.024439202904968968
0,0.05609010692130848
-2,-0.012094663642206413
1,-0.02911371876020398
-1,-0.028076560288962184
0,0.486932199107871
0,0.4855556469232265
1,1.0
1,-0.0093064789331992
1,1.0
2,1.9472409336492875
-2,-0.004124086523147993
0,1.8922222623431295
1,-0.03756548729750326
1,-0.014339082822981184
-2,0.013127587003203179
-1,0.032275564778440534
2,-0.04619855854302411
1,1.0
0,0.0012501148881276006
1,1.0
-1,-0.028968451738495
-1,-0.00656438736812756
2,2.02703922981792
0,-0.01732360254626596
-1,-0.1342335005051992
-1,0.030837751290910195
1,1.0
-1,-0.01435140020747661
1,1.0
-2,-0.044427798743184595
0,2.2908036344017786
3,1.9205917786552638
-1,0.022325625014917656
2,-0.0076313907759917934
4,1.9938545779266645
1,1.0
3,2.0459229362709275
2,0.018670790408401264
0,0.4349908553761552
1,1.0
-1,-0.009036047656946626
1,0.015361877147687329
0,-0.0026794731709637626
-2,-0.02488839986541915
2,0.007934098111649156
0,-0.01349665519129246
1,1.0
2,0.017990797751503477
1,1.9079151529214744
2,-0.0044351438888664205
-1,-0.025609338609581863
2,-0.011576870509412291
1,1.0
-1,0.027325102201065436
0,0.4864261087259169
0,1.9728978310258853
1,0.004878486362238688
0,0.03603023007950267
0,0.4899647315075968
1,1.0
0,0.4762463071198129
2,0.009465282288826761
1,0.5553825486060716
2,-0.00032257344103155144
1,1.0
1,1.0
0,-0.005726736043727512
0,-0.06101344497548155
-1,0.0008681559861151432
1,1.9711514617520383
0,2.1671794101079143
-1,-0.06476067201399888
-2,0.002122627677777264
1,0.36654779245580926
1,0.005229199118006764
-2,0.001662901944050385
-1,-0.04473172277749206
2,-0.056897942431681094
2,-0.011659477821545132
2,-0.04619855854302411
1,1.0
1,1.0
0,0.007934098111649156
4,1.9561824988029315
0,0.008883225895619297
0,1.9957737989876552
-2,0.0062586942178730134
1,1.8708053697247486
1,0.01006918563640693
4,2.0168835254365556
-2,0.022411691665592363
4,2.021631820442002
-2,0.003719741476688899
-1,-0.018161822517407646
-2,0.008877947817086064
0,1.9892631740289701
-2,0.0038208898707391757
2,1.964958829848253
-1,-0.046824543922756076
2,-0.022716430774678272
1,1.0
1,0.0004085560361317139
0,-0.044427798743184595
1,1.0
1,1.0
1,1.0
0,0.4123190043109628
0,-0.016999234459157728
1,-0.0190639476396575
0,1.855830827734033
0,-0.0036274000967628293
2,1.94658445210834
0,1.9933856455263297
1,1.7919562622111733
3,1.984262036455967
-2,0.013574990626149402
1,1.9318245711770075
0,2.4609993940959756
-2,-0.013008606739808809
1,0.15625480023422006
1,2.042176665417008
1,0.01148450808673597
1,0.49764958181221675
-2,0.08894892351455544
-1,0.03765135651960194
2,-0.042230169845382616
-2,0.0014802650279894993
1,1.903566256938784
0,0.0140371573951618
0,2.0655310520382644
1,1.0
-1,-0.03377165979076525
1,-0.00956263016956069
0,0.014138793269743894
-1,-0.005377089533122863
2,0.025953928560531733
1,1.0
2,0.01635582077424255
0,-0.07349942673784096
1,1.0
3,1.9752345257419457
-1,0.028553112084152402
-2,0.016309019062922307
1,1.0
1,0.04380257711054905
-1,-0.05288973896971192
1,0.5753774781341008
-1,-0.033071217980741384
2,-0.04294728484802267
2,0.018280096550814744
-1,-0.05895085547182208
1,0.06428215474774504
0,-0.027857923198279594
1,2.1133058052277702
2,-0.02777497321573855
1,1.0
1,1.0
4,1.9452659646347337
0,-0.02411809239918795
1,0.04520055270460735
1,0.021406627324746793
0,0.11523472763116109
0,-0.03316804963051305
1,1.0
2,-0.06101344497548155
2,-0.011198886838780777
2,0.06571226966625199
1,0.48298554247893877
1,0.4802657654482785
0,-0.01715401938607848
-1,0.015666521257127218
1,1.0
4,1.9090394155775436
-2,-0.08549978988938356
4,1.9674580588529356
-1,-0.008000096185884794
2,-0.023341755126270913
0,-0.008616902864181451
1,0.004165640318717461
-1,-0.031078057153382785
1,1.0
0,0.4011957164355751
-2,0.034682521910449154
2,0.03576512740458793
1,1.0
-2,0.160731341589344
1,1.0
-1,-0.09431911083773527
-1,-0.03468468688595327
-1,-0.025721406725321434
0,-0.039184340159931136
0,0.02066409957333069
1,2.0063001337735717
1,1.0
-2,-0.019837613563863123
-2,-0.01977979999977825
1,1.0
0,0.005284751940043231
2,2.004389867101115
1,1.0
0,1.947462987342752
2,-0.022676996938964314
1,-0.058110638178276976
3,1.9170327474431266
0,2.1259821265190606
1,-0.05113097172685181
1,0.0011526402408111452
2,1.9583727585206199
2,-0.013312008107402771
2,0.022651000800327347
0,-0.0036274000967628293
2,-0.007664751555339454
1,1.0
0,-0.023087606970043587
1,1.0
1,1.0
0,-0.08057993663959621
0,0.005835914243759376
1,1.0
0,0.43088142937355983
1,0.465096103234558
2,2.2440789523928135
0,-0.058768687849096314
1,-0.00428713818369654
-1,0.3393870530276524
1,0.021931957459513395
2,0.029256691906444813
-2,-0.010246164739293063
1,0.06862396420899072
-2,0.03802915531846173
-1,-0.0159213859411533
0,0.4759299821120425
1,-0.015347269879682346
0,1.9829859866627368
1,1.0
-2,0.03520197371922305
-1,-0.013869215923292837
0,0.006325137581611253
1,0.010047725530701523
1,0.009128359038156026
-2,-0.18340462130179136
3,1.8696819013113983
0,2.019507443997588
0,0.021163857096536124
-1,-0.01615205265213192
-2,-0.029794416101058353
-2,0.001437689679167306
2,-0.07155084629903813
2,0.029036578406394953
-1,-0.07815626913861898
1,-0.01810785683676748
-2,0.00898265504394392
1,1.0
3,1.9393367472617549
0,-0.01088763003222009
1,-0.10672672445481232
1,1.0
0,-0.0619762853444242
0,0.015361877147687329
-2,-0.05603305696703882
1,1.0
3,2.0204800645501946
1,-0.007139195295641198
2,1.885842052005102
0,2.0051643034367617
0,-0.018019044753904957
3,2.0527389440217627
0,2.000525376713746
0,0.08015641740176913
1,-0.019964519613520717
0,0.4524009351908858
-2,-0.025493409885991872
-1,-0.0038621347654635304
4,1.9862668199430962
0,-0.0276617496156616
1,1.0
1,1.0
0,2.015717148343171
-2,-0.044038886210714924
0,-0.0060680003018978275
-2,-0.0020612158847807993
-1,0.004897352567266171
4,2.0571746956955717
0,1.9802861255268878
-1,-0.014009142390621407
1,-0.011995275087392947
2,1.9715826754093673
0,0.47212676289123967
1,2.084094382695674
1,1.0
4,2.0123080675555496
2,0.0011526402408111452
2,0.0362201436374576
-1,-0.0551902257799935
3,1.9433287120135752
2,2.0217284232038075
2,0.018101681841144922
-1,0.019296324315372572
-2,-0.007145758790657646
0,0.0038208898707391757
1,-0.04266521591379299
0,1.9294001102079859
-1,-0.026837153189897246
0,1.9396989162725007
0,-0.0038621347654635304
1,1.9699934519831799
0,0.023344430206166947
0,-0.03232952402510007
0,-0.054449143369887765
-2,0.3179081012232403
3,2.050147889397773
-2,-0.005441554695765777
0,2.0108756627893785
1,1.0
1,0.5018650040421908
2,1.9675896452356563
3,1.9476099895733059
-1,-0.02650903340861602
1,1.993699353763053
-1,0.030363724444119562
1,0.001437689679167306
0,-0.01789689867145458
1,1.0
2,-0.22656319029555724
-2,-0.012206389024798434
-1,0.021931957459513395
0,-0.14792381909611885
1,0.015473801360874515
0,-0.015676108507348865
-2,0.3180645557184311
-2,0.020172489064996996
0,1.8455048495583528
2,-0.020923333318239083
1,1.0
3,2.0322819603269364
0,-0.02195493082992371
-1,-0.07527728907562957
0,-0.007290251424747775
2,0.1001432802390101
0,-0.01997837239338664
1,-0.03265530666882306
1,0.005864212575913384
1,2.193306042039032
2,-0.03279929966558866
2,-0.015459640426566446
-2,0.00578215129385085
-1,0.0024045365657589393
1,1.0
1,0.4878449632438212
-1,0.027388652936575046
2,2.081944441405837
1,0.49019886168901133
-1,0.0671934455220876
0,0.5261485688998336
0,2.024554962602237
-1,-0.03727367476028072
1,1.0
2,-0.01642610672721694
-2,-0.05191726524319803
1,-0.004869545796451342
2,-0.037977821963088944
2,-0.06904847887992399
2,-0.016356814634678803
-2,0.08872023451057402
-2,0.002775384863289336
1,2.144411563531318
2,0.0289317925310652
1,1.0
1,1.0
3,1.9143959671504103
2,0.050157019873772614
1,1.0
1,0.0038590535055777957
0,-0.003267509122781168
1,1.0
1,-0.09609732162057545
-1,-0.044038886210714924
-1,0.004728283268795881
0,0.01953947385806806
0,1.9592158321198092
3,1.9807668548206336
2,0.002968656512080424
0,0.0012805366101456548
1,1.0
1,2.054286201353982
-2,-0.09641135025045303
-1,-0.010544835250565248
1,0.013015356919735327
1,-0.0034342910341800315
1,0.045269359043753114
0,0.36095533622398646
1,-0.012171412217025019
0,0.022981076754531423
1,-0.022622250035536223
1,1.0
1,-0.037267074731367845
-2,-0.020236409335289064
2,0.008684799222301184
-2,-0.020114704885466482
-2,-0.05197794036747402
0,0.21038105658200806
-1,0.0019569859717643422
2,-0.052649956621026554
-1,-0.07889495943292939
-1,0.011137102675063031
0,1.9360099607315189
-2,0.008475420165807044
0,0.017980572263124966
1,-0.0233461168753919
-2,-0.054528749950957994
-2,0.16513004979689241
0,-0.007139195295641198
1,-0.00041370948259053124
1,-0.11608776401101834
0,-0.02302836822926296
1,1.0
1,0.49202274527700873
0,0.49459826718347094
0,2.0210595060303493
2,2.0413090267732588
-1,-0.009086131652157815
0,0.004728283268795881
1,1.0
-2,-0.0076313907759917934
1,1.0
0,0.46811108117254113
0,0.0076777126688408704
-2,-0.012206389024798434
-2,-0.005438752356636359
0,1.915146661295854
1,-0.03976632032962283
0,-0.05938878994365232
1,-0.06263612402097579
-1,0.03438595359593211
0,-0.07823948113205138
1,1.0
1,1.0
1,-0.0036545801440507554
0,0.48742297214772995
-1,-0.03699704517771382
2,0.08063773735567321
0,-0.007958128288298245
0,1.9921665276981344
0,0.05609010692130848
4,1.9565510576237097
2,2.1468768404187695
1,-0.0220188764951689
1,2.0265245145682815
0,-0.04294728484802267
0,2.0246255948093603
4,2.084094382695674
2,0.02415230356516082
2,-0.052649956621026554
0,0.01602282224491562
0,0.014049615765069143
1,1.0
2,0.00898265504394392
1,1.0
1,1.0
1,1.0
-1,-0.027487831156217085
2,-0.0034027593510020824
2,1.94658445210834
1,1.0
1,1.0
-2,0.004728283268795881
1,1.0
0,0.023349017736717728
1,-0.020605211175103368
1,1.0
0,-0.06448083113024053
2,-0.02777497321573855
1,1.0
1,1.8369236637329431
3,2.065298208875199
-2,0.013671265086862278
-1,0.0028053059939205506
1,1.0
0,-0.0007056180573955636
2,-0.03667358242237266
1,1.0
-2,-0.046284943032232226
-1,-0.00917556748970762
-2,0.0020632257139431925
1,1.0
-2,-0.07178806381056194
1,0.07159467084053067
0,-0.04224529747557204
1,-0.002554247230255416
4,2.01103907539524
-2,0.047813847482546315
3,1.993740821287187
2,0.005497907219628373
1,0.34980887970453195
-2,0.004983759047864351
1,1.0
1,-0.08595833151315325
-1,-0.022386989372264417
4,1.968386334065559
1,0.5325874584925472
-1,-0.11458175366356754
-1,-0.0310258033253869
1,1.0
-2,-0.06914409932386527
1,0.0004225368108508913
1,-0.02302836822926296
1,0.021931957459513395
-2,0.005284751940043231
2,0.006204941652442136
0,-0.04834629605619521
-2,0.04600749778469611
1,1.0
0,-0.007664751555339454
-2,0.049907276797947576
0,1.9936706436068972
-1,0.0289274735405856
0,-0.0013993792443390027
2,1.989992567240304
-1,-0.0220188764951689
-1,0.102374023605507
-1,-0.06475684612305754
1,1.0
-1,-0.05473421732864759
1,1.0
0,-0.03279929966558866
1,0.02874649703973126
0,-0.11591648563561739
2,0.006942358113663318
1,-0.024001215787337497
2,0.02403329968789764
1,1.0
-2,0.01849311941028551
-2,0.029910664967745953
1,1.0
-2,-0.04224529747557204
0,2.3671119060564028
1,0.0038621661841662493
-2,0.15074513171847065
1,1.9719440520198201
-2,-0.027676434451141853
4,1.947462987342752
0,1.9540161804138458
1,1.0
0,-0.023796511017207634
0,-0.07959806229778382
0,-0.06838451097673595
1,-0.01118019879972549
0,0.021411921676070908
1,-0.03377165979076525
2,0.10097228193052643
2,-0.029584100907689804
0,0.42639566572853305
-1,0.01758808128355551
-2,-9.617989229952217e-05
0,0.04022895997061991
2,0.013940112465032099
4,2.1210439597393265
-2,0.015361877147687329
-1,-0.015422097420656334
1,1.0
-1,-0.03908422922274664
1,1.0
0,2.0092829643517907
1,1.0
-2,0.01387494643826332
3,2.2281147970585873
1,1.9616998723517265
1,0.05609010692130848
1,1.0
1,1.0
-1,-0.01530670584045707
1,1.9480460366992145
1,0.03603023007950267
-2,-0.0010475387083186496
0,0.4877329297779807
-2,-0.0034027593510020824
-2,-0.007658900958998582
1,1.0
1,1.0
0,-0.011827905096388605
-2,-0.029630390588685745
0,0.0038590535055777957
1,1.0
-2,-0.06481791062365225
1,1.0
-2,-0.02532827635094764
-1,0.06867193712302591
-2,-0.028585965320400385
-2,-0.029508442771428545
1,0.018206459509790003
3,2.0150463155676173
-2,-0.016999234459157728
1,1.0
3,2.001401395666841
1,-0.020236409335289064
1,1.0
-1,-0.006365271332127018
-2,0.022651000800327347
1,1.0
1,-0.021591776225930545
-2,-0.0276617496156616
2,-0.07665400164937554
1,0.05991273220487727
1,1.0
-1,-0.0022499901416534757
4,2.0118391562750513
1,0.4888241140208799
1,2.0275400489984325
2,0.028553112084152402
2,0.012884473543785836
-1,0.02949764980850903
-2,-0.0029832032557617384
-2,0.0019977222038350248
1,0.5435630203226474
0,-0.03279929966558866
2,0.0008776042457636807
3,2.04672010189657
1,1.0
1,-0.03607754055010931
1,0.48048353800079924
2,2.004862542912272
1,-0.03756548729750326
-1,0.028140718181294683
2,-0.04211975131503151
-1,0.002236094674775907
-1,-0.03271438283995666
0,0.016520463654467944
-1,0.021096795013806537
-1,0.018670790408401264
2,1.999841407830034
1,1.0
-2,-0.007514545177191264
3,2.0218404507045182
2,2.0018632196882766
2,-0.016399373110682916
0,-0.03137704327314171
1,1.0
0,0.026464893178573496
-2,-0.010991573196438278
0,0.02575409518002763
1,1.0
1,-0.0276617496156616
1,-0.009086131652157815
1,1.0
1,1.915146661295854
2,-0.06947243525061202
3,1.9257047112919456
2,-0.0363604271729503
1,-0.06914409932386527
-1,0.06368412490164455
1,2.1514110287516477
-2,0.038359918150396605
-2,-0.01711422056076077
1,-0.002246196816887347
3,1.9934613797280718
-2,0.01837098790384313
1,-0.023382030116898926
1,0.01766081280490205
2,0.005284751940043231
4,2.026642455267617
-2,-0.016875152254096377
1,1.0
1,-0.05288973896971192
1,-0.004430739596422222
3,1.9934613797280718
2,1.9015798151916237
1,-0.02532827635094764
1,0.44447335747374206
-1,0.04910785180106905
3,2.096844693552797
2,1.9885156480924573
1,0.4593265872413283
1,1.0
4,2.042751395063213
0,-0.0048409073335294525
1,-0.005508621020536452
-1,-0.045034708272837704
1,1.0
-2,0.0037262491774852093
1,-0.00012764875472580427
2,0.010559820705179641
0,2.0571816674489956
1,0.5313537766634524
4,1.9656808704472644
1,1.0
1,1.0
1,0.4741850914557034
4,1.983475809925426
2,-0.02650903340861602
1,1.9932401211092137
1,1.9957737989876552
1,1.0
0,-0.04681516388069339
0,2.0380451177528736
2,-0.13993829495922092
4,2.098903959198103
2,2.0256221062384174
1,1.0
0,0.0615029336185998
2,-0.13381137041070368
-1,-0.08630647474797272
0,-0.006988995949327833
1,1.0
2,0.008499173121693517
1,1.0
-2,0.004728283268795881
3,1.8676463725381844
-2,-0.029584100907689804
1,-0.08166326202984293
2,0.24218402078173532
-2,0.006905102122267016
0,-0.02652988379255735
1,0.47782044606797475
2,1.9968573190059697
2,-0.012851713978334725
0,0.4665398839682143
0,0.45547084950486066
2,1.9783210818587997
-1,0.01406204601965466
1,-0.026985111148522378
0,-0.009841641632335845
2,-0.008000096185884794
1,1.0
2,-0.05581369567216097
0,-0.012206389024798434
0,2.0747396392523014
-1,0.028140718181294683
0,-0.014764677072100408
-2,-0.027857923198279594
-1,0.0005744663092603997
2,1.9593614888010518
2,-0.033071217980741384
1,1.0
-2,-0.023001865852556543
1,1.0
1,1.0
2,0.0686856373023649
1,-0.018790748403212973
-1,-0.005078439712053028
2,0.006285666565641982
-2,0.0019101940054457223
1,1.0
0,2.042751395063213
1,-0.018846323854302155
3,2.0015102441465267
-1,0.009327013621887793
3,2.023542896091767
2,-0.10700317012602274
3,2.140835555080523
2,-0.07823948113205138
2,-0.005441554695765777
0,-0.1599265280125284
2,-0.01401621494162288
0,1.995399400020623
1,0.3991625102914773
0,1.9863179013537442
0,0.01961793325712319
2,1.9310935198716062
1,-0.0299232123765241
0,-0.10579006338938352
-2,-0.015459640426566446
1,1.0
1,0.042836072401722006
1,-0.04875383630945815
1,1.0
0,0.055690422450340164
1,-0.0023143492477900396
-2,0.0011526402408111452
-1,-0.0034374221959277934
0,0.018206459509790003
-2,0.006942358113663318
0,0.3914715743715553
0,0.4262773910951709
2,1.9386841041531055
-2,0.007625815458044983
-2,-0.15238814910313705
1,0.010160048378976777
0,1.9602495760930452
0,1.9921665276981344
1,0.06078909575009241
0,-0.010920671400798408
0,0.011137102675063031
2,1.8869036973920492
1,1.0
1,1.0
3,1.8769213213463498
0,-0.009753425643601014
0,-0.006401638939690879
2,2.010462072112205
4,2.1468768404187695
-2,-0.007706214965080408
4,1.9906891173926902
2,-0.012136941411849598
2,1.988913276753288
-2,-0.053945375089430384
-2,0.00898265504394392
3,1.9314380172282497
1,0.027186315564463114
1,1.0
1,0.45068882081581363
2,0.013804138650418064
2,1.9884842177084172
-2,-0.020774832956145472
1,2.0417559761289095
0,-0.013978864412649651
-2,0.0034366557935962615
1,1.981945595966125
4,2.0523568564002077
4,2.085647753434141
4,1.9459082492278446
3,1.957357197288042
1,0.029543710280123054
0,0.03520197371922305
1,1.9758610566740649
1,0.49804045098318656
4,1.8652900215539356
-2,-0.0007056180573955636
1,1.0
3,1.9759240611518294
-1,0.0011971389356314295
-2,-0.033160551821384866
-1,-0.0022499901416534757
0,1.8512143956988023
1,1.0
0,0.06500659449401232
-1,-0.01349665519129246
0,0.029256691906444813
-2,0.030363724444119562
2,0.007126171616321151
1,0.017112391264763535
1,1.0
0,0.03603023007950267
-1,-0.005776325480372214
-1,0.02889014625103332
0,0.006834588707431948
2,-0.09511323365132915
0,0.11269420130649349
0,0.0038590535055777957
-2,0.012889739359714283
0,-0.0012650125616840758
0,-0.014392115540024612
-2,0.025443688543761972
2,2.0147265713620706
-2,-0.006401638939690879
-2,-0.06394129904427204
3,2.0268020970531166
-2,-0.003651020686343291
1,1.9763604845279366
1,1.0
2,-0.0020755692425638763
0,1.9975411040819189
1,-0.01074684178914153
1,-0.013651327609320689
2,0.04290807497027196
2,-0.02226774918857228
2,0.0016065398108482062
-1,0.026661900845452682
0,0.4945282051937386
1,-0.0086354403816192
2,0.030363724444119562
1,1.9830210611720647
-1,-0.04115201822883864
1,1.0
3,1.941109245703135
0,1.983222375813773
0,0.022325625014917656
0,2.0167476523096184
-2,-0.1342335005051992
0,0.0289274735405856
-2,-0.05252805702850751
1,0.008684799222301184
-2,-0.0411531020202033
0,0.47972818694691344
1,1.0
1,1.9544525809617286
1,0.006741818839971943
0,0.01357474656922609
2,2.03285150733562
-2,-0.004141937654147517
-1,0.0043858328222811495
1,1.0
2,-0.050421879975609325
1,-0.0086354403816192
1,1.0
0,0.48557120522803165
2,-0.027025179059229368
0,-0.02932985584790643
1,-0.038029450307984276
0,-0.04316469608702253
2,0.019208137373792046
-1,-0.03696182487434768
0,0.008165344044651503
1,0.028378753828253236
2,-0.006481301214429457
2,-0.16050846808281655
2,0.010558941822583389
2,-0.028382854305144752
0,0.001695634901261788
3,2.005434547861724
3,1.9819442056204075
1,0.018459766097333328
3,2.0812127875625435
0,-0.02836172011787478
1,-0.018543129454594943
-1,0.011956334273681818
-1,0.01646461028708217
0,1.8397260530692219
2,1.8922222623431295
1,1.0
-1,-0.05003013609973579
2,2.1379651134608224
2,1.9782011094921002
0,-0.15390396368951145
1,1.0
-2,-0.040418077101203806
1,1.0
-1,0.0615262746385472
1,0.03218357287890127
-2,-0.013685083584832456
-1,-0.033123328701603255
0,0.003276702137122244
1,1.0
1,0.5462027643015328
0,-0.025560311180913266
4,2.042751395063213
0,1.9896466042160244
-2,0.026122964652551484
3,1.9558390540950028
2,0.004878486362238688
1,1.0
3,1.9621042845371877
-1,-0.08866913071070749
4,1.962831870347421
1,-0.001484570782736851
4,1.988675092503689
0,1.9959315022037487
-2,0.07242007405725435
1,1.0
2,-0.039973223314685266
2,-0.13381137041070368
0,-0.14465076271149846
0,0.47941807516499113
2,1.9882849401672669
0,0.032750104908970394
1,0.47326348820660674
1,1.0
1,2.0124502014630536
-2,0.006325137581611253
1,1.0
-2,-0.05657003215042645
-1,0.014434196345450158
1,-0.012332101837497772
1,0.46007847214870623
1,-0.001484570782736851
-1,-0.02076709469543274
0,-0.012094663642206413
0,-0.0034374221959277934
4,1.946897063796058
1,1.0
2,-0.006310740553089583
1,0.0671934455220876
-1,-0.00232817072627847
1,1.9352252469160651
1,-0.1732122107258804
-2,0.0671934455220876
2,0.001437689679167306
0,0.005284751940043231
1,0.005497907219628373
1,0.029036578406394953
4,1.9635023507313847
-1,0.013949860119892507
1,1.0
0,-0.04273404204472252
0,1.9938944377660683
-2,-0.017362305967670792
1,1.0
-2,-0.024532583743279934
-2,-0.12189724360682544
2,-0.03271438283995666
0,-0.0800282480398265
0,0.021390762639420836
-1,-0.030434176824914328
0,-0.0014779122891491097
2,-0.054099877125634466
1,-0.018019044753904957
3,1.9246705076751214
1,1.0
1,1.0
1,1.0
-1,-0.05288928115497594
1,1.0
1,1.0
0,0.019602856366875133
1,1.0
1,1.0
3,1.99463244960959
-1,-0.0650507525598959
-2,-0.04079348056944601
2,0.0936148714015588
2,0.015361877147687329
1,1.0
1,1.0
3,1.948739021003355
2,-0.0040506296565233245
1,1.0
1,1.0
0,0.023298265955698727
1,-0.009297925666569956
0,1.9950014804050287
1,2.228072154575406
0,2.029900935741514
2,0.004065683463411424
0,1.9943064391869136
1,-0.009217222814066403
0,-0.008439474456378883
3,2.142471258568688
-2,-0.002644932725728174
1,0.03861964529710708
4,2.078784336901727
-2,-0.04150802409047328
1,2.011414433672753
3,1.9862882513157112
2,1.8115814713074831
-1,-0.006414579125856365
0,0.019687591330249384
1,0.01357474656922609
0,0.4888241140208799
1,2.004070513472473
0,-0.06990137218993688
-1,-0.013509681450486503
0,-0.0023143492477900396
-1,-0.069119501976685
1,1.0
1,1.0
2,0.05981954790160427
-1,-0.01952170929724642
1,1.0
1,1.0
1,1.0
2,0.030363724444119562
0,0.005497907219628373
1,-0.003598666218873224
-1,-0.012094663642206413
-2,0.01837098790384313
1,-0.009036047656946626
-1,-0.006507297476653421
-1,0.07427760416105962
1,1.0
2,-0.020760692637579584
1,-0.00032257344103155144
-1,-0.01215767255619457
2,-0.011995275087392947
1,-0.0003975150503667889
0,0.12939175722280022
-2,0.06885001247877981
-1,-0.016128430008649296
1,1.0
2,-0.006724223169133297
-2,-0.037842896639427574
2,-0.09626284716412595
1,0.04027537353832296
1,0.001437689679167306
1,0.47324262990666915
1,2.136245749280165
-1,-0.004809084681674796
1,1.0
1,-0.006414579125856365
1,1.0
-1,0.05609010692130848
2,2.0275415477715275
-1,0.019942351561681514
1,1.0
2,-0.05252805702850751
3,1.8930467947710008
1,1.0
-2,-0.0247315767706132
1,0.06473587461933727
0,-0.04294728484802267
2,-0.021652447788991704
1,1.0
1,-0.05243963565234615
0,0.0022695324566115384
-1,-0.020760692637579584
2,0.029937787975354953
0,0.19263671337652863
0,-0.013869215923292837
3,1.9586299965054923
0,0.46627889111461
2,-0.008469145391751027
-2,0.0017403345110070978
0,-0.0159213859411533
1,1.0
2,0.0007300938673822772
-1,-0.008158025272907368
1,2.040743449767863
1,0.01615736620107344
0,-0.004130949147704877
0,2.111438773367356
1,-0.07460683849516564
-1,0.02397310557314019
1,1.0
2,2.0051643034367617
2,2.0246255948093603
2,3.1903468237348394
1,2.033872697632641
2,0.02838089678819612
2,0.01651964980448285
1,1.0
1,1.0
1,2.001401395666841
2,-0.0040506296565233245
0,2.0295524939554155
-2,0.016013899492651737
1,2.166162855708253
2,0.017837450800638092
-2,-0.10184752175671606
0,-0.023382030116898926
-1,0.055371280659484136
-1,-0.057560491726505535
-2,-0.1475848972291256
4,1.9267872327091202
1,1.0
3,2.0165727847396324
0,-0.02480167824669537
0,-0.022716430774678272
3,1.9318245711770075
1,-0.0040217840579525425
-1,-0.007710276175914046
-1,-0.027025179059229368
4,2.042575876387603
2,2.024554962602237
2,-0.020381611021708768
-1,-0.04211975131503151
1,1.0
1,0.5056286812440209
0,0.4838649063464135
1,1.0
0,0.01148450808673597
-2,-0.014585239898705386
-2,-0.01088763003222009
1,1.0
0,-0.03935479770879519
2,-0.05480021811096471
-2,-0.018790748403212973
1,1.0
1,2.093641485885353
1,1.0
2,0.02403329968789764
0,0.01006918563640693
0,-0.0647949429161523
0,0.02403329968789764
0,0.5331411325753094
1,-0.02302836822926296
-2,-0.0031754411085496478
-2,-0.005133265557190111
0,0.10771271400195509
2,0.022651000800327347
0,0.0226107890227082
0,-0.020760692637579584
2,-0.007958128288298245
-1,-0.008616902864181451
-1,-0.0777591923332507
1,-0.004816941804509852
1,1.0
1,1.0
3,1.997820770397632
1,1.0
2,-0.00047071625197908764
1,-0.02920277744606069
-2,-0.0009194372634221831
2,0.02765284771756462
0,0.010009508398804512
1,1.0
-2,0.027028303958444338
-1,0.010154189832818534
1,1.0
1,-0.0143857728265869
0,0.0063435146313211635
2,0.008505585176938698
-2,-0.002957186322852683
2,1.7489570057510493
1,0.49059993755937265
-2,-0.021071141567327794
1,1.0
2,-0.06809585123025565
1,1.0
2,0.018388974329656537
0,-0.032222499168646966
1,1.0
1,-0.09064160135749871
1,1.0
2,1.914843882690127
-1,-0.0007124005613967758
1,1.0
1,0.4509191105248632
4,2.007205020935156
1,0.006921226879439489
-1,0.00871837255537545
0,-0.04273404204472252
0,0.5416649488871447
1,1.0
2,0.011009009590473868
0,0.5725415628995579
1,-0.022054412923180458
-2,0.043537996903524216
4,2.0437198688647813
-1,0.01180375642688038
1,0.4317462004798353
2,1.991731867886665
1,-0.01626514729380318
-1,-0.008616902864181451
0,1.984262036455967
1,-0.05584910796316214
0,1.9481337977238846
1,1.0
1,-0.08882840103895838
1,-0.03362176130407122
1,-0.006401638939690879
2,0.001437689679167306
2,-0.06101344497548155
1,1.0
-1,0.22170481722850055
1,1.0
-2,-0.03667358242237266
1,1.0
1,-0.04845623868757282
1,0.02765284771756462
-1,-0.014987118972226352
-2,-0.005776325480372214
2,0.009153888736802597
0,0.02465870619109009
1,0.0038208898707391757
4,1.9170327474431266
2,0.026363040540325802
0,-0.03897080949360582
1,-0.016999234459157728
1,1.0
1,-0.025773072694211266
-2,0.003898442735124019
3,1.9801801868399058
1,1.0
1,-0.034868704401211835
-1,0.053094714426377324
2,-0.01268992378852675
2,0.011454265805796676
2,2.013670614066086
0,1.9851253704371148
3,2.0752524080625268
1,0.37964240392165777
0,0.5834746862446923
-1,-0.001177893720921398
-1,-0.005846354933789023
1,0.015920810758805123
2,2.0557640527893577
1,-0.008111214787247552
1,-0.051178929662667426
0,-0.027676434451141853
1,1.0
2,0.020231484552710996
0,-0.009648009772256116
3,2.0125823893711035
1,-0.025948353072132918
0,1.8908651927783304
-1,-0.04724473214143663
1,0.0671934455220876
0,0.024930728572229617
0,1.9950114519671829
1,1.0
2,-0.024618838605772554
-2,-0.018747368664876307
1,1.0
0,2.0077375386519796
1,-0.03976632032962283
0,0.038814297078945306
1,-0.0027715699162280645
2,0.0068541360366089895
0,-0.0023143492477900396
-2,-0.022716430774678272
-2,-0.02295071028823433
4,1.9565054701236793
1,-0.006401638939690879
1,0.004089280545480498
2,-0.013457395187899174
-2,-0.09246764910833236
0,0.005284751940043231
-1,-0.040734748904396545
2,-0.017362305967670792
0,0.018280096550814744
1,0.46338993202379897
-2,-0.014162312734842218
1,1.0
1,-0.02095915169591603
-2,-0.0006286160657992437
2,-0.05617650808484824
0,-0.06394129904427204
2,0.007625815458044983
-2,-0.05113097172685181
-1,-0.005508621020536452
0,-0.039973223314685266
1,-0.12821841150339824
1,0.010559820705179641
1,0.027395981817563326
-1,0.012808629285006024
0,1.9531785554386087
-1,-0.004053278755565207
-1,0.1737741234905207
1,0.08972258423925675
-2,-0.040426057805366476
1,-0.03271438283995666
2,-0.0048409073335294525
1,-0.04007873982995673
1,1.9870432024066362
-1,-0.0013204672074496498
2,0.06411627032355127
1,1.0
4,2.308010161340525
-2,-0.024046222886004682
4,2.0210595060303493
2,-0.027091272705336032
-1,-0.0276617496156616
3,2.0684859940142895
-2,-0.0014779122891491097
0,0.039759271228705026
0,-0.04494021276381858
2,0.021326343218596257
2,-0.007290251424747775
-2,-0.014193260084194505
2,-0.011043070106376928
3,2.2193701979625438
1,-0.05874881306925334
2,-0.007843473984129797
1,-0.0007056180573955636
-1,-0.012094663642206413
1,0.001955715922656507
0,0.025443688543761972
2,-0.08221245222365209
3,1.865518201991103
0,0.0002495242748969627
0,0.05053523010003649
3,1.960213755616945
4,1.898457124129346
-2,0.007126171616321151
0,0.009153888736802597
-2,-0.03667358242237266
1,0.008502874206302158
-2,0.01649986662048054
-2,-0.0031754411085496478
1,1.0
1,1.0
-1,-0.2526700772436154
1,2.188339822021887
1,1.0
0,0.05981954790160427
0,2.019977869868352
1,1.0
1,-0.027487831156217085
1,-0.016999234459157728
1,0.019942351561681514
0,-0.013141857371260559
-1,0.0020896055683126105
0,1.9147791244718328
1,1.0
0,0.046096956495887166
2,0.06885001247877981
-2,-0.015459640426566446
0,-0.007658900958998582
1,1.0
-1,-0.0029832032557617384
2,0.02917182723841805
2,-0.013607049515743985
2,-0.09298860446794636
1,1.8110528506499637
-1,-0.008588778579324855
1,-0.006641396467836263
2,0.0289274735405856
0,-0.0013789659727180966
2,2.0301859944598992
0,-0.02430092681635427
-1,-0.0035824123099847003
2,0.0002495242748969627
1,-0.04598759669601807
2,-0.006096180297084777
3,2.019507443997588
1,1.0
1,0.10979634453103616
2,-0.01655775848336431
0,0.043537996903524216
1,1.0
-1,-0.006401638939690879
3,2.1667719867521753
-2,0.010213535835617753
1,1.0
-1,-0.029794416101058353
-1,-0.052649956621026554
1,0.0043858328222811495
1,1.0
0,0.4918270743918828
1,1.0
0,0.5558292482085414
0,0.49365572783019696
1,1.0
1,1.0
1,1.0
3,2.0982963126016223
0,0.4760689803848783
1,0.0656013517647808
1,-0.01574735363154379
-2,0.022295194415339253
1,0.0171101366611392
4,2.001401395666841
4,2.1208518994789465
-1,-0.046377318961593535
1,0.5460965698409158
0,1.9928265179848454
0,-0.06914409932386527
-2,0.005645701166506426
-2,-0.005846561136671679
1,1.0
1,1.0
1,1.0
1,-0.0023143492477900396
2,-0.026374645349013733
2,-0.011343640001197858
-1,0.001104057503981705
1,-0.004860331400860989
0,0.017316776667177413
-2,-0.017001413933008476
3,2.004862542912272
1,0.5240956297676855
3,1.9396989162725007
1,1.0
4,1.9306415934156618
3,2.0609893793000555
4,1.9672984940048062
1,1.0
1,1.0
2,1.934010430642179
3,2.0631050874078656
1,1.9531785554386087
3,1.9452579845583426
0,0.022554442027372546
1,1.0
2,-0.010516437763087692
2,-0.03362176130407122
2,2.0073998734483927
0,2.0436996028847174
0,-0.0048409073335294525
2,-0.011238673609254776
-1,-0.012589668492844763
0,-0.041790778982443974
-1,0.022411691665592363
1,0.4257801432027857
0,0.43890215530800275
1,0.004497117933398857
-1,-0.03043744727114242
1,1.0
0,1.903287058809286
2,0.006921226879439489
0,-0.011995275087392947
1,1.0
4,2.0058055404885096
2,0.018280417805054013
1,1.917687349861861
1,-0.003284896661018527
-2,-0.05584910796316214
1,-0.007139195295641198
-1,-0.03600654410229554
2,0.006921226879439489
2,-0.008301763981843104
0,1.9742787825369987
-2,-0.05794859298898707
1,-0.006790194698363442
-2,-0.011570520294152087
3,1.9649446886686714
1,1.0
-2,-0.02574300962046591
-1,-0.014273781493489355
2,-0.03498913819349523
0,0.045270444510087764
-2,0.059481568844382195
1,1.0
3,2.164268515541401
0,-0.11590653350069237
0,0.059481568844382195
-1,0.007487267293918226
-1,0.04600749778469611
0,2.032733659876384
4,2.0470678482368942
1,-0.04899922365300446
-1,-0.026691705944003847
1,1.0
0,1.8824128096868458
1,1.0
3,1.970719717985361
0,0.018297438218368437
1,1.0
1,0.008319632023547513
1,0.4226345030610392
1,1.0
-1,0.01849311941028551
2,-0.02806131329072289
-2,-0.022189823277386597
-1,0.020088779719525024
1,0.03603023007950267
2,-0.0892245127581933
1,0.008706048952416126
0,0.027028303958444338
3,2.007654650409828
1,1.0
2,-0.024161521999413287
0,0.46393660881100796
1,1.9452005326704502
-2,-0.008371542450236224
3,2.0131788166134283
0,0.45761449608214533
-2,0.004744938879628492
2,-0.031078057153382785
0,0.0038621661841662493
-1,0.0038208898707391757
-1,0.020070698684598525
-1,-0.03696182487434768
4,2.0117234171735263
2,0.0028053059939205506
0,-0.012927381560026287
0,0.050548684659002044
2,1.8978398630038043
2,-0.06216137883399915
1,0.030120910839145254
-1,-0.003433762223788892
-1,0.005712714459861729
-1,0.03289297706513207
1,-0.0029832032557617384
1,0.05614984518952678
4,2.0784832501504065
2,-0.0072528990268326465
-2,0.010704303556795964
2,2.0631050874078656
1,1.0
1,0.0024045365657589393
1,1.0
0,-0.07155084629903813
0,-0.010357376332145835
1,1.0
1,0.006224310680097382
1,1.0
1,1.0
0,0.013269927069231573
0,2.0028272742021644
1,1.0
0,-0.031873118820635565
2,2.0416089537514193
1,1.8698449146030456
0,-0.03437971430791932
-1,-0.1259392625276825
0,0.02388852122406815
0,0.11756829805996488
1,1.9970162143022676
1,-0.0036274000967628293
2,0.029969106179649634
1,1.0
1,0.013929340194535593
1,-0.012927381560026287
2,-0.005438752356636359
-2,0.0317072610112426
1,1.0
1,1.0
1,1.0
-1,0.007126171616321151
1,0.48478461469087514
-2,0.004728283268795881
1,2.003017447078844
-1,0.00858273543881666
0,-0.03179262729632508
1,-0.04897054341839785
0,-0.08011592437261271
1,-0.014997679660532387
-1,0.040243790161369516
-2,-0.05088144784848888
-1,0.3179081012232403
1,1.0
0,1.9308792226768403
-2,-0.002957186322852683
1,0.007625815458044983
1,-0.058493699801276514
4,1.9741239044989667
-1,-0.006401638939690879
1,1.0
1,1.0
-1,-0.0690880798521516
0,-0.0012650125616840758
-2,-0.004816941804509852
4,1.9830565586111542
-2,0.03084866845250242
1,1.0
3,1.9323108629478878
-1,0.005873972158185833
2,-0.0010425707000761375
1,-0.04619855854302411
0,1.9895115345966188
1,1.0
3,2.022380824629169
2,0.013170373905898263
1,-0.020760692637579584
2,-0.020360649431310024
1,1.0
1,0.006921226879439489
2,1.9999241504203464
4,2.00026977715694
1,1.0
2,-0.004258639239227954
2,0.08560228805688926
0,-0.05019626655758688
1,1.0
-1,-0.0072528990268326465
-1,-0.024707342665631155
-1,-0.027022121392803643
1,1.9460227732442623
0,-0.013008606739808809
0,-0.05461398371405976
-1,-0.06914409932386527
3,1.9591230481085038
-1,-0.014392115540024612
1,-0.0276617496156616
1,1.0
-1,0.030363724444119562
-2,-0.012206389024798434
0,-0.010516437763087692
-2,-0.005441554695765777
0,0.00974232937462842
2,-0.032222499168646966
2,0.15191529440210455
0,0.5363671010215159
-2,-0.11386946284892174
2,-0.025493409885991872
0,1.9399601629546526
0,-0.13344724771877875
1,1.0
3,1.8864309996654702
0,0.6044115035247862
-2,0.0140371573951618
-1,-0.018543129454594943
1,1.0
-1,0.02078507242082881
2,-0.021591776225930545
-2,-0.007706214965080408
1,-0.07000002692818647
1,1.0
4,2.209479791797934
2,0.010647350062249442
1,0.0020632257139431925
-2,-0.040668637782253846
-2,-0.02742331269436147
0,1.9303198040993448
1,0.08550495697434249
0,-0.023191053765512656
2,0.1566231028945787
-2,-0.028076560288962184
1,1.0
-1,-0.008152200331596802
1,1.0
-1,-0.06259374903152785
4,2.2525124431651626
2,0.047338063844169505
1,-0.0002228215195130248
0,0.0071429705240301546
1,0.4892340785006435
1,1.0
1,1.0
0,0.43864657254175227
1,1.0
2,0.0022695324566115384
1,0.4380695578437443
2,0.0524880750016199
1,0.01946478666568868
1,1.0
4,1.9704914201330852
1,1.0
2,-0.021022251908217476
1,-0.020509847748799433
-2,-0.020647744259739986
1,1.0
-1,0.05063371934406089
3,2.0204800645501946
-2,-0.06360618573006023
1,0.005284751940043231
0,2.015298505271464
2,1.5013762063545752
1,-0.009468072215395487
1,-0.035852835506456265
-2,0.006134567342864918
1,2.01103907539524
3,1.765606484706455
1,1.0
0,-0.02627547846189032
2,0.022651000800327347
-1,0.007814905249928483
1,1.0
0,1.9104688498377769
1,1.9501849708633399
-2,0.0019101940054457223
-2,-0.02948804203568534
-1,0.05288491947402237
3,2.1483262175869045
1,1.9672818308343076
-2,-0.003901380915753627
1,1.0
3,2.0138353173537453
-2,-0.014009142390621407
1,1.0
-2,0.006942358113663318
4,1.8455048495583528
0,1.9407214713861094
-1,0.007971604914132732
0,0.018670790408401264
0,-0.02726231930684305
-1,-0.0025857416599480844
1,1.0
1,1.0
-1,-0.0061085171766837336
0,-0.022054412923180458
4,1.9611348421848525
-2,-0.034868704401211835
-1,-0.00966275306170573
1,-0.02836172011787478
-2,-0.03562320083196854
1,1.0
1,-0.11386946284892174
1,0.026760969221686085
-2,-0.016128430008649296
-1,0.0037262491774852093
-2,-0.06259374903152785
-2,-0.006432935904595915
1,1.0
0,0.46303843455128274
1,1.0
3,2.045045664236531
1,1.0
-2,0.003719741476688899
1,2.0218397936752557
1,1.0
-2,0.23407591746491288
2,-0.004124086523147993
1,-0.07889495943292939
0,1.9863179013537442
1,-0.04606602686387335
1,0.4733259767298005
0,-0.02130366418077241
2,-0.0012650125616840758
1,0.023298265955698727
0,0.49345194341981474
0,1.9247437860544547
1,1.0
1,0.5131179541840712
2,0.03092351948771953
0,0.035360303055495604
2,-0.04849608595663582
2,-0.011343640001197858
3,2.1144345371755624
0,0.0048832936518880985
0,1.9910298185334758
-1,-0.0093064789331992
2,-0.0076313907759917934
-2,-0.02603921756961445
3,2.1262745101843508
-1,-0.0023143492477900396
1,2.0752524080625268
1,1.0
1,-0.010745699690553046
-1,-0.004400824816789992
1,-0.1259392625276825
2,1.9374467222487328
0,0.011307521769651652
1,-0.006401638939690879
2,-0.04926177913983467
0,-0.023205460672979822
-1,-0.026644032064806606
0,-0.019837613563863123
-2,0.07473643850650696
-1,-0.02880434805127574
-2,-0.003267509122781168
1,-0.13184830698469668
0,0.0700280772562092
1,0.5120235315889052
2,0.011514600796578218
2,0.030541697081802
1,1.0
1,0.4562925390763087
1,1.0
-2,0.017487298920905246
-1,0.0022695324566115384
-1,-0.006481301214429457
1,1.0
-1,-0.007756644480747287
1,1.0
-2,0.017553896302812014
2,0.02688002196510133
-2,0.0524880750016199
-2,-0.024107032515021068
1,2.0027748240938186
-1,0.017193556524353906
1,0.513406230236138
0,0.0038650814732446638
1,-0.035852835506456265
-1,-0.04073903038085353
-2,0.008502874206302158
1,1.0
0,-0.018370074642743886
1,-0.04526874911393888
1,1.0
0,-0.017803199499949334
-2,-0.03271438283995666
1,0.0062586942178730134
0,0.0004085560361317139
0,-0.06914409932386527
2,1.8344635297989447
0,0.4641330281832408
-1,-0.08689134450601661
2,0.0051614949569185106
1,1.0
2,-0.009314781101609118
-1,0.022892803576577084
2,0.0038208898707391757
-2,-0.016793127633909433
-2,0.015671666839610368
1,1.0
-2,-0.03362176130407122
1,1.0
1,1.0
1,2.1001502626591533
-2,0.01844636286684374
2,1.930617255618242
-2,-0.02742331269436147
1,1.0
2,-0.04713531584826052
0,-0.01527281749864842
0,-0.0248459028008144
-1,-0.041790778982443974
2,2.032880250318871
0,0.5171019645291643
0,-0.02480167824669537
-2,-0.013904659563619344
1,1.0
1,1.0
-2,0.016013899492651737
0,0.03365248881468666
0,0.036183756231127476
-2,-0.018924709776009022
-1,-0.023205460672979822
-1,-0.0027693930787494408
2,2.006630258052634
1,0.024930728572229617
2,-0.020357097963555813
1,-0.01372542586484999
2,1.9885896249961683
-2,0.20050842126427615
2,0.020084143863140166
1,1.0
4,2.377055346983728
-1,-0.0048409073335294525
1,1.0
-1,-0.04008507235222294
-2,0.006285666565641982
2,-0.005805135378324986
-2,-0.022697686266879222
1,0.008802536068190005
1,1.0
0,-0.055959619252831605
0,0.02403329968789764
1,0.05053523010003649
4,1.9333447375750754
1,1.9959315022037487
-2,-0.007751243642956695
-2,0.017487298920905246
1,1.0
2,1.8696819013113983
1,1.0
3,1.8824128096868458
2,-0.01997837239338664
3,2.0380451177528736
1,-0.03267953288537623
1,0.45194499826408113
2,-0.008371542450236224
0,0.46151712455842975
1,-0.008843552432121742
1,1.0
-1,0.018285675958079978
1,1.0
2,1.9817483611346696
1,0.022325625014917656
-2,-0.006401638939690879
2,-0.004162528875529827
-2,0.032750104908970394
1,1.0
4,1.9871642283318653
-2,-0.04211975131503151
0,-0.0023143492477900396
1,-0.006585826032229226
-1,-0.047773530270261724
-2,-0.04996711721891396
2,-0.026531816863738632
-1,0.0038590535055777957
0,2.0366189568241397
3,1.9686474126959146
2,0.05431337775126774
1,1.0
4,1.9527414625382848
-2,-0.01891627396293908
-2,-0.010332757577539287
-1,0.013384598932718246
2,1.9821146923218051
1,1.0
0,-0.06259374903152785
-2,-0.00917556748970762
4,1.9849481857362767
0,-0.04079854859850134
2,0.01548503986536287
0,2.0972156179864445
-2,-0.039973223314685266
4,1.6766362389976492
-2,0.07118407176204716
1,0.02403329968789764
1,-0.003510253297678276
2,-0.01837074893652975
-1,0.08343651868503542
1,-0.03443370034476011
1,1.0
3,1.9826793551232729
0,0.41988084645372004
2,0.05410403598188677
-1,-0.008326921811811008
-2,-0.04524367175053727
1,1.0
-1,0.0357642605601322
0,0.005940161159665631
1,1.0
1,1.0
-1,0.017737988068622222
0,0.1566231028945787
2,0.015788100876284038
0,-0.03952565159817167
1,1.0
2,-0.030248279172657835
2,0.000617466935425724
1,-0.003329292778855678
2,0.08158225435981784
4,2.004982088354481
-2,-0.031259856032040546
4,2.1653740500376206
0,1.9174721343561578
1,1.8908651927783304
0,-0.029794416101058353
-1,-0.008152494972876151
-1,-0.0013204672074496498
-2,-0.12189724360682544
1,1.0
0,0.46909525215077635
-1,0.004088572559183447
1,-0.0034374221959277934
-2,-0.0020421784818163862
-2,-0.024654795788507367
0,0.3506730399130452
1,-0.17628001144693944
2,2.0611506859502096
1,1.0
2,-0.015901481485326528
1,1.0
1,-0.13932174249268242
2,-0.06259374903152785
2,-0.024645505370022164
0,2.058863969904694
0,0.013341703966789076
1,0.4482011127792743
2,0.009447701562512617
1,0.004728283268795881
0,-0.009583143644878212
-1,0.0005439310989375744
-1,0.10097228193052643
2,0.046083707891268894
4,1.6338212917753239
0,-0.009841641632335845
-2,-0.003651020686343291
-2,0.009153888736802597
1,-0.01658845852708766
2,-0.02742331269436147
1,0.01946478666568868
0,-0.026837153189897246
4,1.9656083677497855
-1,0.02707843885989112
-2,0.01633443489012747
3,1.9621042845371877
2,-0.033123328701603255
1,1.0
1,-0.009093960200406917
0,-0.010516437763087692
3,1.9807913545546345
0,1.9593614888010518
2,-0.0647949429161523
2,0.00898265504394392
0,-0.02804177261263892
2,-0.01967004316841911
4,1.9516351813290223
1,1.0
1,1.0
1,-0.018790748403212973
2,0.045635144843823736
1,1.0
2,-0.013198678346857014
1,1.0
1,-0.03160502376570316
3,2.3723048998578724
0,0.004165640318717461
0,0.43869236760725777
0,-0.0003975150503667889
1,1.0
-2,0.0010542166767016164
2,-0.012094663642206413
-2,-0.019147744561017054
1,1.9540161804138458
0,-0.0014779122891491097
1,0.002488590698656822
0,0.0615262746385472
0,-0.016513929045919667
3,1.9753971290141752
1,-0.006344472515389063
-1,0.08902829534456796
1,2.0058755937907313
0,0.4123113287009356
-1,0.02795481691326616
-2,-0.006986850974063982
-2,-0.028076560288962184
3,1.8920739284569503
-2,0.0014802650279894993
-1,-0.04619855854302411
-2,-0.04494021276381858
1,-0.010047299216564592
0,2.017243441081797
2,-0.005291363909446586
-2,0.23486206818087155
1,1.8082261494062521
2,1.9991131741373953
0,-0.04273404204472252
1,2.0085337344158622
2,1.9315806457989948
0,0.4943187526614775
-2,0.035360303055495604
1,-0.0044351438888664205
-1,-0.031030501899291196
0,0.0033030404816015214
1,1.0
-2,-0.009314781101609118
-2,0.023709002419452174
0,-0.06394129904427204
3,2.097244271765394
2,-0.035852835506456265
2,0.020581280668737757
0,2.017758924380756
-2,0.10335601684180111
1,1.0
2,1.943968643416444
1,-0.014273781493489355
-2,-0.014585239898705386
-2,0.06078909575009241
1,0.3697321320524671
-2,-0.04421904771019098
-1,-0.029797247016661182
0,-0.0009194372634221831
1,0.6607761269616702
0,-0.022188438392951357
3,2.1776508197743984
-1,-0.08166326202984293
1,-0.005806610628349878
2,1.997820770397632
1,2.011414433672753
3,1.9372334603759538
1,1.0
-1,0.008684799222301184
0,0.011956334273681818
-1,-0.010861835861077675
1,1.0
1,-0.057560491726505535
-2,0.00578215129385085
-2,0.053564823502709843
2,-0.019614559202481417
-1,0.001437689679167306
1,1.950131620056944
-2,-0.03377165979076525
1,-0.06718433159634211
1,0.00578215129385085
1,0.42347713518114993
-2,-0.02002999406777025
1,0.53684267986255
-1,-0.003315500025808418
1,0.003276702137122244
-1,0.019830464985151067
0,-0.03124958098736137
-1,0.030544914588025995
1,2.0436996028847174
2,1.9406940732916615
1,1.0
4,2.032733659876384
1,1.0
-1,-0.04494021276381858
-2,-0.055959619252831605
1,1.0
-2,0.009153888736802597
2,0.017316776667177413
3,1.8953322172628455
0,0.4463487622906828
1,0.012102262266975406
3,1.9896086479241801
-2,-0.024654795788507367
1,1.0
2,-0.031935559532350506
0,-0.044427798743184595
1,0.001104057503981705
0,0.006743467946321837
0,0.06964649162798303
1,1.0
2,0.008085132078318135
-1,-0.021705691369267397
3,2.324873846166566
1,1.0
0,0.007625815458044983
0,0.029256691906444813
1,2.0168032862723435
1,0.004500445012183431
1,1.0
-1,0.055690422450340164
1,1.0
2,0.010202031293170625
1,0.011213756960725397
2,-0.04713531584826052
0,-0.026691705944003847
1,1.0
0,0.032511011380241026
3,2.025765794647407
0,-0.02893701708292221
4,2.041074677694768
0,-0.009923876141235088
0,0.4141713127656513
2,0.024197988261430138
1,-0.03279929966558866
1,0.019208137373792046
-1,0.019709974468549368
-1,-0.02440807868138717
-1,-0.03487218886061617
-2,0.018670790408401264
0,1.9487186909588265
0,-0.013961041868665544
-1,-0.012339171194060576
1,0.12537228399837802
-2,-0.003651020686343291
4,1.977424742990844
4,2.115133928321268
0,0.0123584181609598
3,1.919018996097888
1,0.010009508398804512
-2,0.00578215129385085
1,-0.07071698943297924
0,0.01220865098655569
2,-0.020712693209141916
0,-0.0036545801440507554
1,0.4775251281177066
0,0.039392825411655445
1,0.42347713518114993
0,-0.009923876141235088
1,1.0
2,0.0038872609633530037
1,-0.012219510757913965
3,1.985902124771161
0,0.4828282356650467
4,1.7832858289432503
1,1.0
0,-0.02411809239918795
1,-0.03667358242237266
1,2.1566371756564715
1,1.0
1,1.0
1,1.0
0,-0.007632070191947888
-1,0.02707843885989112
1,-0.06914409932386527
2,-0.0034027593510020824
4,1.9284486910751306
-2,0.051476778417132385
0,-0.03267821416177384
1,1.0
2,0.06428215474774504
2,2.0444883904306943
-1,0.02949764980850903
3,2.0184721324211186
-1,-0.01777774158587411
-2,-0.033676110607769136
1,0.563718480067767
1,2.1208518994789465
4,2.0380451177528736
-2,-0.14903915336754733
2,1.9772414295856413
-1,-0.003267509122781168
2,0.035386791254870584
1,-0.0216036062438887
1,1.0
0,2.011850422174375
0,0.4944221805704846
1,1.0
-2,-0.02726231930684305
1,1.0
1,0.4035228095074768
1,1.0
-1,0.0037944546514151567
0,0.42432872241730996
-2,-0.05051552308604948
3,2.057875106528018
0,-0.01732360254626596
0,0.0671934455220876
2,-0.0010885527220404337
1,1.0
1,1.0
1,1.9314380172282497
0,-0.030527068148258004
1,-0.01121499918369622
-1,-0.009171853191056255
1,1.0
0,0.0002495242748969627
0,-0.03727367476028072
1,1.0
0,0.006942358113663318
-2,-0.039184340159931136
-2,0.11059551121507645
0,0.5101345544306259
1,0.00838910182954182
4,1.9770687319651052
3,1.9501849708633399
3,2.2150799940633554
-1,0.005101364232484794
1,2.0549413749665137
-2,-0.05231976028427269
2,-0.001663632529375368
-1,0.004671203226012063
1,1.9762977212240986
1,1.0
3,1.8866641970998097
-1,-0.032222499168646966
-1,-6.673304114073665e-05
1,1.0
-2,0.01006918563640693
-1,-0.0036274000967628293
0,0.015877014708130615
1,0.5627819042986917
-1,-0.014507793452154572
-2,-0.020760692637579584
-2,-0.009583143644878212
1,-0.0034027593510020824
2,-0.020114704885466482
1,1.0
1,1.0
1,1.0
-1,0.0014802650279894993
0,1.8824128096868458
0,0.001695634901261788
3,1.9401740403417131
-1,-0.036270366722705984
1,1.0
2,-0.04711348545910319
1,-0.011043070106376928
0,1.8392855370764645
4,1.8909480479804435
2,-0.016513929045919667
1,1.0
1,-0.03823241118901757
-1,-0.029508442771428545
-1,0.019439218089416968
2,-0.054099877125634466
1,-0.07262273198967936
0,2.0090114060005746
-1,-0.05019626655758688
3,1.6981940325532765
-2,-0.06914409932386527
1,-0.019837613563863123
1,-0.07350326822308817
-1,-0.03267953288537623
1,0.45732892835433353
-1,0.050548684659002044
1,1.0
2,0.033197019357225195
1,1.0
1,1.0
4,2.19005664578187
0,-0.024161521999413287
4,1.9974094393270354
-1,-0.03790578063568941
1,1.8920739284569503
1,1.0
3,1.9632931400883045
-1,-0.03604121954065717
1,1.0
2,0.0006763557117422861
2,0.005284751940043231
0,0.015149013117386909
-1,-0.033123328701603255
0,-0.02002999406777025
3,2.05597172084015
1,1.0
2,-0.015459640426566446
1,1.0
0,-0.027759504213131236
-1,-0.003510253297678276
1,2.0812127875625435
2,2.1671098721070363
1,0.006942358113663318
1,1.0
1,-0.022716430774678272
0,-0.03586222054982616
1,1.0
4,1.9819920052992728
3,1.9817620037991603
2,-0.0024291109977293067
-1,-0.01209250063768005
0,0.49882354091390146
4,1.9481337977238846
0,0.45696258276277996
-2,-0.045896252207555756
1,1.0
0,-0.14685644160245237
1,0.049907276797947576
0,1.9392136871622017
-1,-0.011238673609254776
-1,0.0005439310989375744
-1,-0.012676431717839743
2,0.029036578406394953
0,0.004346653214440791
4,1.9970162143022676
-2,0.0014346878518939103
0,0.019208137373792046
1,0.0043858328222811495
3,1.9849481857362767
1,1.0
2,0.05275604616820737
-1,-0.02650903340861602
-1,-0.03883745994737457
-2,-0.0048409073335294525
2,-0.02948804203568534
1,1.0
1,1.0
0,1.9744424698950542
-2,-0.02742331269436147
2,-0.0060680003018978275
-2,-0.009249747930525165
2,-0.007063298916726547
1,0.4878641181542702
-1,-0.04390924613748306
1,1.0
0,-0.03498913819349523
1,0.005875710511017991
1,1.0
0,0.48621803865817403
1,1.992064628980969
2,0.02949764980850903
1,1.0
-2,0.0019977222038350248
1,1.0
1,1.0
0,-0.13943481226870627
1,1.0
1,-0.019614559202481417
2,0.04472255209291537
0,-0.020360649431310024
-1,0.019333114251221903
1,0.5230040331067247
2,0.02575409518002763
0,1.9537703628024707
4,2.0184721324211186
0,0.2556379083196579
4,1.9182233670142443
-2,0.009630685120877159
1,-0.03017308472437543
-2,-0.04681516388069339
2,-0.012206389024798434
0,2.0117234171735263
-1,-0.0009194372634221831
1,0.002488590698656822
-1,0.02922259884328547
0,-0.02314301825168884
1,1.0
2,1.9597982872805064
0,-0.0048409073335294525
3,1.9819920052992728
1,0.0014134663330675964
1,-0.07753024955951597
2,-0.0076313907759917934
0,1.9896466042160244
2,1.9986686667252371
-1,-0.0036545801440507554
1,1.0
0,-0.011185406517663431
1,1.0
1,1.0
0,-0.012171412217025019
-1,-0.04273404204472252
-1,-0.0690794295813019
4,2.064387411373768
-1,-0.012206389024798434
0,0.512357968338923
2,0.001695634901261788
1,1.0
1,1.0
1,1.0
0,0.5075727349197208
2,0.018459766097333328
-2,0.0008681559861151432
-2,0.05568043612219884
-2,-0.0029832032557617384
2,0.022325625014917656
1,2.0201378157016454
3,1.9640009534114982
3,1.9396989162725007
-2,0.016372057975176543
-1,0.006900341378776913
1,1.9762977212240986
1,-0.0048409073335294525
0,0.06862396420899072
-2,-0.02488839986541915
-1,-0.020539282087093155
3,1.8403098569073442
2,0.06150852674943839
1,0.0004225368108508913
1,1.0
-2,-0.046377318961593535
-1,0.0010704343739523976
-2,-0.018019044753904957
1,1.0
4,1.9382758233471447
2,-0.014078413663588574
2,-0.023205460672979822
-2,-0.034094172788015985
-1,-0.007290251424747775
2,0.05053523010003649
-2,-0.010920671400798408
1,1.0
-2,0.0725164974949529
-1,-0.020820994347324647
2,-0.040426057805366476
1,-0.009249747930525165
0,0.007590817136149616
1,1.9983631897778193
2,1.9247437860544547
1,0.5207892364495175
1,1.9800260316386713
0,0.012877630921685139
1,1.0
1,1.0
0,1.9158454574331645
-1,0.007465923206109364
-1,0.00578215129385085
4,1.9753971290141752
-1,-0.0034374221959277934
1,0.03710863089414774
4,1.9520833764801773
-1,-0.020114704885466482
1,0.0140371573951618
1,1.9199806331657225
-1,-0.010945688712762625
2,0.14981331871839415
0,0.06862396420899072
1,2.04716305464811
1,0.03761832153505988
1,-0.0411531020202033
-1,0.01646461028708217
1,1.0
1,1.0
1,1.0
1,-0.02838829623768827
2,-0.0251009567125654
1,-0.013825005731386739
-2,0.0011526402408111452
1,1.0
-2,0.3180645557184311
0,-0.0086354403816192
1,1.0
1,1.0
4,1.9021353687928237
0,2.1037867562243435
1,-0.02480167824669537
-2,0.007566440334452978
4,2.025428474013746
0,-0.052255714115644614
2,-0.00041370948259053124
1,-0.04526874911393888
0,-0.07959806229778382
0,0.4623990238869927
-1,0.003276702137122244
0,1.9030026783084333
-2,0.029256691906444813
1,2.0416089537514193
4,1.9237357688023748
1,-0.0009387823102381658
2,1.9174949025420138
-2,0.005374091863869716
0,0.029256691906444813
2,0.003537992482877943
2,0.14966386742753549
-2,0.06007965680514717
1,1.0
1,-0.032222499168646966
-2,0.013574990626149402
1,1.0
1,2.0228763380234174
-2,0.02575409518002763
0,-0.04845623868757282
0,-0.02775572475270836
1,0.5213832154905517
2,-0.03468468688595327
2,0.05053523010003649
3,1.8722921130906767
0,0.5251158208172396
0,-0.0012650125616840758
-2,0.034412814827009
-1,0.010647350062249442
1,-0.015676108507348865
-2,0.01890808753723661
-2,-0.0048409073335294525
1,1.0
-1,-0.06480812864217783
1,1.0
1,1.0
-1,0.03126126657700974
0,0.037572319362360405
0,0.14427011734959083
3,2.0378713632165453
1,0.45578090422155493
1,-0.024821593126114216
1,1.0
-1,-0.1259392625276825
2,0.04518030128290018
0,-0.009112642945824938
2,-0.03279929966558866
2,-0.01480706905106261
1,0.4751105946325088
0,-0.09298860446794636
1,1.0
2,1.946634925347908
1,0.013940112465032099
2,0.05396715496949374
0,1.8835466093941327
0,0.482255382539117
1,-0.0022499901416534757
1,1.0
0,0.009153888736802597
4,2.2725407430044733
4,1.903566256938784
1,1.0
-2,0.023344430206166947
1,0.001695634901261788
1,1.0
1,1.0
1,1.0
1,1.0
-1,0.08704660319879601
1,1.0
-2,-0.005806610628349878
-2,-0.00067462982084906
2,0.03452673918695912
0,0.019830464985151067
1,1.0
2,0.021326343218596257
-1,-0.0093064789331992
0,1.9883588795926748
-2,-0.02650903340861602
1,1.976438904438003
-1,0.18300658013661278
1,-0.0003975150503667889
-2,-0.025773072694211266
1,-0.020774832956145472
2,0.0524880750016199
1,1.0
1,-0.005135353746471236
1,-0.012171412217025019
0,1.9609896860901166
0,1.9707674473679904
0,0.0038590535055777957
0,-0.0025450556339339323
1,-0.03362176130407122
1,1.0
-2,-0.03696182487434768
2,2.07624998847297
0,2.033872697632641
1,1.0
0,-0.022716430774678272
2,0.005284751940043231
-1,0.03387623127194538
1,1.0
0,0.496753404944614
1,1.955300459958116
-2,-0.004162528875529827
1,1.0
2,2.003814317338197
0,0.0357642605601322
1,0.007934098111649156
1,-0.01162170389124115
0,-0.2135637706638679
2,2.0242060567450815
0,-0.03790578063568941
1,2.011529660785023
0,1.9434935562138764
1,1.0
-2,-0.04002761624122293
1,-0.031259856032040546
0,-0.04315534270831759
-1,-0.01121499918369622
3,1.9292122010333081
1,1.0
3,1.9818873144049427
4,1.9730966485711914
1,-0.01626514729380318
-2,-0.01349665519129246
1,1.8769526849673832
1,1.996364146688893
-1,-0.05479501278289863
2,0.03855421662036652
-2,-0.0007056180573955636
2,2.0124105430446777
4,1.9170850433622857
1,1.0
4,2.0723912700549794
1,2.0193519420413693
2,0.019439218089416968
1,1.8656425626181081
-1,-0.004809084681674796
3,2.058875339806281
2,-0.07460683849516564
2,2.235094236652167
1,1.0
-2,0.0034982975960865404
1,1.0
-2,0.05869222276076357
0,1.8611337560394885
1,0.03340111196653301
0,-0.020712693209141916
-1,-0.01386313519086686
1,-0.016999234459157728
-1,0.008721473511957005
3,1.9340420370388747
2,-0.006414579125856365
-1,-0.0044351438888664205
-1,0.0309504701579277
-2,-0.14843147029569814
0,2.019507443997588
1,-0.018161822517407646
1,2.004053835113628
-2,-0.029584100907689804
-2,-0.01121499918369622
2,-0.05059933933504483
-2,-0.0777591923332507
2,-0.032258849435526635
-1,0.002841932979518985
1,1.0
1,1.7919562622111733
1,1.0
-2,0.005114800878050163
4,1.983858207238497
1,0.4713494239720319
1,-0.0048409073335294525
2,0.018280096550814744
2,-0.013869215923292837
4,2.015239528085219
1,0.021089926432999614
2,0.029036578406394953
1,2.190804889336742
-2,-0.04681516388069339
0,0.4765009571669716
0,-0.012206389024798434
0,0.004744938879628492
-1,-0.08053783162446311
-1,-0.035852835506456265
-2,0.005101364232484794
2,1.89407781519464
2,-0.07776339449507792
0,0.41450158703106044
0,-0.11591648563561739
2,1.9487186909588265
3,1.979110584082205
0,-0.0036274000967628293
-2,0.06537058676842626
0,0.09372051970443764
0,2.130986788232265
0,0.029036578406394953
0,-0.03984622786622337
1,1.0
0,-0.004932956614569617
0,1.9986686667252371
0,0.006942358113663318
-1,0.05991273220487727
1,0.0010320572004955447
1,0.018118545653572005
2,0.07953341366599881
1,1.9909879879017047
0,0.025443688543761972
0,0.02575409518002763
1,-0.10062684100354996
1,1.0
1,-0.0748153724841662
3,2.3065707497363763
0,-0.04224529747557204
0,-0.03235635241380048
1,1.0
1,-0.002294432597680496
1,1.0
1,1.0
0,0.004909887047037396
2,0.04105163884249132
0,-0.0067401396149691754
4,1.9870432024066362
1,0.013536921755086823
1,-0.057560491726505535
1,1.0
2,0.0038650814732446638
1,1.0
-1,-0.040418077101203806
2,-0.01952170929724642
1,-0.031873118820635565
-2,0.015756273621853275
2,-0.006790194698363442
-1,-0.009468072215395487
3,2.032880250318871
0,0.0022695324566115384
1,-0.01494826229188232
0,-0.0276617496156616
2,-0.04224529747557204
-1,0.008492301110285058
3,2.011529660785023
0,0.004465901554199215
1,0.03179846694346644
2,-0.0009194372634221831
3,2.0210595060303493
0,-0.008503465184333469
1,-0.0022499901416534757
0,-0.0310258033253869
1,-0.04724473214143663
1,-0.004602927262667433
0,-0.00803393599733564
1,0.010446924910644218
-1,-0.022935603163038273
1,1.0
1,-0.0034027593510020824
1,1.0
2,0.007566440334452978
2,0.011213756960725397
0,0.16513004979689241
1,-0.1421904927642044
-2,0.010160048378976777
-2,-0.02650903340861602
0,0.44518331801573824
1,-0.009463171126247089
0,2.0972156179864445
0,-0.021160316619596154
4,2.0246255948093603
2,0.160731341589344
0,1.9960925874268067
2,-0.05584910796316214
1,1.0
-1,-0.022009096793449753
-1,0.0289274735405856
2,9.62699206121011e-05
2,-0.03423389264821785
4,1.9205917786552638
1,1.0
1,0.036062425396629384
1,-0.027435474810794086
1,1.0
0,0.03452673918695912
3,1.698825982659815
-1,0.006741818839971943
1,-0.006310740553089583
0,-0.05584910796316214
2,0.0614509589615662
2,-0.0495724210896164
-2,0.025557988513569985
3,2.065278766776822
1,-0.03705057983821099
2,2.05648067271186
3,1.8345321988245056
-1,-0.005077694885535106
1,1.0
0,0.17721880934457754
2,-0.006432935904595915
2,0.018206459509790003
1,1.0
3,1.9970162143022676
2,-0.03017308472437543
2,-0.08618057459792304
1,1.0
-2,-0.022925751421115737
0,2.0148096287848976
-1,-0.03432336462885481
2,-0.027606815892178664
-2,0.016975884052490363
-1,0.002775384863289336
2,2.015298505271464
1,2.0593079082858896
4,1.9752345257419457
1,1.0
-1,0.04971102365551871
1,1.980103812532746
1,1.0
1,1.0
1,-0.0297134733495468
0,0.0041884579096739824
1,1.0
1,1.0
1,-0.0034698179149716636
0,-0.0034342910341800315
-1,-0.036491347266896394
-2,0.001228042159378617
2,-0.024161521999413287
-2,-0.012004231635563318
1,0.4836686565606476
0,1.941243854736883
1,0.4960420693785136
1,-0.02488839986541915
-2,-0.0029832032557617384
0,1.9549573028036697
-2,-0.01659841650413073
0,-0.009923876141235088
0,-0.043042762840831125
3,1.9703560988871807
-1,-0.05252805702850751
-1,0.00615376322485859
0,2.0570552957715726
1,-0.01910482518586454
1,0.4667752643422978
0,2.17577783285952
-1,-0.0035824123099847003
0,-0.00043361328670983275
0,0.013384598932718246
1,0.02403329968789764
-1,0.04854250486498474
1,-0.0036545801440507554
4,1.9869751281658472
-2,-0.01626514729380318
1,-0.021131957386070255
1,1.0
2,2.1161774204538113
1,-0.05385677597735098
1,-0.018543129454594943
1,1.0
0,0.043100154840221803
0,-0.024618838605772554
1,1.0
2,0.0010704343739523976
1,-9.617989229952217e-05
-2,0.04027537353832296
-1,0.003908919493088753
-1,-0.03043744727114242
1,1.0
-1,-0.010945688712762625
-2,0.02232768679562772
0,-0.09609732162057545
-1,-0.04734862239274363
1,0.001437689679167306
1,1.0
-2,0.011213756960725397
2,-0.003329292778855678
3,2.0085210691808637
-1,-0.030894870261758994
2,-0.028585965320400385
1,1.0
3,1.99978447980445
1,0.48934193093185707
0,1.888996786394749
2,1.955300459958116
2,0.05049787625657109
-2,-0.0072528990268326465
1,1.0
2,-0.00549481996317305
-2,-0.012206389024798434
-2,-0.032234491070902316
-2,0.03084141207192637
-1,0.04709912405694622
1,0.03591157939579531
-2,0.01634501211664677
4,2.0442874329544516
0,0.4022905051731073
-1,0.029036578406394953
0,0.03368816434178682
-1,0.01946478666568868
0,-0.03137704327314171
-2,0.06571226966625199
1,-0.03174467570813897
2,-0.009314781101609118
1,0.01794251577424415
0,-0.0031754411085496478
0,0.5050070982828605
1,1.961636720072304
2,0.001955715922656507
4,2.0764731317209915
1,1.0
-1,0.17298562685268273
3,1.9140968646035805
0,1.984262036455967
0,-0.04543212741766216
-1,-0.028071403250570604
1,0.014955843362153318
2,-0.01784449516853669
0,-0.01527281749864842
1,1.0
-1,-0.003510253297678276
-2,0.1400079171575048
0,1.9259385795475559
3,2.0419800515104756
-2,-0.00028212949129002206
2,-0.03667358242237266
2,1.953019904254781
1,2.048240269359298
2,-0.02373579282211648
-2,-0.007572158982267704
1,1.0
1,1.9986686667252371
1,-0.014254749044545148
-1,0.023991033273262165
1,-0.005291363909446586
1,0.4505459329347936
2,0.11613600426522246
3,1.9601702203036495
1,2.2281147970585873
0,-0.027487831156217085
1,-0.011343640001197858
-2,0.0012501148881276006
0,0.4851923963399484
-1,0.020231484552710996
1,1.0
-1,0.024167155255792758
0,-0.015013434323042736
2,1.9942955038197334
0,0.1494091803915182
1,-0.009314781101609118
2,0.005284751940043231
1,-0.03279929966558866
1,0.4150186791915955
-1,0.0038909478638072576
1,1.0
4,1.9202969447485092
2,0.007465923206109364
1,0.5000034897988321
0,1.9274255169922614
1,0.46812424219122
2,0.05517975869015746
4,1.9360099607315189
-2,-0.0046331549773185885
-1,0.06885001247877981
2,0.01357474656922609
-2,-0.026413637866106402
1,-0.030438811479865695
1,1.0
1,1.0
0,0.00578215129385085
-1,-0.034868704401211835
2,-0.01215891330828427
-1,-0.03667358242237266
1,1.0
1,1.986275949463155
4,1.9686474126959146
-1,-0.04724473214143663
-2,-0.034551364034456876
0,0.0069373903962980064
2,0.15519203739184945
1,1.0
1,1.0
-1,-0.008572413638509324
2,0.3854902597144206
1,1.0
1,0.4983520390472965
2,-0.032222499168646966
0,0.018481918097044935
-1,-0.02197085358294654
0,-0.030935537548451287
0,0.05275604616820737
2,0.022478776840516496
-1,0.029910664967745953
-1,-0.11608776401101834
-1,-0.024722495494452747
1,0.44578021909770904
1,0.4465654289563561
1,0.009327013621887793
-2,-0.08794163613895056
-2,-0.03107334471400053
4,2.1319028527848247
-1,0.03092351948771953
-1,-0.004839482597204122
0,-0.012206389024798434
-2,-0.07753024955951597
1,1.0
1,-0.024001215787337497
-1,-0.004130949147704877
1,-0.0015622841505143975
0,-0.03498913819349523
0,-0.014638767704459398
1,-0.07460683849516564
-1,0.015275308462497871
-1,-0.01967004316841911
4,1.9862627068885113
-2,-0.17628001144693944
1,1.0
0,2.052571970392785
-2,0.008165344044651503
1,1.0
-1,-0.022697686266879222
2,-0.018019044753904957
1,1.0
0,0.0140371573951618
0,-0.03439814143848003
0,1.9378274209955078
-2,0.005229199118006764
2,0.0028053059939205506
1,1.0
-1,0.05053523010003649
-1,-0.005215971454659271
-1,-0.021407612422379863
-2,0.018891039614380937
-2,-0.01659841650413073
1,-0.028895667442589326
2,-0.009314781101609118
-2,0.005873390251638665
1,0.020163114191274714
4,1.9416743697132515
-2,-0.008366559747196502
0,0.03520197371922305
1,1.0
-1,0.011956334273681818
1,1.965544364784999
1,-0.01997837239338664
-2,-0.17315281346963332
0,1.9318245711770075
0,0.015451040128352895
1,1.0
-2,-0.00549481996317305
1,1.0
-2,0.01211540320772702
1,1.0
-2,-0.014356535536923842
0,0.04678404457459589
1,1.0
2,2.1863040585830937
4,1.9297118901003316
0,2.078287298184221
-2,-0.011709626686107947
1,1.0
1,1.0
1,2.0711938687282525
2,-0.011215827403690428
1,0.030837751290910195
2,-0.06481791062365225
1,1.0
0,-0.0229362632093713
-1,-0.050421879975609325
1,1.0
1,1.9162422191098634
-1,0.019636489110514046
-1,0.031021990098486024
-2,-0.024618838605772554
1,1.0
4,1.9746898646406164
-2,-0.10953840402737695
2,-0.0034027593510020824
-2,-0.021160316619596154
-1,-0.005508621020536452
0,0.4013039743675871
0,0.5081826455471037
1,1.0
1,-0.0423158416838949
1,1.0
-1,0.002730671447946033
-1,0.019158291632124867
1,1.0
1,1.9761077445297248
2,-0.02494392805072774
1,1.0
2,0.018670790408401264
0,0.08015641740176913
-1,0.01890175805664047
0,0.06885001247877981
-2,-0.01372542586484999
-1,-0.01626514729380318
2,0.005284751940043231
0,-0.04619855854302411
-1,-0.046238769634357135
2,-0.046377318961593535
0,-0.0086354403816192
1,0.0725164974949529
2,-0.01530670584045707
1,1.0
2,0.0038208898707391757
-1,0.0047260169034829625
0,0.48471952261629675
0,1.9352252469160651
3,2.0218397936752557
0,-0.021591776225930545
1,1.0
-2,-0.07665400164937554
1,-0.10592588796570085
-1,0.036183756231127476
1,1.0
2,-0.02480167824669537
3,2.0452383862984607
0,-0.002684800093031992
-1,-0.02226774918857228
1,1.0
4,2.150765157067612
-1,0.037539236961444004
1,1.0
1,1.0
3,2.0666369044376247
1,1.0
-1,0.05517975869015746
-2,0.03855421662036652
2,2.1706158221856553
0,0.021390762639420836
1,1.0
1,1.0
2,-0.1259392625276825
-1,-0.02905893688071262
2,-0.04821043487095731
-1,-0.0034377469548396346
1,1.0
-1,-0.02494392805072774
1,1.0
2,-0.0007220480663862203
2,-0.05113097172685181
1,0.4731476920153482
1,1.0
-1,0.0030883938488698854
2,-0.03084636906034698
1,0.4110021026317144
0,-0.04294728484802267
-1,-0.06399305497476986
1,-0.01301305345290709
-1,-0.0299232123765241
3,1.9483611772799145
1,1.0
-2,-0.09294333097437489
2,0.11938262055152149
1,1.0
-1,0.007625815458044983
-2,0.0043858328222811495
0,0.00578215129385085
1,0.039557002278117
0,1.9932732018400938
2,-0.034868704401211835
1,1.0
-1,0.00898265504394392
-2,0.0027530427615076853
0,-0.06659971552469902
-1,-0.17341513417116744
1,1.0
2,1.9683954656617808
1,0.024729957338792876
0,0.018206459509790003
4,1.9597118441076882
2,-0.01401621494162288
1,1.0
0,-0.025290805947110858
-2,-0.00956263016956069
2,0.03216375229968028
1,0.3952772162323653
2,2.0163460048726156
0,1.93488456081088
2,0.0019977222038350248
4,2.196876326810432
-2,0.026701752108281164
1,1.0
2,-0.022386989372264417
1,1.0
-1,0.023871070225750825
1,1.0
2,0.029256691906444813
4,2.1463852581672764
0,0.002236094674775907
1,-0.011895654318939988
0,-0.0086354403816192
1,-0.04211975131503151
-1,-0.02430092681635427
-1,0.006510887113619382
2,-0.017404028737069758
-2,0.00462153700691315
2,2.041074677694768
-2,-0.06475684612305754
-2,-0.07730314427246415
1,1.0
1,0.580232679010442
1,1.0
0,0.4905789476003545
-1,-0.01399799082469516
2,-0.008948733636069118
0,-0.18160986449677372
2,2.0954479185055006
1,1.0
0,1.8455048495583528
1,0.48150208339087947
0,2.046093912637875
2,0.004728283268795881
-1,-0.025560311180913266
-2,-0.01386313519086686
0,-0.013533955464250553
0,-0.0664446529239192
2,1.9616998723517265
0,0.014472200046198957
0,0.08972258423925675
1,1.0
-1,-0.052649956621026554
2,0.00898265504394392
4,1.5898125553785496
2,1.8881736752888676
1,-0.03480284479372131
1,1.0
1,1.0
1,-0.013312008107402771
1,1.0
1,1.0
1,-0.020381611021708768
1,0.1318706660848105
1,0.01324125504885982
1,-0.04526874911393888
3,1.9024326114985612
2,-0.09641135025045303
1,-0.04211975131503151
-2,-0.05088144784848888
0,0.009547127257507363
1,1.0
2,-0.028895667442589326
0,2.0376898569602546
0,-0.012352339380589647
-1,0.005497907219628373
-2,-0.018934610107037956
-2,0.052746876598682144
2,-0.006724223169133297
1,0.0012501148881276006
0,1.930617255618242
-2,0.009547127257507363
0,-0.01795017737036225
2,0.008502874206302158
-2,-0.03571913441815357
-1,-0.00044149109083645166
2,-0.021407612422379863
1,-0.015901481485326528
0,-0.010845009412345034
0,0.4945180543464687
1,-0.02893701708292221
0,0.034966441040956274
1,1.0
1,-0.011895654318939988
2,-0.016999234459157728
1,1.0
2,0.018637000499826827
-2,-0.028076560288962184
0,-0.005776325480372214
0,-0.008000096185884794
1,0.008976622304574477
1,1.0
1,1.0
1,1.0
-2,-0.02650903340861602
2,-0.040668637782253846
0,0.013645814254878
-1,-0.006130676676605397
-2,-0.07845173934122432
1,0.011489840128894589
2,-0.011841615891723327
0,-0.004945336139439815
1,-0.08057993663959621
0,0.0042593697064682665
2,0.01593148495081756
0,0.45064242950006267
-2,0.019296324315372572
0,-0.012927381560026287
1,0.005864212575913384
-1,-0.020026419076530896
1,1.0
0,-0.00917556748970762
1,1.0
4,2.1887890868580158
1,1.0
1,0.017112391264763535
2,0.004671203226012063
2,-0.05193124201045773
-2,-0.009249747930525165
2,1.9701571013217776
0,-0.019964519613520717
1,1.0
0,-0.0036545801440507554
1,0.11938262055152149
0,0.03520197371922305
-1,-0.01910482518586454
1,-0.03505812218572227
2,-0.00966275306170573
1,0.010559820705179641
0,0.001695634901261788
-2,-0.06101344497548155
2,9.62699206121011e-05
-1,0.0036483526092309588
-2,-0.022616031806977653
2,-0.034551364034456876
1,-0.04117521534498004
2,-0.010250719145417668
4,2.364400568817155
-2,0.03218357287890127
4,1.9749714994171672
0,-0.015901481485326528
-2,-0.01386313519086686
0,-0.032234491070902316
-2,-0.009113190874830625
1,-0.01810785683676748
1,2.0462502030107514
-1,0.015920810758805123
1,1.0
2,0.0021467554969258743
-2,0.013574990626149402
0,0.01583555884467281
1,-0.006494575289905225
0,-0.06394129904427204
2,1.8557089006617338
-2,-0.013898655573404466
1,2.122126332521299
1,1.0
1,1.0
1,1.874091166495707
-2,-0.04273404204472252
-2,-0.0034374221959277934
-2,-0.009414635857412139
1,1.0
0,1.9284912727384522
1,-0.009841641632335845
0,0.03710863089414774
-2,0.017990797751503477
0,0.0018692261339935976
-2,0.11130853675600642
-1,-0.0093064789331992
0,9.62699206121011e-05
1,1.0
-1,0.007880364355475707
0,0.008085132078318135
4,2.335319888026533
2,1.8677582515637294
2,-0.03517537853264872
2,0.0671934455220876
-1,0.022411691665592363
1,1.0
2,1.9472409336492875
-1,0.128605958912861
-2,0.06013113605468659
4,1.9685656992474043
1,1.0
-1,-0.02488839986541915
1,1.0
0,0.4667752643422978
-2,-0.01096195089120319
2,0.00578215129385085
0,-0.029584100907689804
-2,0.018834208114401813
0,2.364400568817155
1,1.9763604845279366
1,-0.017646707170278074
0,0.5014625691761019
-2,-0.005428974399172286
0,-0.03160502376570316
1,-0.004130949147704877
-2,-0.015363460761485655
4,2.0496353725935195
3,2.102691850540399
2,0.11523472763116109
1,-0.17341513417116744
1,1.0
1,1.0
2,0.0198037137533952
-2,0.008165344044651503
-2,-0.04552268398489986
0,-0.010249679969717575
0,-0.012589668492844763
2,2.2026895251134446
1,0.005114800878050163
-1,0.013062582720189887
1,-0.020114704885466482
1,0.030363724444119562
0,0.007126171616321151
3,2.139896948229184
1,1.0
-1,-0.001663632529375368
-1,-0.009463171126247089
3,1.9621478878463723
-1,-0.04556930465032778
1,2.0138353173537453
1,1.0
2,-0.03517537853264872
1,0.44284340900971964
4,1.993699353763053
3,1.9365878011779503
2,-0.005806610628349878
1,2.1266168618262697
0,1.9170327474431266
1,0.05770106141393163
-1,-0.06157153183780364
1,1.9142935612642822
1,0.4589087991843212
-2,0.00762098735267537
0,-0.024046222886004682
0,-0.00041370948259053124
0,-0.01386313519086686
0,0.011489840128894589
2,-0.03498598400556818
-2,0.01357474656922609
-2,-0.02095915169591603
-1,-0.005377089533122863
-1,-0.009263420476152822
0,1.9764236721858663
1,0.018206459509790003
0,0.10097228193052643
-2,-0.04079348056944601
0,-0.018934610107037956
-1,0.058889002232723156
-2,0.06918275728080192
1,1.0
-1,-0.022386989372264417
-1,0.009943623934073068
1,1.0
1,-0.02726231930684305
1,-0.12492754111868715
-1,-0.046377318961593535
2,0.03158864631000616
0,0.469439405971389
1,-0.05113097172685181
2,2.0328301735961407
1,1.0
-1,0.004820690619247831
1,1.0
3,1.7499125992771267
0,-0.009556012314237477
2,-0.1261655243645282
1,1.0
-1,-0.024707342665631155
0,-0.0246724290014695
1,0.42432292527128856
2,0.01794251577424415
1,1.0
-1,-0.010516437763087692
-2,-6.673304114073665e-05
1,1.0
2,2.1654184831072696
1,1.0
2,2.0960634730120384
-2,0.01752617703895739
2,0.14765073819684038
0,0.018028981544922825
0,1.8858984571352158
0,1.9410858597949507
-1,0.016152314974619168
0,-0.04083784681120042
3,2.070837322350324
1,0.007814905249928483
2,-0.009217222814066403
1,1.0
0,0.03874488758909492
2,0.03235907374292319
0,-0.05584910796316214
2,0.06196762511233006
1,1.896722605460515
1,1.0
2,0.05811887860354098
2,0.001970542619036666
1,-0.022188438392951357
2,-0.010215919373179982
2,1.9397356066262217
-1,0.0013495985169378235
0,1.9170850433622857
0,0.6094075814556986
1,1.0
-1,-0.02976296787397564
2,0.10931746614502512
1,0.0038909478638072576
2,0.006693975851918213
1,1.0
0,1.9883588795926748
4,2.0465621471920046
2,-0.006025151283855556
1,0.004671203226012063
-1,-0.006641396467836263
0,-0.018924709776009022
1,1.0
1,1.0
2,-0.022616031806977653
0,1.9896233688315368
-1,-0.051452010323148764
0,1.9561824988029315
4,1.8878991181383749
1,1.0
1,-0.023929478735040807
-2,0.0017790805173349834
1,1.0
1,1.0
0,2.0593079082858896
0,0.022651000800327347
1,0.5973444874688547
2,0.007126171616321151
1,-0.01386313519086686
2,-0.11433559166810339
2,2.082527363724533
-2,0.0037896833897839745
0,-0.008616902864181451
2,-0.014785175508288199
1,1.0
4,2.097244271765394
2,0.019896497992262282
-1,0.0004085560361317139
1,0.5290979450267943
1,1.9540161804138458
-1,-0.02231886568834494
1,0.08847674031556124
0,0.01649986662048054
-2,0.030363724444119562
1,1.0
2,-0.007710276175914046
0,-0.01659841650413073
1,1.0
1,-0.045996553720844574
1,1.0
0,-0.0002228215195130248
2,-0.1259392625276825
0,-0.02295071028823433
1,0.021931957459513395
-2,-0.02525269595106808
1,1.0
0,0.06862396420899072
0,-0.014273781493489355
1,1.0
0,-0.018636015653125736
1,0.08251182348740206
0,0.022741804069438324
1,2.1653740500376206
1,0.5122938333050435
1,0.022575783492073263
2,0.04310551194287986
-1,-0.020360649431310024
1,1.0
-2,-0.013457395187899174
2,0.01844636286684374
2,-0.02574300962046591
4,1.9583727585206199
1,-0.05051552308604948
3,1.91532189245712
3,1.8498060070938078
0,0.39060568656183187
0,2.0581543023982225
-1,-0.02742331269436147
1,-0.02002999406777025
-1,0.06411627032355127
0,0.013336898038149723
1,1.865518201991103
4,1.9662348616577086
2,0.0004085560361317139
1,-0.03498913819349523
0,0.018637000499826827
1,1.0
1,-0.006414579125856365
-2,0.12864062672963278
1,1.0
1,0.52316197913453
-1,0.0037571741833144667
4,1.9906891173926902
-2,0.022477278896092624
0,0.018834208114401813
0,-0.04917301624024508
-1,-0.01628771457392521
0,-0.05088144784848888
1,-0.03498913819349523
-2,-0.032095473466672166
1,1.0
-2,0.009059392864947583
1,1.0
-2,0.010307177653756045
1,-0.007710276175914046
0,1.9569829235338443
1,0.5205287653665724
1,1.0
1,2.0803829502364857
2,2.2146588116247035
0,0.030363724444119562
-2,0.008084076464127753
-1,-0.006724223169133297
-1,0.003719741476688899
0,-0.015901481485326528
1,1.0
1,0.48473438352312637
0,-0.015038017453389521
-2,-0.024161521999413287
-2,0.06862396420899072
1,1.9583878999143454
1,0.036183756231127476
1,2.211418292373431
2,1.997820770397632
3,1.9970426640485115
0,-0.009517882749513205
-2,0.03092351948771953
1,0.026878905995673018
-1,-0.010281234141735967
-2,-0.09561158776863384
4,2.0611506859502096
2,0.006942358113663318
1,1.0
1,1.0
2,1.8580728005326348
0,0.4102257231093005
1,1.0
1,1.0
1,-4.818484869398336e-05
-2,-0.07178806381056194
1,-0.011841615891723327
-2,0.06862396420899072
2,2.1671794101079143
-1,0.07121987670897127
-2,-0.03696182487434768
1,-0.052649956621026554
2,0.01946478666568868
-2,0.006134567342864918
0,0.45064242950006267
0,-0.00028212949129002206
2,0.04873167555152096
2,1.9668195751125217
1,1.0
3,2.0214641238113185
-2,-0.012676431717839743
-1,-0.08882840103895838
-2,-0.009556012314237477
0,0.4069526596623642
2,-0.01810785683676748
4,2.007068340757612
1,-0.012385643524643069
3,1.9557748596493925
1,0.09118176467322167
2,0.04022895997061991
0,-0.011570520294152087
1,0.03724959233940937
3,1.9433657421040453
-2,0.06688604041361906
-2,-0.00917556748970762
1,1.0
1,1.0
1,1.0
-2,0.043100154840221803
-2,-0.0081470344051325
-1,0.005874994553149258
3,1.9871691642122662
1,0.47782044606797475
-2,-0.006086796009955896
1,-0.00917556748970762
-2,0.023709002419452174
1,1.0
1,0.03385207947584866
1,1.0
-2,-0.0034027593510020824
2,1.9553971568587114
-2,0.013341703966789076
0,0.3292204215884231
1,1.0
2,2.0058532839281575
-1,0.037572319362360405
-2,-0.03226962304864724
0,2.0090114060005746
1,0.0289274735405856
0,2.0050672213335914
1,1.0
-2,0.003309226426811961
0,-0.007958128288298245
1,1.0
-1,0.006134567342864918
-2,-0.010544835250565248
-1,0.0137745845681831
-1,-0.02104750360749319
3,1.806662317476401
2,2.0149743482591203
2,-0.025773072694211266
0,0.051476778417132385
0,0.01552165560485217
2,2.038353736860976
-2,-0.005074300062161603
0,-0.001999846994382528
-2,-0.07155084629903813
3,1.9572904347606574
0,0.09009017650413448
-1,-0.01268992378852675
2,1.8699191371174169
1,1.0
-2,-0.01715401938607848
-1,-0.03667358242237266
1,1.0
-1,-0.1286219736412686
4,1.9591230481085038
2,2.1142178071196454
1,0.026760969221686085
1,1.0
2,-0.0053840945715891535
2,0.0041884579096739824
2,0.029572785206529936
1,1.0
-2,-0.09609732162057545
0,2.021631820442002
1,1.0
2,-0.02104750360749319
2,1.9585198837572437
-1,0.029969106179649634
-2,-0.02289664120750759
0,0.6938875860749583
4,1.9456452531484758
1,-0.0522683517999455
0,-0.052098489714548245
1,-0.1259392625276825
4,1.9434599779105333
0,1.8930467947710008
-1,-0.02002999406777025
0,0.01220865098655569
1,1.0
1,1.0
-2,-0.001337416438105542
-2,-0.027453870297563254
2,2.1414530371248843
1,1.0
-2,0.06680307711429571
-1,-0.007572158982267704
1,-0.013222391320123837
2,-0.004860331400860989
1,1.0
2,-0.0095280499596867
1,1.0
0,1.9050033835686646
0,0.02575409518002763
1,1.0
1,-0.03377165979076525
-2,0.02711396946219675
0,-0.02650903340861602
-1,-0.16128571301755795
-2,-0.008616902864181451
-2,-0.020236409335289064
2,-0.049679819014231644
1,1.0
-1,0.005229199118006764
-1,0.009327013621887793
1,1.0
-1,-0.07846595957157064
1,0.36247462358571375
0,1.9818873144049427
2,-0.011995275087392947
1,2.0314943903905047
4,1.9333447375750754
2,0.016716806875960392
2,1.9703560988871807
2,-0.018636015653125736
-2,-0.002294432597680496
2,1.9503561566503287
0,-0.01626514729380318
1,-0.02051918675579132
1,0.028326700795389
-1,0.0038590535055777957
0,-0.0060680003018978275
-1,-0.04747376745436147
2,-0.005438752356636359
-1,-0.2351839631557605
-1,-0.02430092681635427
2,0.014955843362153318
2,0.0002495242748969627
2,-0.02095915169591603
2,0.020084143863140166
1,1.8828673015418653
-2,-0.007572158982267704
0,2.0380451177528736
0,2.3171323226656697
4,1.9620187676557919
-1,0.010208432286256635
2,-0.01074684178914153
2,-0.028373150063614686
-2,0.008180066905238294
4,1.9916341819713799
0,2.0058755937907313
0,0.018388974329656537
0,0.018469859360280397
1,0.007934098111649156
1,-0.23335592652648582
1,1.0
0,0.038465960915867445
2,1.8108363518976975
0,-0.04724473214143663
2,-0.031935559532350506
1,1.0
1,0.05811887860354098
1,0.45159315885646606
3,1.9378274209955078
1,0.46627889111461
1,1.0
0,-0.02830561123914317
2,-0.01728196755475238
1,0.005645701166506426
3,2.007884431887463
2,0.03710863089414774
-2,0.0020135226651092704
3,1.9749150160506774
-2,-0.04898418939384484
4,1.8427521443478923
2,-0.04646783193554166
2,0.010559820705179641
1,1.0
-2,-0.0843783862913632
1,-0.04526874911393888
1,1.0
0,-0.007514545177191264
2,-0.013829004799103463
2,1.934010430642179
3,2.0899518515056066
1,1.0
-1,-0.07959806229778382
-2,-0.010516437763087692
4,1.9845730140531554
2,1.9938944377660683
0,-0.004809084681674796
1,-0.04447889035202127
0,0.017244338138641437
2,-0.10859465951324948
1,1.0
-2,-0.049679819014231644
2,2.027250779142358
-1,-0.015347269879682346
1,1.0
1,1.0
1,1.0
1,1.0
1,1.0
-1,0.038465960915867445
0,-0.03498913819349523
-1,-0.025632139984177713
0,1.758298372113639
-1,0.05161295331843003
1,0.04769636465145413
-1,-0.037267074731367845
3,1.9015798151916237
1,-0.03188069725710687
-2,9.62699206121011e-05
0,2.0711883686993136
2,-0.008366559747196502
0,0.5129715805820667
0,0.05014750035886583
0,0.4523599351768879
1,1.0
2,-0.006365271332127018
1,1.0
-2,-0.05665585467982628
2,0.0038590535055777957
-2,-0.021591776225930545
0,-0.020134467981042486
1,1.9686474126959146
2,-0.005776325480372214
-1,-0.009270021831738095
0,0.48646912008287074
0,0.0019977222038350248
2,0.017244338138641437
1,1.0
1,0.018358125386882182
1,0.02794628333075793
2,-0.017686014478789383
0,0.012303425384217661
-1,0.02917182723841805
1,1.0
2,-0.02631236644440785
1,0.5278582719613655
2,-0.03973590965031128
-2,-0.010098155395953465
1,1.0
0,1.9527414625382848
-2,-0.017842540355084167
-1,-0.010920671400798408
-1,0.007126171616321151
3,2.0168835254365556
1,0.0041884579096739824
1,2.142471258568688
-1,-0.010086561233008114
2,-0.016128430008649296
3,2.021908470784956
3,1.9978665518395282
4,2.0134979507535813
0,0.026661900845452682
-2,-0.020509847748799433
1,0.5173879684131669
-2,0.0018340671906535058
0,-0.029389772044549792
-1,-0.05357418292457627
0,-0.015676108507348865
2,-0.03213832444259813
2,1.9688963578503473
1,1.0
1,1.0
1,1.0
-1,0.03520197371922305
1,0.012820848512246652
2,-0.008111214787247552
-2,0.029543710280123054
3,2.0027748240938186
-1,0.022211820696716515
0,1.9983631897778193
0,0.0038208898707391757
0,0.37964240392165777
1,1.0
-1,-0.07959806229778382
-1,0.08847674031556124
0,0.007396578392728911
2,0.005284751940043231
-2,-0.03904242256632786
1,1.0
1,0.07216016391212605
1,1.0
1,1.0
1,1.0
-2,-0.01576380821369236
1,2.187407234472189
-1,-0.11264053448104595
1,1.0
-1,-0.004162528875529827
-2,0.0038590535055777957
-2,0.007487267293918226
-2,0.005284751940043231
1,0.03651169529578711
-2,-0.033637503281124984
2,0.014153327100088663
-1,-0.02742331269436147
1,0.006945911208224175
0,0.5199035133701669
1,1.0
1,1.0
1,1.0
1,1.0
1,0.48341794286758477
1,1.0
3,1.9796367162141022
0,0.017487298920905246
0,-0.006293344214284754
-1,0.008492301110285058
2,1.9591230481085038
-2,0.014039559748470067
3,1.9247437860544547
0,0.005284751940043231
0,0.0037944546514151567
1,1.0
0,0.011956334273681818
-2,0.049907276797947576
1,1.9520833764801773
0,-0.03229373584642374
3,1.9884842177084172
-1,0.05417939421437131
4,2.109233753652308
1,1.0
2,-0.004443551729866207
2,-0.027676434451141853
4,1.94634568045365
-2,-0.020387547579065326
1,0.034036626069125914
1,-0.03160502376570316
2,-0.003329292778855678
0,-0.009297925666569956
0,-0.04401074967519797
1,-0.017458780829497873
2,-0.10275942729681158
4,1.8835466093941327
1,0.04677405209298463
-1,-0.02195493082992371
-1,0.018637000499826827
1,1.0
0,0.018686145865803062
2,0.015951033603524747
1,1.9174048798871963
1,1.0
-2,-0.0036545801440507554
-2,0.013574990626149402
1,1.0
0,-0.009086131652157815
1,2.217263683577953
0,0.00010466437261963807
1,1.0
4,2.139896948229184
1,1.0
2,1.9699560221996513
1,0.0028053059939205506
1,0.4560550401956023
2,0.013384598932718246
0,0.5167301225461557
2,2.035866985134027
0,-0.0014779122891491097
2,-0.02730693238029448
2,1.947585856565433
1,1.0
-1,0.0056513216101167305
1,1.0
-2,-0.013369443797598156
0,-0.06226442774182134
0,1.9853634987203899
-2,-0.02440807868138717
1,2.182090263447024
1,1.8650337447067236
-1,-0.08057993663959621
-2,0.022325625014917656
2,0.006942358113663318
2,-0.008498930612090767
0,0.4916103438379218
1,1.0
0,0.013015356919735327
2,-0.012094663642206413
2,-0.007958128288298245
4,1.9308792226768403
0,0.5554397855889919
4,1.9845730140531554
0,-0.009556012314237477
-2,0.034036626069125914
-1,0.022796763685736927
1,2.038353736860976
1,1.0
0,-0.00966275306170573
-1,-0.01697596629723246
1,-0.0026102286827434412
-1,0.08902829534456796
2,2.0073318853578535
1,0.01593148495081756
-2,-0.009113190874830625
2,0.05329010125713119
0,-0.02372003660400135
1,0.004088572559183447
1,1.0
0,-0.00437155768712852
2,0.02838089678819612
-1,-0.03179262729632508
0,0.4040506095299205
0,1.980377609672795
-2,-0.006086796009955896
2,-0.05169246169695956
2,1.9922741002444253
3,1.9520183128336033
2,0.017863255720686602
1,1.0
2,0.01849311941028551
1,-0.03468468688595327
2,-0.05088144784848888
2,2.0126216690464314
0,0.00578215129385085
0,-0.03271438283995666
2,2.058581453462446
1,0.4361391523813677
1,-0.0227542962596318
3,1.9883588795926748
-2,0.055371280659484136
1,-0.015553540063001641
-2,-0.009249747930525165
1,1.0
0,-0.02289664120750759
1,2.1907689253420326
1,1.0
1,0.32494207725232116
0,-0.014254749044545148
2,2.015578885188577
-2,-0.0024291109977293067
-2,-0.01275059544624697
1,0.0038590535055777957
0,-0.03362176130407122
1,1.0
-1,0.04551437771577944
-2,9.62699206121011e-05
0,-0.07959806229778382
-1,0.01615736620107344
0,-0.011765171730286078
-2,0.12320320834354069
1,1.0
1,0.06385461566940252
2,0.020084143863140166
0,1.9761077445297248
1,0.003838579180459281
1,-0.027208857894481627
1,1.0
-2,0.036183756231127476
2,0.0140371573951618
4,1.996927161509464
1,0.5236962723310664
0,-0.0025227303696404935
1,1.0
0,0.0023853913606774113
0,0.08893895810091386
2,-0.06259374903152785
0,0.05517975869015746
0,0.005229199118006764
0,0.05614984518952678
-2,-0.009517882749513205
0,0.4443400695065819
0,-0.024775351453764277
2,0.015756273621853275
0,0.4312272293513606
0,-0.01628771457392521
1,0.004240998261076279
-2,-0.1159598242347054
1,1.0
0,1.9381257093177078
1,1.0
1,0.014138793269743894
1,-0.009086131652157815
2,1.9902220064081664
-1,-0.015587073565220093
-1,-0.008953659133484693
0,0.5056286812440209
1,1.0
2,0.021931957459513395
1,-0.21077922352902204
1,-0.02946579439579858
0,0.0021182382902214638
2,0.015951033603524747
2,0.04600749778469611
1,0.5047003371401356
3,1.9770687319651052
0,0.0311026515931615
0,0.0433281446387984
1,1.0
0,-0.021407612422379863
1,0.0008272756872416498
-1,-0.017842540355084167
-1,0.08902829534456796
2,0.010705288858988273
-2,0.022741804069438324
-1,-0.006310740553089583
0,0.46858467209377347
-2,0.007424208848030863
-2,0.11621220680505912
-2,-0.011198886838780777
2,-0.022554118300437517
1,1.0
0,-0.03073575169006516
0,0.023871070225750825
2,-0.03667358242237266
2,-0.020360649431310024
-1,0.10097228193052643
0,0.018637000499826827
0,-0.014764677072100408
0,1.9571861459312414
1,-0.033308457132958054
2,2.128549826247246
0,0.5513923250555357
-1,-0.048629214856035476
0,0.0038208898707391757
3,1.9344578344252716
1,-0.03160502376570316
4,2.015643703595957
0,1.9061695653133253
3,2.022380824629169
-1,-0.0067401396149691754
2,-0.011895654318939988
-2,0.043100154840221803
2,-0.0054295465253504345
0,-0.0260630393064673
1,0.5614207824860158
1,1.9869278417211313
1,1.0
3,2.0123673511866293
0,0.4387675539189033
2,-0.05617650808484824
1,1.0
0,0.023972230238934536
-2,-0.001999846994382528
1,1.0
1,-0.011765171730286078
2,2.0119760312127273
0,2.0123753046227058
0,0.007625815458044983
-1,-0.015459640426566446
4,1.955300459958116
1,1.9817443010380558
2,0.035185787623416
1,-0.005806610628349878
2,0.06885001247877981
1,1.0
1,0.02388852122406815
1,1.0
1,1.0
-1,-0.003329292778855678
0,-0.052649956621026554
0,1.9507443993851614
2,-0.01401621494162288
0,2.0549413749665137
1,1.0
-2,0.018834208114401813
1,1.0
1,1.0
-2,-0.004869545796451342
-2,-0.02104750360749319
-2,-0.009556012314237477
1,1.8877355454174594
2,0.01006918563640693
4,2.2285475706563846
1,1.0
-2,0.009153888736802597
0,2.1498290248340273
1,2.1177975369706075
1,-0.012150962360843448
1,1.0
0,-0.02480167824669537
-2,0.04149231207621027
2,2.046093912637875
1,-0.04243646540200883
1,1.0
0,0.42885859690877226
-2,-0.02358909674564899
1,1.0
-1,0.0698258145144394
0,1.94627598843387
2,0.005645701166506426
0,0.03717988330224339
-2,-0.07071698943297924
1,0.13798427621817128
-2,-0.07959806229778382
-1,0.0311026515931615
-1,-0.011043070106376928
-1,-0.02650903340861602
2,0.019687591330249384
1,1.0
1,-0.006401638939690879
-2,0.016013899492651737
0,0.16513004979689241
-2,-0.006988315135585646
2,-0.017408333284400196
-1,-0.002294432597680496
1,-0.03904242256632786
3,1.9656808704472644
2,-0.012171412217025019
1,0.41869955211929033
1,2.2815645951399004
1,1.0
1,1.0
2,-0.0013066313495663459
-1,-0.012918785256693616
-1,0.012262131403270829
1,0.008079328665418873
1,1.0
2,-0.021969322461832294
-2,0.005893520944316608
-2,0.01651964980448285
1,1.0
-2,0.02403329968789764
-1,-0.04681516388069339
-1,0.08420968088317102
3,2.076007203254359
1,2.04929095047253
1,2.0111755899379435
1,1.0
1,1.0
0,0.03168423880202673
2,0.006639152783882031
-1,-0.016128430008649296
1,-0.015655493477472124
2,-0.001177893720921398
-2,-0.011817114133830955
2,1.9821146923218051
1,-0.02253177641218989
2,0.0275448693770951
0,-0.03727367476028072
1,1.0
2,0.002775384863289336
4,1.9074880226940605
1,1.9685656992474043
-1,-0.008710306411321074
-2,-0.019837613563863123
-1,-0.024821593126114216
-1,0.010323944714579949
-2,0.02397310557314019
-1,0.03520197371922305
1,0.013341703966789076
-2,0.0422566662908615
1,1.0
0,0.5456486954044822
0,0.5245456522754863
1,0.02707843885989112
1,1.0
-1,-0.008979774230080584
1,1.0
4,1.968923780979048
1,0.0289274735405856
-1,-0.08659551535505546
1,-0.16065042539139554
1,1.0
2,-0.012730530265394146
1,1.7429461639933508
-2,0.019709974468549368
0,0.4969521726773666
0,0.08767268376326824
-2,-0.0014443543488946117
2,-0.0331989282373322
1,-0.014144885037673544
-2,0.19111886173514608
1,-0.005776325480372214
0,-0.04139901762708357
2,-0.009086131652157815
2,-0.038029450307984276
0,0.05998821114662354
0,-0.02000563113322153
-2,0.06939638134371318
1,0.44544360944421507
2,0.05272777607055166
1,0.1089376119337006
0,-0.0076313907759917934
0,0.0001649331353750183
1,1.0
0,1.9636633177519434
2,0.012889739359714283
2,2.0511887103476765
-1,0.02388852122406815
2,-0.020114704885466482
1,0.013336898038149723
1,-0.02430092681635427
-2,-0.040746904595747264
2,-0.02804177261263892
1,1.0
1,1.0
4,1.9591230481085038
2,-0.0423158416838949
0,0.018670790408401264
0,-0.20130670576748633
1,-0.1261655243645282
1,-0.014003771229430317
-1,0.0019569859717643422
0,-5.009143981659893e-05
2,1.9678068134310356
-2,0.022429622646939998
1,1.9207605534590024
0,-0.029998049684402162
-1,0.045270444510087764
2,0.06428215474774504
-2,0.010323944714579949
-1,-0.0036545801440507554
-1,-0.10338416728909884
2,-0.019837613563863123
1,2.0119760312127273
0,0.15416652464849273
1,9.62699206121011e-05
0,-0.012676431717839743
1,2.0944290490104094
2,0.0011021088044138086
2,0.030363724444119562
2,-0.019837613563863123
1,-0.02488839986541915
-1,-0.046211377110375665
-2,0.015882919411194768
2,0.029036578406394953
1,0.03289297706513207
1,1.0
1,-0.003651020686343291
-2,0.09133577029370236
1,1.0
-2,-0.0014779122891491097
1,1.0
0,0.006900341378776913
-2,0.03520197371922305
2,0.0038590535055777957
1,1.0
1,0.63302754925574
2,0.04709912405694622
2,2.0084784696081335
1,0.4647860343337149
2,-0.0005215952961590345
2,2.1290487990520424
2,0.023787927162443944
4,1.9487061639924672
3,1.9254394489103595
1,-0.02000563113322153
1,0.008499173121693517
1,1.0
-2,-0.010332757577539287
1,-0.006585826032229226
0,-0.03193197732669969
1,-0.025290805947110858
1,1.0
1,1.9918482999122782
1,-0.0095280499596867
-2,-0.022697686266879222
0,0.11291215754316632
1,1.0
-1,0.04027537353832296
3,2.0084784696081335
2,0.0023853913606774113
1,0.00578215129385085
2,0.009675496504021872
4,1.9660190728126667
-2,-0.011827905096388605
4,1.9600731147762505
-2,0.03855421662036652
2,-0.009468072215395487
2,0.1470680287033314
2,0.0275448693770951
0,0.023787927162443944
0,2.004862542912272
2,-0.08057993663959621
1,-0.020774832956145472
-1,0.008353469177926655
1,-0.06085382090253799
1,1.0
-1,0.2709843170783147
2,-0.02488839986541915
1,1.0
1,1.0
-2,-0.010708048144535395
0,0.0014000768412919164
1,1.0
-2,-0.02041435327792553
1,1.0
1,0.10057912081215724
0,-0.033160551821384866
4,1.9764236721858663
-1,-0.020760692637579584
0,1.987840647615766
0,-0.02836172011787478
1,0.001662901944050385
1,2.0148096287848976
0,-0.015901481485326528
2,-0.004869545796451342
2,-0.007145758790657646
-1,-0.00047071625197908764
-1,-0.005438752356636359
1,1.0
-2,0.43788331614906106
2,0.019830464985151067
-1,0.03861964529710708
1,0.020901864480191983
0,1.862082085500201
4,2.118931713190385
1,0.40859432590108186
0,-0.14409002305125976
0,-0.023050640295983887
-1,-0.010845009412345034
-2,-0.025290805947110858
-2,-0.008439474456378883
2,0.023344430206166947
1,1.0
3,1.9507443993851614
-1,0.025838177853750772
2,-0.005377089533122863
1,1.0
0,0.4900713094727014
1,1.0
-2,-0.15238814910313705
3,2.0372009117694603
1,1.0
1,1.0
1,-0.02948804203568534
4,1.9433657421040453
0,2.0295524939554155
-1,0.001662901944050385
3,1.9896233688315368
2,0.010830482686007607
-2,-0.006724223169133297
1,-0.0013204672074496498
1,-0.010963099920124985
0,0.5065537968799293
-2,0.027243693974194353
1,1.0
1,1.0
4,1.9718714665589
2,-0.01988812552370114
-2,-0.0061085171766837336
-2,-0.039973223314685266
2,-0.031078057153382785
4,2.0146604170471494
-2,-0.03316804963051305
0,-0.011343640001197858
-2,0.04501536016772703
-2,-0.009621989448763378
0,-0.03160502376570316
1,-0.031078057153382785
-1,-0.01795017737036225
0,0.02271696399555267
1,1.0
2,1.915146661295854
2,0.03452673918695912
-1,0.045269359043753114
1,1.0
1,0.004497117933398857
0,0.0615029336185998
2,-0.0014779122891491097
-1,-0.053830531392941944
1,-0.012206389024798434
4,1.806662317476401
2,-0.009770224650469622
-1,-0.00971449319069444
1,-0.010708048144535395
0,-0.0034342910341800315
0,0.45997288960590027
1,1.0
1,2.1240822536063586
3,1.9843672256311193
3,1.9426196782950695
1,1.0
1,0.03985064251438348
2,-0.025632139984177713
1,1.0
-1,-0.04184149631396115
-2,-0.01697596629723246
1,0.48562628479559905
1,0.02575409518002763
-2,-0.018114875943686885
1,1.0
4,2.0019587049395597
1,1.0
-2,0.004744938879628492
2,0.0362201436374576
-1,-0.03215177935469809
3,1.9851066914467128
-1,0.012936976062976328
-2,-0.020539282087093155
-1,0.007251080347788255
2,-0.001337416438105542
1,1.0
0,-0.015901481485326528
1,1.0
1,0.0038114553191358203
4,1.9765710799312877
1,-8.346082155448229e-05
2,-0.003267509122781168
2,-0.008000096185884794
0,-0.020247863658330666
4,2.086779095463003
2,0.01873771516722587
1,1.0
-1,-0.02650903340861602
1,0.4740338520803958
1,0.13306942286183543
2,0.002236094674775907
2,1.985965354925697
3,2.0025135951102864
0,-0.039184340159931136
1,1.0
0,-0.033160551821384866
2,2.4012027692680817
1,-0.026908654945467528
-1,-0.009468072215395487
2,0.020172489064996996
1,0.030120910839145254
-2,-0.005210420777828687
2,-0.009249747930525165
1,-0.015553540063001641
0,1.9261060171539186
0,0.004373695199208652
-1,-0.020760692637579584
0,-0.026487969723335777
1,1.0
-2,-0.016128430008649296
-1,0.004889224735348968
3,2.0821988007207928
-1,-0.010845009412345034
1,0.4557410181969789
1,-0.011164832633161773
1,1.9455583958047753
0,-0.04724473214143663
0,0.09380557261140705
-1,0.057928588642519596
1,1.0
1,1.0
1,1.9253594958648736
0,0.0022695324566115384
2,1.9507443993851614
1,1.0
2,0.03168423880202673
3,1.9896233688315368
-2,-0.0030459130599469054
0,0.46165136005333607
-2,-0.06914409932386527
1,1.0
0,0.46184636493802694
0,1.9169228912826117
2,0.017487298920905246
1,-0.01711422056076077
1,-0.06609627222766233
0,-0.013439481440023757
0,-0.020517820480850095
-2,-0.1599265280125284
-2,0.15191529440210455
1,1.9369638933365403
0,2.0065443461174004
1,1.0
4,1.9662056768015006
-2,0.030364502206154307
-2,-0.005858490844282246
2,0.015731711109500553
-2,-0.0190639476396575
0,0.009153888736802597
1,1.0
1,1.0
2,-0.029584100907689804
1,1.0
3,1.9910298185334758
2,-0.0034027593510020824
-1,-0.019443752681518836
-2,-0.038045423120363714
1,0.3807806546798518
1,1.0
4,2.081944441405837
-2,-0.031078057153382785
1,-0.020712693209141916
1,0.004278086594405501
1,1.7909675152120688
1,1.0
0,2.0535295679546746
2,-0.11777209457546993
4,2.0404300763295784
1,2.1396836963664447
1,1.0
-2,-0.0086354403816192
1,-0.03793155455542919
1,1.9816171488154442
2,0.007539611946045276
1,1.0
2,2.136245749280165
1,1.0
1,0.3179081012232403
-2,0.018206459509790003
-1,-0.0325504890448807
1,-0.052255714115644614
-2,-0.013312008107402771
-2,-0.01728196755475238
1,1.0
-1,0.0524880750016199
1,1.9284486910751306
4,2.082780390094951
1,-0.02948804203568534
2,1.9591230481085038
1,2.1514110287516477
2,0.013574990626149402
-1,-0.006585826032229226
3,2.1071371178472633
0,0.017678814967973012
2,0.013581529300138319
1,-0.006086796009955896
0,-0.21155832419568146
1,-0.18298769629233774
1,1.0
-1,-0.016128430008649296
0,1.9507443993851614
1,1.0
0,0.036062425396629384
1,0.019352233982146482
1,0.011489840128894589
1,1.0
-1,-0.0033628453509074513
-1,-0.002426760533904831
0,1.919018996097888
1,1.0
0,0.00898265504394392
-1,0.0068541360366089895
0,1.9520183128336033
1,1.0
-2,-0.014785175508288199
-1,-0.10216637988224525
1,-0.0417848260414908
0,1.9989097462672654
3,1.962831870347421
-1,0.011434535470566196
0,-0.033160551821384866
0,0.47863018887141906
1,1.0
1,1.9470704113955584
0,0.03062245068552166
3,1.9586299965054923
2,-0.001337416438105542
1,1.0
1,1.0
1,0.08862291305351641
1,-0.0049212976900669244
-2,-0.024001215787337497
0,0.46764734039178885
-1,-0.0034374221959277934
2,-0.06466812556705089
1,0.010064833017550399
3,1.8698449146030456
1,1.0
2,-0.016128430008649296
1,1.0
2,-0.051995709283700425
-2,-0.024161521999413287
2,-0.040418077101203806
1,1.0
2,2.014046109934857
2,0.039557002278117
0,-0.0025227303696404935
1,0.046389849719616974
2,-0.035913288984432766
4,1.71142916206283
1,2.00654194694983
2,2.0256221062384174
1,1.9758610566740649
0,-0.01681266618582352
0,2.0265684267620325
1,1.0
1,-0.0551902257799935
-1,-0.03437971430791932
1,1.0
1,1.0
-1,-0.008366559747196502
1,1.0
-1,-0.003598666218873224
1,1.0
1,1.0
2,1.9761077445297248
1,1.0
0,0.5023259659175295
0,0.35631644602702806
1,1.9608650982197364
1,1.0
1,0.043537996903524216
0,1.9162534187626212
1,1.0
1,1.0
0,0.007017206521233312
1,1.0
-2,-0.012171412217025019
1,1.0
1,-0.04117521534498004
3,1.9207648258759165
1,1.0
2,-0.029508442771428545
-1,0.031488951166038934
1,1.0
2,0.0362201436374576
1,1.0
0,-0.033123328701603255
1,1.0
1,0.05049787625657109
1,-0.03193765048495923
1,0.05288491947402237
2,-0.0030459130599469054
3,1.94658445210834
0,-0.0093064789331992
-1,0.018101681841144922
4,2.256818264772188
-2,-0.012498504702226257
2,0.021163857096536124
0,1.9477519920016189
2,1.9399579464797685
1,1.0
-1,-0.03586222054982616
1,0.5291145137338166
-1,-0.007996948655422746
-2,-0.04947706097230134
1,2.0058055404885096
1,1.0
1,-0.02523429029257045
-2,0.0289274735405856
0,0.37672132178756307
0,-0.030126034831698484
0,-0.006494575289905225
1,1.0
1,1.0
0,0.0524880750016199
-1,-0.005806610628349878
-1,0.11507564786080024
1,1.0
2,0.010389350840588335
0,0.4632343851479256
2,0.14217860528495527
0,0.45385295253660113
2,-0.024161521999413287
2,-0.04273404204472252
1,-0.009314781101609118
-1,-0.016999234459157728
1,0.42444039543148876
-1,-0.05019626655758688
-2,0.0019977222038350248
0,-0.03480284479372131
-1,-0.04211975131503151
-2,-0.001177893720921398
4,2.0886786605954564
-1,-0.04713531584826052
0,-0.06507720167387634
1,1.0
0,2.1791025782795383
0,2.0380451177528736
0,-0.026413637866106402
0,-0.012676431717839743
2,-0.05113097172685181
1,0.3740606394223876
2,-0.009314781101609118
1,1.0
-2,-0.008498930612090767
-2,0.05635190195943863
-1,-0.04681516388069339
4,1.999841407830034
4,1.8288738881507467
1,1.0
2,-0.024618838605772554
0,2.277553129896427
0,0.05981954790160427
1,-0.0007056180573955636
0,0.5389256493263656
2,-0.11355403453056953
2,1.9443531876553635
-1,0.1001432802390101
-1,-0.004632587073268947
0,0.4918107538816288
-2,-0.049679819014231644
3,2.053065632564404
-1,-0.03223128224321146
2,0.01597754236593972
1,-0.01399799082469516
-1,-0.008301763981843104
1,1.0
3,1.9930664563826666
1,1.0
-2,0.01471736624231734
4,2.024898595664639
2,0.02808221237366028
1,1.0
-1,-0.005291363909446586
2,-0.09298860446794636
1,-0.013450272779111351
-2,-0.020495755375852166
2,-0.06259374903152785
2,0.012154120733096447
-1,-0.016999234459157728
-1,-0.04724473214143663
0,-0.015553540063001641
1,1.0
0,2.0246255948093603
-2,0.003537992482877943
-1,-0.005776325480372214
1,1.0
0,2.1977618965299293
1,1.0
0,0.42241720679323036
1,1.9986686667252371
2,-0.0076313907759917934
4,1.7919562622111733
1,1.0
2,-0.03674922968937168
1,-0.048921617147148516
1,1.0
1,0.007934098111649156
0,2.0752524080625268
0,-0.02274938482823015
0,0.02795481691326616
1,1.0
0,2.055189779538952
0,0.5564445720697518
-1,0.0019101940054457223
-1,0.01626687915027117
3,2.063601683269127
1,0.03520197371922305
-1,0.003719741476688899
1,1.883329431624069
1,2.1444606042773664
4,1.8408565104161234
-1,-0.01588727334391935
4,2.118254586280296
2,-0.0020755692425638763
2,-0.03708649409341535
-1,-0.03362176130407122
2,2.0399173807815574
-2,-0.08301819801347518
1,1.0
0,-0.08266984165384308
2,0.001437689679167306
2,-0.016597014042686323
-1,-0.020760692637579584
1,2.2952664018315847
1,0.01136378143854551
1,1.0
1,1.988913276753288
0,-0.0036545801440507554
1,1.0
-2,-0.04390361527417922
1,2.0295524939554155
1,-0.040418077101203806
0,-0.010963099920124985
0,0.007971604914132732
1,1.0
1,2.0767860517106174
3,1.91532189245712
1,0.007880364355475707
-2,-0.019964519613520717
2,-0.0007431084759306458
1,-0.0036274000967628293
1,1.0
-1,0.016409847019597773
-1,0.0002495242748969627
4,2.000413446967933
1,1.0
0,2.0389804497868913
0,0.02922259884328547
2,-0.04526874911393888
1,0.5296333318620213
1,0.5037470548954687
2,1.992308404188844
1,0.47546761223284323
2,-0.004025417170949237
-1,-0.03160502376570316
2,-0.008325005061139068
0,0.01171467538294829
1,2.0126216690464314
1,1.0
-1,-0.034868704401211835
1,1.0
-2,-0.025277234756910124
1,0.5340276032252176
1,-0.007798768800414673
1,1.0
-2,0.0007244905495975318
1,0.043537996903524216
1,1.0
1,1.0
-2,0.03270916112641596
1,1.0
2,2.050073843922884
0,-0.01215767255619457
0,0.0022054821884566955
0,-0.0031754411085496478
1,0.41501882423106423
-2,-0.02480167824669537
1,-0.024618838605772554
4,2.150765157067612
1,2.0611506859502096
-1,-0.0012650125616840758
-1,-0.02104750360749319
-2,-0.08593957721632663
3,2.025587469490809
-2,0.010559820705179641
-1,0.002775384863289336
-1,-0.0016512008724038352
-2,0.008165344044651503
-2,0.004728283268795881
-2,-0.016128430008649296
1,1.9788012694520052
1,1.0
-2,0.017052924494973417
1,1.0
2,-0.013937184288562889
1,1.0
0,-0.0220188764951689
-2,0.01148450808673597
4,2.3197154209690947
0,0.4740338520803958
-1,-0.0044351438888664205
0,-0.002575515920724142
4,1.9329601210630012
-2,-0.008498930612090767
2,1.8110528506499637
2,0.12853149696573798
4,1.9798362822907212
1,0.546338531271479
-1,0.00578215129385085
1,1.0
-2,-0.01074684178914153
1,-0.03160502376570316
-1,0.03576512740458793
-1,-0.04115201822883864
-2,-0.0004959160752281656
1,1.0
1,1.9247437860544547
-1,-0.03498598400556818
4,1.8953322172628455
-2,-0.05191726524319803
0,-0.0093064789331992
0,-0.04724473214143663
3,2.2146588116247035
4,1.946888652016505
1,-0.024532583743279934
0,0.6059381013164931
0,-0.028968451738495
-2,-0.0020755692425638763
2,-0.025721406725321434
1,1.0
2,2.053716834447383
1,0.5340276032252176
0,-0.02488839986541915
-2,0.09511867562223018
0,0.48949139953816784
1,-0.06101344497548155
0,-0.039499076420070965
2,-0.0093064789331992
-1,0.13261739476202708
1,1.0
0,-0.07359977462219473
1,0.006942358113663318
1,0.022325625014917656
4,1.9910924547613162
4,1.9896233688315368
1,1.8998904490798276
1,1.0
1,0.022174597901214295
1,1.0
4,1.9161162170928556
-2,-0.0031754411085496478
0,0.4885896145876671
0,-0.02287809893679146
-1,-0.015459640426566446
1,0.45507610515505353
1,1.9807668548206336
0,-0.0048409073335294525
1,1.0
1,1.0
-1,0.11021194896870659
1,1.0
-1,-0.1259392625276825
0,1.915474645189686
1,1.0
1,-0.0013789659727180966
1,1.0
3,1.9434685526111692
2,-0.09259565215330942
2,-0.14427353937055437
3,2.0260516159984863
0,-0.0363604271729503
1,0.5339663697959343
-2,-0.03696182487434768
1,1.0
0,0.0357642605601322
1,-0.011827905096388605
1,1.0
-1,0.016409847019597773
1,-0.003329292778855678
0,-0.005508621020536452
1,1.0
1,1.0
3,1.9055682987589913
4,2.1566371756564715
2,0.013384598932718246
1,1.0
2,-0.0034374221959277934
0,2.1472810111652123
-1,-0.02854902066180563
2,2.274164891021204
4,1.8060385606920235
1,0.006608513776858783
0,1.997480155191182
1,-0.01176779008839452
1,0.0038590535055777957
-2,-0.005215971454659271
-2,-0.08000807434485256
0,9.62699206121011e-05
2,-0.006414579125856365
0,0.013269927069231573
2,1.9284486910751306
2,-0.012676431717839743
-2,-0.05267815398473791
1,1.0
-2,-0.03002010445630245
0,-0.04443060843850601
-1,-0.004561803412462253
1,1.0
1,1.0
0,0.08767268376326824
0,-0.06914409932386527
1,1.0
1,-0.032222499168646966
4,1.980919909305054
1,1.0
0,0.43331009760259337
1,2.025098977089195
2,0.017487298920905246
1,1.0
1,-0.033916744150158336
-2,0.028378753828253236
0,2.194127601836445
1,1.0
-1,-0.0023143492477900396
-1,-0.016999234459157728
-1,0.004878486362238688
-1,0.002775384863289336
0,-0.05578375595408259
0,0.01123579432102499
-1,-0.011709626686107947
-2,-0.039184340159931136
0,0.002488590698656822
2,0.019208137373792046
2,0.030837751290910195
1,-0.01480706905106261
-2,-0.03362176130407122
2,1.9182033321618854
2,-0.01883826671867661
2,1.8133956620631881
1,0.43736242280514764
-2,-0.048629214856035476
-2,0.03368816434178682
1,-0.016387015855143027
1,0.01548503986536287
1,1.9131859541876954
1,1.0
1,2.025428474013746
1,-0.0330984931364574
1,0.029351672258857073
4,1.850443179883316
0,2.0507037475086496
-2,0.004465901554199215
1,0.47711569839159884
1,-0.020387547579065326
0,-0.016447969511119407
0,2.030638300420153
0,0.1392564585077624
0,-0.02302836822926296
1,1.0
2,0.03485443948819095
0,1.9360099607315189
2,-0.009468072215395487
1,0.2380899660450038
-1,-0.0690880798521516
2,-0.03787057880926908
0,0.6199117925944959
3,1.996716968420188
0,0.02403329968789764
0,-0.00656438736812756
1,1.0
-1,0.008165344044651503
1,1.0
-1,-0.007710276175914046
2,-0.015655493477472124
1,1.0
1,1.0
1,1.0
-2,-0.013450272779111351
-2,0.023742328041955245
2,-0.02730693238029448
-1,0.009943623934073068
-2,-0.018417907271572644
2,-0.01711422056076077
4,1.9883588795926748
1,1.0
2,0.019110577741135202
0,-0.0034374221959277934
-2,0.0054954782139082625
-2,0.01995911161635698
1,1.0
1,0.5567290065687135
-2,-0.09609732162057545
-1,-0.013978864412649651
-1,-0.004910051289386801
-2,0.005229199118006764
1,1.990954337348902
2,0.08178136118260255
2,-0.004839482597204122
-2,0.0008681559861151432
1,1.0
-1,-0.013685083584832456
4,1.9807921075309283
-2,-0.01615205265213192
-2,-0.009414635857412139
2,-0.01795017737036225
2,-0.0297134733495468
1,0.5705001931720417
1,0.039980339947627154
0,0.009908606992761426
-1,-0.006344472515389063
-1,0.003719741476688899
2,0.019296324315372572
1,1.0
-1,0.0038909478638072576
1,0.001437689679167306
4,1.980377609672795
-2,-0.05480021811096471
2,-0.03756548729750326
2,0.02143528698711848
0,-0.029584100907689804
0,1.893246851299356
1,1.0
1,1.0
2,0.005940161159665631
-2,-0.05169246169695956
-2,-0.011089457002661045
2,2.0138353173537453
-2,-0.0060680003018978275
-1,0.0038909478638072576
0,1.9742712227625103
1,0.019280133791493646
4,2.1662583964574313
0,2.003814317338197
0,0.002301328049778427
-2,-0.04046104453474876
2,0.07473643850650696
1,1.0
1,0.03829178721897864
2,-0.03376150471966501
1,1.0
1,1.0
-2,-0.034915416744391366
1,-0.05019626655758688
1,1.0
0,0.08847674031556124
-2,-0.03316804963051305
-2,-0.015422097420656334
-1,-0.020712693209141916
-2,-0.006086796009955896
1,-0.11979177741213466
-1,-0.04421904771019098
-1,-5.009143981659893e-05
-1,-0.05088144784848888
0,0.02510439509397249
0,2.115464652835592
1,-0.009249747930525165
4,2.327614109158671
-2,-0.00028212949129002206
1,0.684566822760785
-2,-0.02002999406777025
1,1.0
3,2.0215977272302346
1,0.0038590535055777957
1,1.0
1,1.0
-1,0.0037722599640232844
-1,-0.012801983464139738
1,0.46151712455842975
0,2.071428991539634
2,0.016428706650639405
0,-0.07753024955951597
-1,0.024237222878963703
1,1.0
0,1.9396989162725007
2,-0.04724473214143663
1,1.8545814619930665
1,1.0
3,1.988913276753288
1,-0.029508442771428545
2,-0.029389772044549792
-2,0.036183756231127476
0,-0.010086561233008114
0,1.941243854736883
1,-0.01401621494162288
1,0.05641034248637586
1,1.9751289255464253
1,1.0
3,1.9915013295897201
4,1.9202969447485092
4,2.05243734527861
4,1.9460227732442623
2,0.03021377930805934
2,-0.06216137883399915
1,0.023344430206166947
1,1.0
0,0.4639624941352134
1,0.5211682235752163
2,0.012219948702886929
2,-0.014273781493489355
1,1.0
1,1.0
1,-0.0690880798521516
-1,0.009153888736802597
1,1.0
0,1.9660384640383801
1,1.0
2,0.011297438355283873
2,-0.007063298916726547
2,-0.0034027593510020824
1,1.0
1,1.0
-1,-0.006790194698363442
-1,0.01357474656922609
0,0.006741818839971943
-1,0.029043566669180933
0,0.0002495242748969627
2,0.0034366557935962615
1,1.0
1,0.15409547442583482
3,1.973304851641761
0,-0.022532011417674965
-2,-0.042230169845382616
0,-0.049679819014231644
1,1.0
0,-0.06563795419764529
-2,-0.017001413933008476
-1,0.0004085560361317139
1,1.8978398630038043
4,1.9099685730904563
-1,-0.07178806381056194
1,1.0
3,1.9338213886246205
4,2.0219489438456684
-1,-0.05461398371405976
0,-0.036877105021861666
-1,-0.052098489714548245
-2,-0.01040225402274853
4,2.2833768806082553
1,2.0395808531978816
2,2.150765157067612
3,1.9245214878729235
4,2.0611506859502096
2,-0.03708649409341535
0,-0.027857923198279594
1,0.018670790408401264
2,-0.020509847748799433
1,-0.16050846808281655
1,1.0
4,1.9443531876553635
2,1.9728225550410874
-1,-0.09362510954051308
1,1.0
-2,0.003050411213763264
1,-0.002575515920724142
1,-0.022188438392951357
-2,-0.0048409073335294525
1,1.0
3,1.9663252259767297
-2,0.04472255209291537
1,0.011673083235036344
2,-0.029794416101058353
1,1.0
3,1.9434935562138764
2,0.0043858328222811495
1,1.0
1,-0.0022994496363612
4,1.9686276598795465
1,0.00043749343312345215
3,1.9655868756494836
2,1.974513866942764
3,1.8703531020877342
1,1.0
2,-0.004869545796451342
1,1.0
4,1.8702258614618634
1,0.059481568844382195
2,-0.028585965320400385
3,2.032880250318871
1,1.0
-2,0.0037262491774852093
1,-0.02302836822926296
2,2.0412340737052634
1,1.0
-1,0.01837098790384313
2,1.9830420876833719
-1,0.001662901944050385
2,-0.004116747336845806
-1,-0.010215919373179982
-2,-0.003651020686343291
2,1.912180456849362
-1,-0.02430092681635427
1,-0.01715401938607848
1,0.0018692261339935976
4,1.9378274209955078
-2,-0.0015328507332954045
1,1.0
0,1.9763604845279366
1,2.1072063835063113
4,2.2725407430044733
1,1.0
4,1.9901875940744715
-2,0.022554442027372546
0,-0.020539282087093155
-1,-0.024613162877516977
1,0.008759914965508426
1,1.0
-1,0.03368816434178682
1,-0.012094663642206413
-1,0.00578215129385085
-1,-0.06953122774143156
-2,-0.13377851112648048
1,-0.01928624929226994
1,1.0
0,0.05991273220487727
-1,-0.09641135025045303
2,0.008386844852448276
0,0.4515349242406924
0,-0.09362510954051308
1,1.0
1,1.0
1,1.0
-2,0.006204941652442136
0,1.9591230481085038
-1,-0.011089457002661045
-1,0.00041561294087357826
1,0.5223648400609013
2,0.018834208114401813
-1,0.05981682409699097
2,-0.020760692637579584
3,2.0010162212620255
0,0.0038590535055777957
-1,0.02660387317090153
0,0.008492301110285058
4,1.8946830954668448
1,1.0
2,-0.0276617496156616
-1,0.003309226426811961
1,-0.07187903885219549
2,-0.038020092672099645
2,-0.04340366941001652
1,1.0
1,1.0
-1,-0.06399305497476986
-1,-0.04552268398489986
2,1.9170850433622857
1,0.4600830468479726
2,0.00838910182954182
1,1.0
-1,0.04971102365551871
-1,-0.04102905408525262
-2,0.004744938879628492
-1,0.007814905249928483
1,1.0
1,-0.0024291109977293067
0,1.9340420370388747
1,1.0
2,1.9975471208343694
0,-0.06259374903152785
1,0.5224284152579277
-1,0.010160048378976777
1,1.9372894110163243
1,1.0
2,0.02575409518002763
0,-0.06609627222766233
0,-0.004088165536167148
1,1.0
1,0.0001649331353750183
1,1.0
-2,0.00898265504394392
1,-0.004860331400860989
1,1.0
-1,-0.05990192794597789
-2,0.03387623127194538
3,2.0585498345645066
-2,-0.025560311180913266
2,0.0011082383905043909
2,2.056400680856061
0,0.41554619908121226
1,1.0
1,1.0
-2,-0.06322900559317077
1,1.0
1,1.0
-1,0.08124368247220276
2,-0.0040217840579525425
1,-0.06864026271007109
0,0.1878170397381409
-1,-0.08549978988938356
3,1.9396989162725007
1,1.0
4,2.016361909092992
1,1.0
2,2.071981974250892
1,1.0
-2,-0.03357123884985909
1,1.0
1,0.005284751940043231
3,1.9451470019829449
0,0.03092351948771953
4,1.9216920690526231
-2,0.0038114553191358203
1,0.0008776042457636807
-1,0.01357474656922609
-1,-0.02650903340861602
0,0.06078909575009241
-1,-0.004102736970129719
1,1.9863179013537442
1,1.0
1,-0.012094663642206413
1,1.0
-2,-0.025916017167937015
-1,-0.03182754182581031
1,1.0
1,-0.03271438283995666
0,0.5028290298504874
-1,0.0275448693770951
-1,-0.0036274000967628293
1,1.0
1,1.0
0,0.46417397851155756
1,0.1470680287033314
2,2.019824214921531
2,0.0671934455220876
0,-0.0020755692425638763
-2,-0.006724223169133297
4,1.9622927768255483
1,1.786209947453045
2,0.016013899492651737
2,2.0436996028847174
0,0.4824658828103969
1,1.0
2,-0.0093064789331992
-2,-0.06480812864217783
2,-0.009922966825953717
2,2.025587469490809
2,1.8492268508148433
1,1.0
4,1.9863179013537442
1,1.9656808704472644
1,1.0
1,1.0
-2,-0.05934402146695544
1,0.022651000800327347
1,1.0
-2,0.03368816434178682
0,-0.020774832956145472
1,0.0034366557935962615
3,2.068108611032868
1,1.0
-1,-0.0036274000967628293
2,2.143092402938961
1,0.48786633923775613
1,1.0
-2,-0.03480284479372131
-1,0.018118545653572005
1,-0.052098489714548245
0,0.0012501148881276006
1,0.022722142964056263
-2,-0.005291363909446586
0,-0.027857923198279594
2,2.0228763380234174
1,1.0
0,0.010830482686007607
3,2.0132068590323953
1,0.14785495668927484
0,-0.0029832032557617384
1,0.010558941822583389
1,1.0
4,1.9583727585206199
-1,0.01890808753723661
-2,0.008505585176938698
-2,-0.003598666218873224
-2,0.00898265504394392
2,0.0019977222038350248
0,-0.027606815892178664
-1,-0.009171853191056255
2,-0.022169047030785753
1,2.04672010189657
1,0.5517999275884159
1,1.0
0,2.0582015831102574
-2,-0.008710306411321074
-1,0.002775384863289336
4,1.9074682884019432
-2,-0.00044149109083645166
0,0.023344430206166947
0,-0.006401638939690879
2,1.9872707528243259
0,1.9896233688315368
1,1.0
0,-0.04821043487095731
1,1.0
3,2.1142178071196454
2,0.10057912081215724
-1,-0.12401224218973313
-1,0.006693975851918213
1,1.0
1,1.9621042845371877
0,-0.05665585467982628
-1,-0.01118019879972549
1,1.946634925347908
1,1.0
1,1.0
0,0.06078909575009241
1,0.523204484070741
1,1.0
2,-0.016447969511119407
2,0.016013899492651737
0,-0.020774832956145472
0,-0.05197794036747402
4,2.014386338476941
1,-0.004406078993046727
-2,-0.015901481485326528
-2,-0.010954690099964632
-2,-0.029584100907689804
1,1.0
1,1.894592826857294
1,1.0
2,0.005873390251638665
0,-0.01040225402274853
0,0.46218929839538503
2,2.03285150733562
3,2.1344750699929675
-1,-0.020596380183466517
2,0.018459766097333328
2,-0.005648167048327328
2,-0.004102736970129719
-2,-0.006086796009955896
1,1.0
-1,-0.023200924601304823
2,-0.03193935813161952
1,1.9586299965054923
1,-0.01571955716998946
1,1.0
-1,-0.016595330584077982
4,2.1201821084126924
-2,0.14337689816145283
4,1.914501537553503
1,-0.041659747641872975
0,-0.006365271332127018
-1,-0.017001413933008476
0,0.014153327100088663
2,0.010588794489311978
-2,-0.0086354403816192
0,-0.07823948113205138
0,0.4836686565606476
-2,-0.0547371408811817
2,-0.08000807434485256
3,1.9608650982197364
0,0.00898265504394392
2,1.9867621221507
1,1.930617255618242
1,0.01006918563640693
1,1.0
-1,0.0054900391863058565
1,2.212106966639168
0,0.016152314974619168
1,2.256418424309725
1,0.5344549519632288
2,-0.06904847887992399
-1,-0.006494575289905225
1,0.42984772129293947
1,-0.012205830518850744
-1,0.03326291964869501
-2,-0.1825880166697761
0,0.05581468557616296
4,2.004086423198755
0,-0.016316792243372034
1,0.021340427311052138
-1,-0.005858490844282246
1,2.1082932550481104
0,0.10097228193052643
2,-0.0251009567125654
1,1.0
1,-0.01952170929724642
-2,0.0054900391863058565
-1,-0.1338686226166003
-1,-0.011827905096388605
0,0.01308252789585594
1,1.0
0,-0.025447375652408875
0,0.02859343984507824
2,-0.05088144784848888
1,1.0
2,-0.06383080417569911
1,-0.020415669659865843
-1,-0.006986850974063982
-1,-0.023658340982707166
-2,-0.009314781101609118
0,0.007487267293918226
-1,-0.006585826032229226
-2,0.0008681559861151432
3,1.7489570057510493
-1,-0.003267509122781168
1,0.061124499308008895
1,1.0
2,2.0148096287848976
0,0.07757805967562606
2,0.0019221921013433544
-1,-0.028895667442589326
0,0.01357474656922609
0,0.01006918563640693
0,0.46417397851155756
0,0.12320320834354069
4,1.9694256561237358
0,-0.009093960200406917
2,-0.007514545177191264
2,1.8656395940392192
0,1.991731867886665
-2,-0.00655761421863878
-2,-0.031170867589603163
2,0.029036578406394953
-1,0.002122627677777264
1,1.0
2,0.020150102826637963
-2,-0.0076313907759917934
1,2.0020291293561714
2,1.9479716240377871
1,1.0
1,1.0
1,0.013062582720189887
0,0.005101364232484794
1,1.9292974164924355
4,1.9816742415800734
3,1.9862882513157112
-2,-0.026487969723335777
1,-0.02920277744606069
1,1.0
-2,0.017269676230800824
1,1.0
2,0.33004073736601375
1,0.40339964868088385
1,1.0
0,2.0090114060005746
1,1.8640408128186907
1,1.0
2,0.009327013621887793
1,-0.029716964649853735
2,1.8364598286847913
2,0.020088779719525024
-1,-0.007996948655422746
1,0.022211820696716515
-1,-0.015655493477472124
-1,-0.001999846994382528
1,-0.03431429215861749
1,1.0
0,-0.11271249947333029
-1,0.021163857096536124
1,-0.14792381909611885
2,0.011341069603272122
-1,0.010064833017550399
1,1.0
1,1.0
3,2.0132068590323953
-2,-0.057560491726505535
2,1.8384838338986602
1,1.0
1,1.0
4,1.9364779047397673
-1,-0.11383414706723556
1,1.0
2,-0.01586119619270465
1,1.0
4,1.896722605460515
1,0.47782044606797475
0,-0.07155084629903813
-2,-0.009171853191056255
1,1.0
2,0.0038650814732446638
2,0.0076689243377570885
3,2.0734449773684984
0,-0.04211975131503151
-1,0.01646461028708217
0,-0.16050846808281655
2,-0.005641886639611852
2,0.009153888736802597
3,1.9269965540016962
2,-0.03235635241380048
-1,-0.007958128288298245
1,0.02774123560714927
0,-0.025493409885991872
1,1.0
-2,-0.03229714906724884
-1,0.013804138650418064
0,-0.005438752356636359
-2,-0.03271438283995666
1,-0.004053278755565207
2,0.019942351561681514
-2,0.010647350062249442
-1,-0.07959806229778382
2,1.9236042494804797
2,1.9640258206119026
-2,-0.012171412217025019
1,1.0
0,0.0004085560361317139
0,2.04929095047253
-2,0.02421833934298314
1,1.8920739284569503
1,1.0
-1,-0.007751243642956695
1,1.0
1,1.0
1,-0.005858490844282246
-2,0.020150102826637963
-1,-0.009093960200406917
0,1.917687349861861
1,1.9258276930012166
1,1.0
1,1.0
0,1.9361254838846833
2,1.8835466093941327
1,-0.009314781101609118
0,0.543956307492198
0,0.11182970519266013
0,0.008012957294116002
1,0.015371669734029609
1,1.0
0,-0.006096180297084777
3,1.898457124129346
-1,-0.016128430008649296
1,1.9294001102079859
1,0.021927911582326574
2,-0.026644032064806606
-1,-0.04897054341839785
1,0.006900341378776913
0,1.9826574433994304
1,0.461475833427931
-2,-0.05895085547182208
0,2.109233753652308
2,0.0362201436374576
-1,-0.0060680003018978275
1,2.0611506859502096
-2,0.0140371573951618
0,-0.0013066313495663459
1,1.0
2,1.8974757566718419
2,2.004862542912272
-1,-0.015422097420656334
0,-0.01997837239338664
2,1.7879089174371194
-2,0.004352201449063525
1,-0.03017308472437543
0,0.023384115196023875
1,1.0
3,2.0212149774984445
1,-0.008840771803313878
2,-0.03498913819349523
0,0.5800120633950516
1,1.0
1,-0.0076313907759917934
1,1.0
1,0.02765284771756462
1,1.0
-2,-0.013904659563619344
0,1.9199016444930155
0,-0.01480706905106261
-2,0.03368816434178682
1,1.0
0,0.005284751940043231
2,-0.03586222054982616
2,0.04799182766551463
2,-0.045896252207555756
1,-0.0690794295813019
-2,-0.0095280499596867
0,-0.004102736970129719
2,0.0638668878305194
1,2.007785554443484
0,0.04807306998128965
1,0.4713494239720319
1,-0.017855649251764055
-2,0.00884266307128326
-2,-0.033123328701603255
0,2.0592412283480117
2,0.009166988513338388
2,2.0237019517396786
1,1.9458273257439496
2,-0.028718573325603174
1,1.0
2,-0.021022251908217476
-1,0.00898265504394392
-1,-0.06394129904427204
2,1.9896466042160244
4,2.184610776538438
-1,0.022961782102602045
1,1.0
4,1.9247437860544547
-2,-0.011195711117358731
2,1.9403059191213545
-1,-0.006414579125856365
1,-0.004116747336845806
1,1.0
-1,0.022411691665592363
-1,0.030933177584656045
-1,-0.0034698179149716636
3,2.0131788166134283
1,1.0
-2,0.000280262643507916
4,2.1962243466641764
-1,0.01947885514374408
4,1.9582338992427808
-2,-0.05008569486393651
2,1.8455048495583528
2,-0.06718433159634211
0,-0.022188438392951357
-1,-0.006641396467836263
1,1.0
2,-0.008000096185884794
-2,-0.0233461168753919
2,2.0119760312127273
1,0.0018695020746053127
-2,0.013062582720189887
4,1.9524060049550462
0,0.010323944714579949
2,0.018682011511911675
2,1.9660194299378717
-1,-0.0355765541442502
1,2.054837790284146
0,0.01946478666568868
2,-0.025721406725321434
-2,0.008502874206302158
2,-0.003329292778855678
0,2.0582015831102574
1,2.0368536664108463
1,0.09968703104470826
1,1.9928265179848454
0,0.47324262990666915
0,-0.1411923106981323
-1,-0.0036274000967628293
-1,-0.008366559747196502
2,0.05991273220487727
0,1.9643515681746513
2,0.02397310557314019
3,1.9992923877186835
1,1.0
4,1.9247437860544547
0,0.5056286812440209
1,-0.022716430774678272
0,-0.10069587421531334
1,1.9620187676557919
2,-0.004809084681674796
1,-0.005377089533122863
0,-8.346082155448229e-05
0,-0.05019626655758688
2,-0.08549978988938356
1,0.4909113557326778
0,0.0008681559861151432
1,1.0
2,-0.009556012314237477
1,1.0
1,-0.025681530664353584
2,-0.016167853350693873
0,-0.0033628453509074513
0,-0.009249747930525165
2,-0.021071141567327794
2,-0.012004231635563318
0,1.949533043916452
1,1.0
1,1.0
1,1.0
0,-0.03696182487434768
1,1.0
0,0.45714446817475524
1,1.0
-2,-0.06914409932386527
-2,0.010014830324535672
0,0.04873741822630937
0,-0.14760463965182352
2,1.9455583958047753
3,1.9325136990249885
0,-0.014356535536923842
1,0.01548503986536287
0,0.01357474656922609
0,-0.12189860670851227
2,0.00884266307128326
-2,0.010704303556795964
2,0.16701210291657784
-2,-0.03512496728698303
-2,0.005057282102981803
1,1.9770687319651052
1,2.0825581902262225
-2,-0.0044351438888664205
2,-0.007710276175914046
2,0.026909354263620663
-2,-0.03505812218572227
1,1.0
1,1.0
-1,-0.02854224855481184
2,0.013536249950003527
1,-0.012094663642206413
-2,-0.053945375089430384
1,-0.014764677072100408
1,1.0
-1,-0.01894567391082451
1,1.0
0,0.4167829313117564
3,1.8703531020877342
-2,0.06680307711429571
-1,0.01689109762426893
-1,-0.08053783162446311
-2,-0.0260630393064673
1,1.9877446512886605
-2,0.059132727084574774
0,0.15519203739184945
4,1.9782011094921002
1,1.0
2,2.1755385004415744
1,0.0038208898707391757
1,1.0
1,-0.04259316160984386
-2,0.2042276722898903
1,-0.022561871179227592
2,2.114417958689463
1,0.14966386742753549
1,1.0
1,1.0
2,-0.008000096185884794
4,2.032733659876384
1,1.0
4,2.0475973697117866
-1,0.005374091863869716
0,0.026252616570297614
3,1.9369821463556658
1,-0.006494575289905225
1,-0.04115201822883864
0,-0.11979177741213466
2,-0.033009775982683176
1,2.1866310222120955
2,0.006401379842888299
1,1.0
1,-0.045996553720844574
1,1.0
0,1.949682520316335
0,0.5341477550488507
2,0.013122564669054369
2,-0.007139195295641198
0,0.04014409610905696
2,-0.11293430770324367
0,-0.01743100957035558
0,1.9826574433994304
2,1.8306569496311473
-2,-0.09298860446794636
-1,0.005284751940043231
-1,0.0038590535055777957
1,-0.001258985859507945
-2,-0.024618838605772554
0,2.0523031323613314
0,0.03452673918695912
0,0.03485443948819095
1,1.9955478233478205
-1,-0.007664751555339454
0,-0.05197794036747402
4,1.9684050487865687
2,1.949533043916452
0,2.1593295330099163
2,-0.016843116413499216
2,-0.01926944341417554
-1,0.1137515598131877
1,0.0005744663092603997
2,0.017678814967973012
1,1.0
-2,9.62699206121011e-05
2,-0.004162528875529827
0,0.546338531271479
1,1.0
-2,-0.04172411356586691
1,0.38650960013961766
0,1.8548764116271215
-2,-0.04065547650159796
-2,0.035386791254870584
1,1.0
-2,-0.01626514729380318
0,0.013728907017830996
1,2.0048086602512187
1,1.0
0,2.0820578578448625
1,1.8696819013113983
0,-0.03699704517771382
-1,-0.01268992378852675
1,0.0615262746385472
-1,-0.03509957318971929
-2,-0.02850095779469938
-2,0.008802536068190005
1,0.008502874206302158
1,0.45732892835433353
0,0.4769337206043943
0,-0.05008569486393651
-2,0.001437689679167306
-1,-0.16050846808281655
-1,0.018834208114401813
2,1.934010430642179
-1,-0.0025498436535374715
0,1.8389326376842943
2,0.004373695199208652
-2,-0.02632906894398287
-1,0.018459766097333328
0,0.002789703125590848
0,1.9862882513157112
0,0.45635360393451646
-2,-0.006414579125856365
0,0.007219462872973532
0,-0.02430092681635427
0,0.44314789694804413
2,-0.028895667442589326
1,1.0
1,1.0
-1,-0.023796511017207634
0,0.4864261087259169
2,0.0017790805173349834
4,2.0408731746564395
4,1.8769213213463498
2,-0.034868704401211835
-2,-0.036536555033114426
-1,0.013536921755086823
0,0.04873167555152096
1,1.0
2,1.8828673015418653
1,0.026326036089693704
1,1.0
0,-0.1259392625276825
1,-0.03419140164147611
-2,-0.0893402464862788
-2,-0.0033628453509074513
1,1.0
4,2.039127346939864
1,0.05991273220487727
-2,0.046083707891268894
1,0.3854055686414627
3,1.9340420370388747
1,0.4741792684426126
0,0.010154189832818534
-1,-0.03377165979076525
-2,-0.014193260084194505
4,1.947585856565433
1,2.0602351370065923
1,1.0
1,-0.015676108507348865
1,1.0
1,1.99463244960959
2,-0.048478556357262885
-1,0.0019101940054457223
1,0.4691588043464921
2,0.009153888736802597
0,-0.045690771814693984
-1,-0.01525188707851875
2,0.006585361059830718
0,0.4691606080338741
3,1.9561824988029315
-2,-0.03137704327314171
0,-0.01530670584045707
0,1.9632931400883045
1,1.0
0,0.03858395961494517
1,0.020150102826637963
1,2.018369019106783
0,-0.07823948113205138
1,-0.09564565540916434
0,2.018214995838691
4,1.9715668131151356
1,0.022411691665592363
1,-0.023796511017207634
-2,-0.01407160161157397
1,1.0
1,1.0
0,0.4448062284241024
1,0.45761449608214533
1,1.990861782288877
-1,0.06747429160136251
0,-0.048570717856606944
-1,0.04022895997061991
3,1.8060385606920235
-1,0.042836072401722006
-2,-0.03480284479372131
0,-0.004910051289386801
1,0.00578215129385085
0,0.003537992482877943
1,0.010559820705179641
2,2.0085361105018644
2,9.62699206121011e-05
3,1.9970731149223104
1,2.150765157067612
0,0.0026559387450066883
1,1.0
-1,0.006224310680097382
2,-0.0054092727702834955
4,2.013670614066086
2,0.06026985821467603
-2,0.010323944714579949
0,0.4108186851244238
2,2.0422102143307814
-1,-0.009112642945824938
-2,-0.022054412923180458
-2,0.016152314974619168
-1,0.05410403598188677
1,1.9247437860544547
1,1.0
1,1.9592343630983295
1,-0.03017308472437543
3,1.9433657421040453
-1,0.09338474191873111
-2,-0.0027937021886297315
0,0.06918275728080192
1,0.5285785218261905
-1,-0.019456297731605444
1,1.0
1,1.0
1,1.0
3,1.9340420370388747
2,1.9782011094921002
1,1.0
1,1.0
0,-0.03607754055010931
1,0.018637000499826827
0,0.5279075576070348
4,1.9765710799312877
1,1.0
0,0.27806715559684797
-2,-0.001484570782736851
-2,-0.046377318961593535
0,0.009153888736802597
3,1.8741484746133565
-1,-0.007664751555339454
-2,0.05063371934406089
0,-0.02948804203568534
-2,0.0031551235603534704
-1,-0.03498913819349523
-2,-0.12771283935760314
-1,0.02143528698711848
1,1.0
4,2.0925002674685595
0,0.010307177653756045
0,-0.026374645349013733
1,1.0
1,-0.03696182487434768
1,1.9749150160506774
1,1.0
-1,0.02859343984507824
1,1.9820280286465668
3,2.035710374825863
1,-0.019837613563863123
3,2.0275415477715275
3,2.282474656415792
-1,0.004671203226012063
1,-0.005428974399172286
3,2.001995703356648
1,1.0
-1,-0.027676434451141853
-1,-0.01162884239919334
1,1.9507443993851614
-1,-0.02253177641218989
2,1.9616998723517265
-2,0.009660137614354665
-2,0.0342412311593057
2,1.8864309996654702
1,-0.0220188764951689
1,-0.034551364034456876
1,0.023411219417244906
0,-0.02880434805127574
2,-0.01480706905106261
1,1.0
3,1.9269965540016962
1,1.0
1,0.015756273621853275
-2,0.02575409518002763
1,1.0
-1,-0.06263612402097579
1,0.038359918150396605
1,-0.004430739596422222
1,1.0
-1,-0.007514545177191264
-2,-0.007358718323914643
2,-0.0025227303696404935
4,2.7322956525775868
3,1.9609896860901166
1,1.0
1,-0.018161822517407646
1,2.01566834738578
-1,-0.024189336772731954
2,-0.005776325480372214
3,1.9487573850531856
2,-0.04243646540200883
1,0.5285785218261905
1,1.0
2,2.0070878539969117
0,0.03263817556223708
0,-0.0015853284046661643
1,1.0
-1,0.035386791254870584
0,0.4524009351908858
-1,0.1982041897688843
1,-0.021129658932307095
1,1.0
1,1.0
3,2.111438773367356
1,0.02765284771756462
1,1.0
0,-0.03377165979076525
4,2.0087477202393225
-2,0.01649986662048054
0,0.003908919493088753
0,-0.010920671400798408
1,1.0
1,0.0041607512524426725
-2,-0.04211975131503151
-2,-0.028585965320400385
4,2.02474680121238
-1,-0.0022499901416534757
-1,0.02159921266770343
1,0.43671763050252
1,-0.005438752356636359
-1,0.22389857486258502
2,0.07380405764486285
0,0.043100154840221803
0,-0.001663632529375368
-2,-0.02000563113322153
1,1.0
1,-0.08882840103895838
3,1.8735694445055
2,0.006942358113663318
1,1.9851253704371148
1,0.45615121982100765
0,-0.06448083113024053
-1,-0.019614559202481417
0,-0.04590808399332611
-2,-0.04002761624122293
2,0.026661900845452682
0,0.5207165625052097
2,-0.02330192802045474
-1,-0.03229373584642374
3,1.981945595966125
0,-0.005377089533122863
1,0.05525163075642643
1,1.0
0,0.0501846978116985
1,1.0
4,1.9764236721858663
1,-0.022622250035536223
-2,-0.0048409073335294525
1,-0.011198886838780777
-1,0.018834208114401813
3,1.967169918427008
1,0.45997288960590027
2,-0.006401638939690879
-1,-0.03033646769668029
1,-0.15615880763810144
-1,-0.06207711056091008
3,1.9800260316386713
1,1.0
0,-0.005078439712053028
2,0.12875568736789808
1,1.0
1,-0.020545971458718667
0,0.4388806467309383
0,-0.02632906894398287
2,1.9607827777863107
2,-0.022935603163038273
-2,0.02490072078001699
0,-0.015459640426566446
1,0.03452673918695912
-1,-0.0658407454102386
0,-0.07778068186737463
1,1.0
2,-0.002337620078631823
0,-0.04626353641787708
-2,0.0002815284900660159
-1,-0.019837613563863123
1,1.0
1,-0.025214334595226023
1,1.0
1,1.0
1,-0.0031754411085496478
1,2.126572935991536
-1,0.07146420916074807
0,0.0041884579096739824
4,1.9435981408234675
-1,-0.013129380375253267
1,-0.040668637782253846
2,0.01579024439466141
1,1.0
0,1.9883588795926748
-1,0.001228042159378617
0,0.00898265504394392
1,1.0
4,1.9540985206665837
0,0.44743781828083684
2,1.954345438770256
0,2.0058532839281575
0,-0.024618838605772554
1,1.0
0,0.4735090526315101
0,0.31715184414921427
-1,-0.0067268312210739265
-1,-0.0046686968054183466
2,0.03368816434178682
0,-0.008616902864181451
-2,-0.0012010497745688657
-2,0.0004085560361317139
1,-0.04243646540200883
-2,-0.003651020686343291
1,1.0
1,1.0
1,0.5291380837480546
2,-0.01207004714387133
0,0.5619395925322135
0,-0.013401423396679414
1,-0.007710276175914046
-1,-0.03179262729632508
1,1.0
-1,0.00578215129385085
1,1.0
1,1.0
-2,-0.02865994769697741
-2,-0.09609732162057545
-2,-0.005508621020536452
0,0.022325625014917656
-1,0.03311179749388593
2,0.03092351948771953
1,0.030363724444119562
-1,0.022477278896092624
2,0.007126171616321151
-1,-0.0076313907759917934
1,1.0
1,1.0
1,1.0
1,1.9933856455263297
0,-0.011827905096388605
1,1.979385226756431
0,-0.03823241118901757
1,-0.01494826229188232
0,-0.039184340159931136
1,1.0
1,1.0
1,1.0
0,-0.0014779122891491097
3,2.008409200235214
2,-0.009067569825910242
1,0.4493164827909564
0,-0.005135353746471236
0,2.1954392843552357
1,1.0
1,-0.01074684178914153
0,0.028378753828253236
2,-0.0248459028008144
1,-0.00047071625197908764
1,0.010160048378976777
2,1.9749714994171672
1,1.0
-2,-0.03423389264821785
0,1.9435335838638013
-1,-8.346082155448229e-05
1,1.0
-2,0.0021467554969258743
1,1.0
0,-0.07223321768549593
1,1.9320154642783323
1,1.0
1,1.0
-1,0.04738194999425874
-1,0.005874994553149258
0,-0.0036274000967628293
2,0.004728283268795881
-2,-0.00917556748970762
1,0.47326348820660674
-2,0.045270444510087764
3,1.968940254245248
2,-0.0025227303696404935
0,0.45339884845481704
2,0.0025665528114525425
4,2.0246255948093603
1,-0.034868704401211835
4,1.9591230481085038
-2,0.02808221237366028
3,2.024196201750958
1,1.0
0,-0.00041370948259053124
-1,-0.05197794036747402
1,-0.02104750360749319
0,-0.046377318961593535
1,1.0
0,-0.0072528990268326465
-2,-0.025290805947110858
1,-0.01209250063768005
3,2.0711938687282525
2,-0.023930445759096072
1,1.0
4,1.9344828334746254
2,-0.04073903038085353
-1,0.005875710511017991
1,2.050073843922884
0,2.0523031323613314
4,1.9639709544350503
-1,0.023745430000260966
-1,-0.05480021811096471
2,-0.025721406725321434
-1,-0.012973907527385795
1,1.0
1,1.0
2,2.021908470784956
-1,-0.029584100907689804
1,0.0024045365657589393
1,-0.01926944341417554
0,0.01148450808673597
1,1.0
1,1.9433657421040453
-2,0.0362570485912622
-2,-0.003510253297678276
1,1.0
0,0.055690422450340164
0,-0.01372542586484999
-2,-0.04917301624024508
0,0.5019753718528948
2,1.9173428487175375
1,0.02922259884328547
1,1.0
0,0.007539611946045276
1,-0.014273781493489355
1,-0.018997973134302053
1,2.0611506859502096
-1,-0.02041435327792553
2,-0.06207711056091008
1,-0.014529615817967826
1,1.9751289255464253
-2,-0.00047071625197908764
0,-0.029508442771428545
-1,-0.031372046434643426
0,-0.022561871179227592
4,2.5295571711085403
2,-0.0038621347654635304
-2,-0.039973223314685266
3,2.0535295679546746
4,2.0380451177528736
0,0.0275448693770951
1,1.0
0,-0.029998049684402162
1,0.00789637100633319
2,-0.021223049370155046
2,0.0003500919240483248
2,1.9993528480663503
1,0.4517752746580445
1,-0.06466812556705089
-2,0.018206459509790003
2,-0.016128430008649296
-1,0.0038590535055777957
4,1.9180456563651467
1,1.0
-1,-0.01349665519129246
-2,0.013384937631363489
-1,0.011457815959866047
0,-0.04898418939384484
1,2.0042374940404857
-2,0.002968656512080424
2,-0.007958128288298245
1,1.0
1,1.0
-2,0.001955715922656507
1,1.0
1,1.0
0,-0.11327081706309461
1,0.6335063325254036
-2,0.09406874703875433
0,-0.0093064789331992
2,0.021319018287605816
1,1.0
-1,0.00762098735267537
2,-0.005776325480372214
0,-0.014764677072100408
-1,-0.015655493477472124
3,1.9884842177084172
0,-0.07298251635555021
-2,-0.036491347266896394
2,1.9688963578503473
1,1.0
0,-0.05113097172685181
-1,0.013536921755086823
1,1.0
1,0.01597754236593972
1,0.7107960440343151
0,0.5256563771901632
1,-0.03160502376570316
1,-0.029716964649853735
1,-0.016128430008649296
0,0.01633443489012747
1,1.0
-2,0.013404032633355935
-2,-0.004062837700809092
-1,0.03270916112641596
1,0.01006918563640693
4,1.9672984940048062
1,0.003309226426811961
2,2.1199044897709163
2,-0.0423158416838949
4,2.044518031427709
1,0.010047725530701523
4,2.0194340768068875
2,-0.03271438283995666
0,-0.0684206524401936
0,0.024237222878963703
-2,0.0041607512524426725
0,1.9243535142480914
2,0.009153888736802597
-2,0.0140371573951618
4,1.9426196782950695
1,1.0
2,-0.0036289686197859745
-1,0.026760969221686085
1,-0.024645505370022164
1,1.0
2,1.9584161522583927
2,-0.008948190297060064
1,1.0
-2,-0.11608776401101834
-1,0.1661229928819238
4,1.9507443993851614
-1,-0.0190639476396575
1,-0.02076709469543274
1,-0.0928193617893272
-2,0.007487267293918226
0,0.41450158703106044
2,2.0018895109387596
-1,0.006693975851918213
-1,0.047338063844169505
-1,-0.03215177935469809
1,1.0
1,1.0
-2,-0.0276617496156616
2,0.03939585779039004
-2,-0.005303579805613724
2,-0.027435474810794086
3,2.0007572652292107
1,1.0
0,0.01357474656922609
1,1.0
-1,-0.02726231930684305
1,1.0
0,0.5153803637928034
1,-0.03437971430791932
1,1.0
0,-0.010516437763087692
1,1.0
1,1.9464100698631264
1,1.0
-2,0.03452673918695912
2,-0.004406078993046727
-1,-0.028323592408896772
1,-0.011343640001197858
1,2.1173376882468147
2,-0.04598759669601807
-2,0.1256053613113057
4,2.004862542912272
-2,-0.03480284479372131
3,2.028286848804181
-1,-0.006365271332127018
-2,-0.021469652581463713
-1,-0.023796511017207634
1,0.0037896833897839745
2,1.806662317476401
1,-0.013198678346857014
1,-0.002647419725520188
2,-0.0072528990268326465
1,0.010559820705179641
0,-0.029797247016661182
0,-0.01715401938607848
-2,0.005864212575913384
-1,-0.003267509122781168
1,1.9329601210630012
-1,-0.0325504890448807
-1,-0.024161521999413287
1,-0.0086354403816192
0,0.001695634901261788
1,-0.038045423120363714
-2,0.002730671447946033
1,1.0
1,0.0054900391863058565
2,0.03797637392035041
0,0.03797637392035041
1,0.49343748826343947
1,0.0549009091397188
1,-0.02742331269436147
1,1.0
3,2.3957560104644413
-1,-0.018161822517407646
0,2.046889883661292
1,0.0614509589615662
-2,-0.04724473214143663
0,0.05682149237001483
-1,-0.03480284479372131
0,2.043398854417737
2,-0.05479501278289863
-1,-0.03377165979076525
0,0.007880364355475707
-1,-0.0086354403816192
1,1.0
1,-0.052255714115644614
1,1.0
1,0.0018340671906535058
2,1.9061695653133253
-1,0.035386791254870584
2,1.926990961123441
-2,-0.03179262729632508
1,0.018206459509790003
1,1.0
-2,-0.030685145854207403
1,0.0004085560361317139
-1,0.02520082192851173
0,0.4322828510430762
-1,0.029910664967745953
-2,-0.020681788570847005
2,-0.005133265557190111
1,1.0
3,1.8555915235764058
1,1.0
2,0.1001432802390101
0,-0.028373150063614686
1,1.0
2,-0.02932985584790643
-2,-0.0022994496363612
-1,-0.18368694626560725
1,1.979110584082205
1,0.020150102826637963
2,0.002855715420000064
-1,-0.03600654410229554
1,1.0
2,0.009153888736802597
2,0.10979634453103616
0,1.9472409336492875
-2,0.0004085560361317139
0,2.0155408973516056
2,2.01103907539524
1,1.980103812532746
4,2.077602633088526
2,2.006630258052634
1,1.0
1,-0.020760692637579584
0,1.9989097462672654
0,0.045569314291181565
1,1.0
1,0.023871070225750825
3,1.9622927768255483
-2,-0.007139195295641198
1,1.0
2,-0.01988812552370114
2,0.023972230238934536
1,0.00020276482258727978
0,0.4284341822363463
1,0.49736666555384185
4,1.9770687319651052
-1,0.0197930903024441
2,0.04556462995714242
1,1.0
1,-0.02532827635094764
-1,-0.027487831156217085
0,-0.08490752635396566
1,0.5319478949625626
1,1.0
2,1.9970162143022676
2,0.016013899492651737
1,1.0
-2,-0.05178375721555525
-1,-0.019932277785797464
2,0.0004085560361317139
1,1.0
2,-0.1755969245510262
-1,0.008492301110285058
1,0.4962491336065415
1,1.9524060049550462
2,-0.007958128288298245
0,1.9892631740289701
4,2.035205893935634
2,0.02974671414465897
3,1.9540161804138458
-1,-0.0030459130599469054
2,-0.05581369567216097
1,-0.0012010497745688657
0,-0.001850090358179445
1,1.0
2,-0.023341755126270913
0,1.9999241504203464
1,-0.011343640001197858
0,-0.02330192802045474
-1,-0.04211975131503151
1,1.0
-1,0.014201997734096423
2,2.0883444636396153
1,0.03452673918695912
0,-0.012206389024798434
-2,-0.0122573953346111
0,-0.029998049684402162
0,-0.045896252207555756
1,0.4568976770554612
1,0.001437689679167306
2,1.8634863357506908
1,-0.012676431717839743
2,-0.008190415324875444
2,-0.02631236644440785
-2,-0.0093064789331992
0,2.0455265805296903
1,1.0
-1,0.02765284771756462
-2,-0.033123328701603255
1,1.0
1,1.0
1,1.9993091012557145
4,1.9915013295897201
1,1.0
1,1.0
1,1.0
2,0.03154636718905163
-2,0.035386791254870584
-2,0.007126171616321151
1,-0.02488839986541915
4,2.139896948229184
2,1.913854485633283
1,0.0004085560361317139
1,-0.02932985584790643
-1,-0.04266521591379299
1,1.0
1,0.5050020062061796
2,-0.0048409073335294525
-1,0.11108540299269663
4,1.9718714665589
2,-0.021150470466297717
-1,-0.006481301214429457
-1,0.03612011831053537
0,0.5245142935985134
2,0.13223335216156729
-2,0.00729279704861195
1,1.0
1,-0.03271438283995666
2,0.0014346878518939103
-2,-0.023796511017207634
0,0.001437689679167306
1,-0.03904242256632786
0,0.0021983606059816363
2,-0.04461124136205664
1,-0.0515316453777189
1,1.0
1,0.06196762511233006
0,0.3702749488497383
-1,0.0018340671906535058
-2,-0.008111214787247552
-2,-0.03480284479372131
2,0.0038909478638072576
0,0.44320601150977185
-1,0.03326291964869501
2,1.983400502014065
3,2.014046109934857
-1,0.24114600299231878
1,0.5861427247467903
-2,-0.026413637866106402
1,-0.037842896639427574
2,0.017141660018733455
-2,0.06385461566940252
-1,-0.0456904636619171
3,1.9434454363671179
-1,-0.00917556748970762
-2,-0.007535859760736562
1,1.0
1,0.47611211493974603
0,-0.10274619789536338
-1,-0.02411809239918795
2,-0.02041435327792553
3,1.9577993471329846
-1,-0.022622250035536223
0,2.0404300763295784
4,1.9444437292805359
-1,0.011956334273681818
-2,0.018670790408401264
1,1.9817443010380558
0,-0.05603305696703882
0,-0.08270013432838424
1,1.0
0,-0.07846595957157064
1,1.0
2,-0.05019626655758688
2,0.00898265504394392
2,-0.04117521534498004
4,2.0396828460833687
1,0.013645814254878
1,1.0
1,0.032750104908970394
1,1.9329601210630012
1,1.0
1,1.0
2,0.059481568844382195
0,-0.03111032724410337
0,-0.012206389024798434
1,1.0
2,-0.04065547650159796
-2,-0.0031754411085496478
3,1.9863179013537442
1,0.4074519357976561
2,0.017725365271887745
-2,0.05315198456725844
-2,-0.009249747930525165
-1,0.0021983606059816363
3,1.934010430642179
1,0.030541697081802
1,2.008210099022848
-2,0.012889739359714283
1,1.9620187676557919
1,0.05396715496949374
2,-0.008498930612090767
2,-0.05584910796316214
4,2.320388620450734
1,0.015671666839610368
-2,0.014750424645507638
-1,-0.0020755692425638763
1,1.0
2,-0.02692557951163686
1,-0.0423158416838949
-1,0.06013113605468659
1,1.0
1,1.0
1,1.954181282975804
-2,0.007460883747808852
3,1.9164732453192437
0,-0.037842896639427574
1,0.45303097743564935
-1,0.03939585779039004
1,1.0
2,-0.01967004316841911
2,0.009660137614354665
-1,0.18510793880412532
-1,-0.02488839986541915
0,1.8437580522763752
0,0.002013068272999258
-1,-0.008301763981843104
2,2.086779095463003
2,1.9267814807822001
1,-0.012150962360843448
3,2.1776508197743984
1,1.0
2,0.05991273220487727
-1,0.0524880750016199
1,0.041589799607866185
4,2.007088529727247
0,1.9460227732442623
-2,-0.02041435327792553
3,2.0021026984529007
-1,0.03577920982136078
-1,-0.03623079199068842
1,-0.011895654318939988
1,0.4156074946547866
1,0.12110258613524877
1,1.0
-2,0.004497117933398857
-1,-0.03377165979076525
0,-0.006585826032229226
3,1.9158454574331645
2,0.03452673918695912
-2,0.02232768679562772
-1,0.018670790408401264
1,0.05410403598188677
0,1.9372894110163243
2,0.026049289778522985
-1,0.019602856366875133
4,1.9192463032411726
0,0.0140371573951618
-2,-0.05252805702850751
1,1.0
0,-0.02742331269436147
0,0.0010704343739523976
1,1.0
-2,-0.003598666218873224
0,-0.015459640426566446
-1,-0.03941245597247054
4,2.135515778837277
1,0.03368816434178682
-2,-0.02488839986541915
-2,0.12302419261244069
2,0.045270444510087764
2,0.027186315564463114
0,0.018834208114401813
1,2.1111865881956065
-1,0.06595432998348108
1,1.0
0,2.0805904347424407
1,1.0
0,0.49709311360543995
1,-0.03480284479372131
0,2.063721930085112
0,-0.015459640426566446
1,0.023871070225750825
2,1.964958829848253
-1,-0.04619855854302411
0,2.000525376713746
1,0.00778882040064063
4,2.068108611032868
0,0.4505459329347936
1,0.0004085560361317139
4,2.019173153259183
0,-0.020760692637579584
1,0.03603023007950267
-2,-0.027835140274272464
1,1.0
3,1.9870677428382664
1,0.49305449098776144
2,0.029969106179649634
4,1.9510897096280992
2,-0.06990137218993688
1,2.0073318853578535
2,1.9372894110163243
4,2.0711938687282525
0,0.0009454598800642053
1,-0.015422097420656334
1,-0.012206389024798434
1,0.005374091863869716
-1,-0.012444009500695854
-2,-0.0031754411085496478
-2,0.0005239948126356599
1,1.0
2,-0.022054412923180458
1,0.027388652936575046
-1,0.010558941822583389
-1,-0.04494021276381858
1,1.0
0,-0.007958128288298245
0,1.9999241504203464
-2,0.018637000499826827
-1,0.04105163884249132
1,1.0
2,-0.04543212741766216
3,2.026031680057265
-2,0.03257487085331348
1,1.0
1,1.0
-2,-0.011513994076220004
0,0.33437281920998024
0,2.015717148343171
1,0.3780719432520373
2,2.019824214921531
-1,-0.012171412217025019
1,0.055371280659484136
1,1.0
-2,-0.004809084681674796
2,-0.004869545796451342
2,2.0042374940404857
2,0.053169090554575825
1,2.0546283218992687
-2,0.005101364232484794
2,-0.08882840103895838
1,0.014664910194031777
2,1.9825106238585752
1,1.9586480243716828
-2,0.028140718181294683
1,0.34571499493197494
1,1.0
4,2.0812127875625435
1,1.0
3,1.8974757566718419
0,0.4892340785006435
0,2.047954772505075
1,1.0
1,0.024635730928282397
0,0.01995911161635698
0,0.5240956297676855
1,-0.006365271332127018
-1,-0.016316792243372034
4,1.9487061639924672
1,1.0
2,1.9192463032411726
1,1.0
-1,-0.006310740553089583
1,1.0
1,1.0
2,0.0041884579096739824
-2,0.023411219417244906
2,-0.005776325480372214
1,1.0
2,0.011782580916051806
1,-0.0046686968054183466
1,1.0
-2,-0.05019626655758688
-1,-0.015347269879682346
2,1.8519739366400605
1,1.0
0,1.9292726079173934
1,-0.012444009500695854
-2,0.005284751940043231
2,-0.005846354933789023
1,1.0
1,1.0
-2,0.013336898038149723
1,1.0
2,-0.008301763981843104
-2,-0.020574824146896802
2,-0.020561998932753362
1,0.0038590535055777957
-2,-0.0093064789331992
1,1.0
1,-0.005377089533122863
1,1.9520833764801773
-1,0.009153888736802597
-1,-0.013651327609320689
1,1.0
1,2.2372948930862457
1,0.06923943996534644
-2,-0.0551902257799935
0,0.029036578406394953
1,-0.025560311180913266
2,0.024495527816763688
1,2.079328676190446
1,1.0
-2,-0.033926613598494096
1,0.020901864480191983
0,0.4513667909712634
-1,-0.02545379335237799
1,1.0
1,-0.025721406725321434
1,1.0
4,1.8802434017732443
1,1.0
-2,-0.045690771814693984
1,0.5705001931720417
-1,-0.08025692274607076
2,-0.016399373110682916
0,-0.05288973896971192
1,1.0
-1,-0.07201232879115221
1,0.4413270704712972
0,1.9586299965054923
1,1.9675499937672123
-1,-0.03586222054982616
2,0.01308252789585594
0,0.039392825411655445
1,1.0
4,1.9822844729692903
1,0.14785495668927484
1,1.9375595437606845
-1,-0.025721406725321434
2,-0.03182754182581031
4,1.9741239044989667
4,2.013561913091873
-2,0.0051614949569185106
1,1.0
-1,-0.0067401396149691754
0,1.943309097947088
1,1.0
0,1.9817443010380558
2,1.8930467947710008
1,-0.03586222054982616
0,1.9798362822907212
-2,-0.033123328701603255
1,1.0
0,-0.023382030116898926
0,0.005864212575913384
2,-0.009556012314237477
1,-0.012927381560026287
-2,0.00043749343312345215
0,0.02808221237366028
1,-0.003662856866392158
-1,0.01849311941028551
1,-0.04526874911393888
2,-0.004258639239227954
1,-0.049679819014231644
1,-0.005776325480372214
2,-0.0009194372634221831
0,-0.009468072215395487
0,0.05981954790160427
1,-0.013369443797598156
0,0.04910785180106905
-1,-0.09184849966461842
1,1.0
3,2.0315125796747595
1,-0.03910847992809281
-1,0.005284751940043231
1,1.0
1,1.0
3,1.9249533728463684
2,0.11108540299269663
-2,-0.044427798743184595
-1,0.013170373905898263
2,1.9800260316386713
1,2.0376898569602546
1,1.0
1,1.0
1,0.03591756474649714
4,2.047893602463725
-2,-0.016999234459157728
-1,-0.020509847748799433
-2,0.04812875111919453
-2,-0.011343640001197858
1,0.546338531271479
1,-0.0005215952961590345
2,-0.0093064789331992
4,1.854721469032174
-1,-0.02730693238029448
1,-0.09819159652395673
1,0.036752062629592415
0,-0.11591648563561739
-2,-0.00043361328670983275
1,0.03829759878248574
0,-0.0060680003018978275
-1,-0.03229373584642374
1,1.0
0,2.0194526670580153
-1,0.01827250164911306
2,-0.11661266008105636
0,-0.0044351438888664205
2,1.7916342398473153
1,2.038353736860976
4,2.0021026984529007
0,-0.12821841150339824
1,0.02711396946219675
1,1.0
1,1.0
4,2.040781107724153
1,1.0
-1,-0.014003771229430317
-1,0.06078909575009241
-1,-0.018555336136686564
0,0.47982548699540734
0,0.43724022536749874
0,-0.0389884596649067
0,-0.019837613563863123
-2,0.10014145158816629
0,0.5296333318620213
0,0.013242086351134184
0,-0.022554118300437517
2,2.0972203359130077
1,-0.02302836822926296
-2,-0.01822772580127466
0,0.014148373414574422
1,1.0
1,1.0
2,0.009657667898139651
-1,-0.018846323854302155
1,0.007625815458044983
3,1.9818411727576914
2,-0.01681266618582352
4,2.0614141450547736
3,2.013533665327251
3,2.1656771073760694
1,1.0
0,0.019942351561681514
-1,-0.04711348545910319
1,0.4199723413705573
-1,0.0031551235603534704
3,1.9182033321618854
1,1.0
2,-0.010713909976095093
2,-0.023796511017207634
0,0.04577160659962177
2,-0.03255049386389296
1,2.0695969388372553
0,1.9471935676797787
3,2.082780390094951
0,0.35467990699122803
1,1.0
1,0.0014000768412919164
0,0.01324125504885982
1,-0.007240509603280273
-1,0.03797637392035041
-2,0.06885001247877981
0,-0.011198886838780777
0,-0.003598666218873224
2,1.954663999450918
1,1.0
1,-0.15195291134971572
1,1.8115619047317693
1,2.0610666206180537
1,1.948058126505389
0,0.4287085532011526
0,0.0023680484270587527
1,1.0
0,-0.012688110808148956
0,-0.020509847748799433
-1,0.015788100876284038
2,0.02264955852463881
1,-0.004618032277964692
0,-0.0075647988369793836
-1,2.3477827506996793e-05
1,1.0
0,-0.028510098381497317
0,-0.021160316619596154
2,2.03285150733562
2,-0.012171412217025019
1,-0.09453676188793785
-1,-0.049679819014231644
1,1.0
1,2.033872697632641
-2,0.0038208898707391757
-1,-0.0684206524401936
2,-0.015587073565220093
1,1.0
-2,0.001662901944050385
0,1.9525910103782882
1,1.0
0,0.020231484552710996
-1,-0.052255714115644614
0,-0.013607049515743985
0,1.8828593759677792
-1,0.0014346878518939103
1,-0.0009194372634221831
2,-0.013937184288562889
1,1.0
3,2.0228763380234174
-1,-0.07155084629903813
2,-0.0411531020202033
0,-0.02095915169591603
-1,-0.06101344497548155
0,0.038814297078945306
-1,-0.05584910796316214
2,0.008012957294116002
-2,0.04873741822630937
2,0.01579024439466141
3,1.849554893616356
-1,-0.008588778579324855
-1,0.016152314974619168
4,2.050073843922884
1,1.0
0,-0.15790316942538124
2,0.0671934455220876
1,-0.01711422056076077
1,0.42444039543148876
1,2.005887371885994
-1,-0.011043070106376928
-1,-0.01372542586484999
0,1.995399400020623
1,-0.017763739182420402
3,2.0788384348340916
1,1.9340420370388747
0,-0.035603315430542876
-1,0.005284751940043231
1,1.0
0,2.0408731746564395
1,1.97280424172638
-2,0.010559820705179641
1,1.0
0,-0.014132394882022446
-2,0.03452673918695912
2,1.97280424172638
-2,0.01579024439466141
1,1.0
2,0.019896497992262282
1,0.06078909575009241
1,-0.01237911421177817
-2,0.020070698684598525
1,1.0
-2,0.019208137373792046
0,-0.048035489396870315
0,-0.019964519613520717
1,1.0
1,0.01615736620107344
1,1.0
2,-0.033160551821384866
-2,-0.04316469608702253
-2,0.029036578406394953
1,0.06036393165682395
2,2.274164891021204
2,-0.03271438283995666
0,0.038580901107847454
-2,-0.052649956621026554
-1,-0.10184752175671606
-2,-0.005776325480372214
2,1.9678681707931815
2,-0.0013204672074496498
1,2.6620085339149564
0,0.5349854663347766
0,1.9444437292805359
2,0.04514235939073306
0,0.4549261807192566
2,-0.031078057153382785
-2,-0.03423389264821785
0,-0.023796511017207634
0,-0.008366559747196502
1,1.0
1,2.0139008595897936
1,-0.0875618481565173
1,2.0058532839281575
-2,-0.016999234459157728
1,1.9786249655026342
1,1.0
1,-0.0014779122891491097
1,1.9872707528243259
-2,-0.01622055465590335
0,0.48226014118899146
-1,-0.02650903340861602
0,0.004728283268795881
1,0.004465901554199215
1,1.0
1,1.0
-2,0.1001432802390101
1,0.0362201436374576
2,-0.028585965320400385
2,2.07396411804717
1,1.0
1,0.059481568844382195
1,1.0
4,1.7444666468000403
1,0.11979180682320151
1,1.0
-1,0.0061464888242882335
-1,0.011668585814578684
1,-0.035852835506456265
-1,-0.052649956621026554
-1,-0.005190764171590915
0,1.9621042845371877
2,2.0085210691808637
0,-0.0026794731709637626
2,0.013062582720189887
1,1.0
-1,0.10994454381042384
4,2.140149503995249
-2,-0.0075647988369793836
2,-0.010281234141735967
1,-0.03229373584642374
1,0.49804045098318656
0,0.013574990626149402
2,-0.03387615008878553
-2,0.0019101940054457223
2,2.0244875695815665
0,-0.022676996938964314
-2,-0.012206389024798434
1,1.0
4,1.8364598286847913
2,2.019977869868352
2,2.025098977089195
1,-0.15238814910313705
2,0.0028053059939205506
-2,-0.04861274051935033
0,-0.020713874673809873
0,0.036183756231127476
0,0.022325625014917656
-1,-0.03785637862108806
2,0.0002815284900660159
0,-0.1117517494458417
-1,0.01783445358318719
1,1.0
1,1.0
1,1.0
-2,-0.1755969245510262
-2,-0.010963099920124985
1,1.0
1,1.0
1,1.0
1,1.0
-2,-0.2312927475708365
1,1.0
0,0.036752062629592415
1,1.0
2,0.05561279144597067
3,2.1866310222120955
0,-0.02730693238029448
1,0.0002495242748969627
-2,-0.0647949429161523
1,0.043537996903524216
1,0.4115936213580879
3,1.853348616450397
1,-0.0013066313495663459
2,2.0010828069180544
1,1.0
-1,0.06813720736730962
1,1.9620187676557919
-1,0.026252616570297614
-1,-0.23052978589713646
-2,0.004089280545480498
-1,-0.029574567040199007
1,-0.006585826032229226
1,1.0
1,1.0
-1,-0.1107457836004386
1,0.4168021454600489
-2,-0.08057993663959621
-2,-0.004602927262667433
0,0.056968089479703714
2,1.9399601629546526
1,1.0
3,2.0096781559892167
0,0.4343123439393461
1,1.0
-1,0.004089280545480498
2,0.0012501148881276006
0,0.5344206669124135
-2,0.0012805366101456548
-1,0.013762092341132641
0,1.987840647615766
1,1.8952777438093509
1,1.0
-2,-0.029871316361760478
-2,-0.020760692637579584
0,0.005864212575913384
2,-0.006724223169133297
-1,-0.009770224650469622
1,-0.02253177641218989
3,1.9962499317371352
-2,0.017725365271887745
1,0.007424208848030863
1,0.07473643850650696
0,-0.07178806381056194
1,0.05701195312174141
1,-0.003329292778855678
1,1.0
-1,0.013103791544030581
0,-0.04526874911393888
1,0.018834208114401813
0,0.01961793325712319
1,0.46209201769911856
4,2.240544627614952
-1,0.2516486342335109
1,1.0
1,0.4903428943654044
1,0.014133581410872429
1,1.0
1,1.0
1,1.0
3,2.0631050874078656
0,-0.012094663642206413
2,-0.03439814143848003
2,2.1344750699929675
1,1.0
0,0.511151521608655
1,1.0
1,-0.016128430008649296
2,0.036062425396629384
0,-0.04731701576857703
2,-0.015422097420656334
0,0.416154460265482
-1,0.00898265504394392
-2,-0.04619855854302411
4,2.007350621941066
2,0.006900341378776913
2,1.9170850433622857
-1,0.00578215129385085
1,1.0
0,0.4454526011132487
1,-0.02104750360749319
0,-0.015422097420656334
1,-0.024632577303535155
0,-0.043879418944281386
-2,0.010160048378976777
2,0.04550630718566697
0,-0.0014779122891491097
0,2.211418292373431
-2,0.010446924910644218
-2,-0.020760692637579584
0,0.039284742477449515
1,1.0
-2,-0.020760692637579584
4,1.9913324319986063
0,0.006741818839971943
0,-0.039184340159931136
-1,-0.007996948655422746
0,0.4562925390763087
1,-0.004498083568580029
0,-0.03179262729632508
1,1.0
1,0.03235907374292319
4,2.1396836963664447
1,1.0
1,-0.01480706905106261
0,-0.06360618573006023
2,-0.010954690099964632
1,-0.05603305696703882
-2,-0.03267953288537623
1,1.0
1,-0.034757673876296136
2,0.05275604616820737
-2,0.008165344044651503
-2,-0.015553540063001641
1,1.0
1,0.001662901944050385
0,-0.010516437763087692
1,-0.11010817002686019
0,0.021931957459513395
1,1.0
1,1.0
-1,0.028140718181294683
2,-0.024189667747235452
2,0.02477220099352016
1,1.0
-1,-0.02838829623768827
-2,-6.673304114073665e-05
0,0.0671934455220876
-2,0.050548684659002044
1,1.0
0,-0.011343640001197858
1,-0.0014779122891491097
1,1.0
-2,0.11343276875260515
-2,-0.05687439638627248
0,-0.13365156437407838
0,1.9896466042160244
0,-0.01659841650413073
1,-0.010991573196438278
0,0.018670790408401264
-2,-0.01399799082469516
1,0.41434012007486054
2,1.9698494864251157
1,0.5016351881800727
0,1.7079679289170344
-1,-0.11608776401101834
-1,-0.005078439712053028
1,1.7079049562948674
1,1.0
2,2.0873226852862117
2,-0.0035321064221168637
0,-0.04421904771019098
1,1.0
1,1.0
-2,0.05991273220487727
1,1.0
0,0.0017790805173349834
-2,-0.02226774918857228
0,2.0448186794825984
3,1.9654425902731325
-2,0.0140371573951618
1,1.0
1,1.0
2,-0.033160551821384866
-1,-0.06259374903152785
0,0.014899229464044116
2,-0.03586222054982616
4,2.0194868940118913
1,-0.020784877118674182
-1,0.018459766097333328
2,-0.04007873982995673
1,1.0
1,-0.08607045504377021
2,2.226927299896288
1,1.0
0,0.09118176467322167
1,2.0085337344158622
2,-0.013509681450486503
1,1.0
1,1.0
1,-0.041659747641872975
1,1.0
1,0.49465244324014856
0,0.025953928560531733
2,0.02540225399074953
4,1.9950114519671829
4,1.8115619047317693
2,-0.1559298849734949
0,1.957395273952998
-1,0.0027792382055232146
1,-0.01074684178914153
3,1.9622663712949124
0,-0.048035489396870315
1,1.0
1,1.0
2,-0.005377089533122863
-2,0.3180645557184311
3,1.9202863310995204
2,-0.04845623868757282
2,-0.01401621494162288
-2,0.01357474656922609
-2,0.0535175713642543
-2,-0.04102905408525262
2,-0.005776325480372214
-1,0.001437689679167306
1,1.0
2,0.06885001247877981
1,1.0
1,1.0
-2,-0.006494575289905225
1,0.005524959117667551
1,-0.008326921811811008
-2,-0.003284896661018527
0,1.9703182599385334
1,1.0
-1,0.14864886582557632
0,1.9264858845497324
1,1.0
-2,0.02859343984507824
1,-0.010249679969717575
-1,-0.06168379661276863
0,0.0018409241781793464
0,0.4623990238869927
-2,0.018388974329656537
-1,-0.009648009772256116
-1,-0.02865994769697741
0,0.01006918563640693
0,-0.022697686266879222
1,0.014899229464044116
3,1.9317036808068755
-2,-0.0023143492477900396
4,1.9593614888010518
2,0.018101681841144922
-2,0.026457058685606372
1,0.0011971389356314295
1,1.0
0,0.47915308218662866
2,-0.010516437763087692
-2,0.018834208114401813
4,1.915146661295854
-2,-0.012676431717839743
-2,0.0030883938488698854
-1,-0.020923333318239083
-2,0.01394986178178318
3,1.9906891173926902
1,-0.0034829551819863286
-1,-0.006096180297084777
2,-0.0838227384330398
2,0.0017403345110070978
1,-0.0664446529239192
-2,0.06428215474774504
1,2.0698870974046635
2,1.9586480243716828
1,-0.04526874911393888
1,0.44900451907650507
1,0.46151712455842975
4,2.05871736772683
-1,0.0003500919240483248
2,0.02575409518002763
2,-0.04042870952102206
2,-0.0072528990268326465
2,-0.015422097420656334
1,0.007814905249928483
-1,0.0022054821884566955
1,1.912180456849362
-2,0.0524880750016199
-1,-0.011198886838780777
-2,0.018834208114401813
2,1.9749714994171672
1,-0.0046339742205970536
1,1.0
-2,0.045269359043753114
1,1.0
0,0.1386375273330067
1,0.5060481037614181
2,-0.049679819014231644
0,0.4179408283251934
-1,-0.015655493477472124
4,1.9762977212240986
2,2.0345229297971734
4,1.9527819261470816
2,0.003853943335794159
4,1.9928265179848454
2,0.0020896055683126105
-1,-0.005508621020536452
3,1.9999241504203464
-2,-0.008000096185884794
1,0.5289035444555541
2,-0.02302836822926296
0,0.06403850636230693
0,2.063601683269127
4,2.024554962602237
1,2.0134825813613677
1,0.015920810758805123
-2,-0.006861660375082237
-2,-0.03265530666882306
0,-0.04546021727823344
4,2.0422102143307814
1,-0.00966275306170573
1,1.0
2,0.004352201449063525
0,-0.011699253561176168
0,1.9583878999143454
1,1.0
1,-0.007658900958998582
-2,-0.020026419076530896
-1,0.006921226879439489
2,-0.021969322461832294
1,2.0117234171735263
-2,-0.029630390588685745
3,2.0211033380480727
2,0.009660137614354665
0,-0.028968451738495
-2,0.00478106543037021
1,1.0
1,1.0
4,2.167169980533744
4,1.966604229190188
1,1.0
0,1.9455583958047753
-2,0.0038590535055777957
-1,-0.00028212949129002206
3,1.963620556621496
-1,-0.02338731692534782
1,0.0289274735405856
1,0.5114931128697714
-1,-0.08038199411937808
4,1.9142935612642822
1,1.0
2,-0.024821593126114216
1,0.013645814254878
4,2.0054148145158983
3,1.9888643457075448
1,0.05811887860354098
2,0.029036578406394953
-2,-0.006096180297084777
1,1.0
0,2.00026977715694
1,0.44697394305793786
0,0.018206459509790003
3,2.0354347695643393
1,-0.021591776225930545
0,0.018206459509790003
0,-0.05584910796316214
0,0.017269676230800824
1,1.0
-2,0.03939585779039004
0,0.019333114251221903
0,0.0213381524124326
1,1.0
-1,-0.009297925666569956
-2,-0.02302836822926296
2,-0.009463171126247089
2,-0.006724223169133297
4,1.8361914894768925
0,-0.10274619789536338
1,0.009059392864947583
1,0.09533596925880058
0,0.005497907219628373
4,2.004862542912272
4,1.903185076052693
1,0.009153888736802597
1,1.0
1,1.0
1,1.0
0,-0.08057993663959621
0,2.032733659876384
1,1.0
1,0.04600749778469611
2,-0.009171853191056255
0,2.017266192382183
2,2.056041561779855
0,0.441675676566559
1,0.001695634901261788
-2,0.043497260250131446
1,-0.013457395187899174
2,-0.04007873982995673
0,-0.01209250063768005
0,-0.05584910796316214
1,1.0
4,2.034121960857498
-1,-0.12234133262833408
1,0.03988847279619518
1,1.0
1,1.0
0,0.010203703921465223
-1,0.0027530427615076853
0,-0.02295071028823433
-2,-0.009314781101609118
2,-0.013509681450486503
1,0.44128065414337037
2,2.082780390094951
0,-0.045896252207555756
-1,-0.04586882407365574
0,0.511151521608655
0,0.37763789837819906
2,0.043537996903524216
1,1.0
1,-0.01977979999977825
2,-0.010915809457667984
0,-0.007139195295641198
2,-0.01697596629723246
2,1.6973171606207669
1,1.0
2,1.975176804887056
-2,0.12582594623469665
-1,-0.03667358242237266
-1,0.04910785180106905
4,1.9352252469160651
2,-0.018161822517407646
3,1.9616998723517265
0,1.9693801740525618
-1,-0.006494575289905225
2,0.04518030128290018
2,0.006224310680097382
2,0.002488590698656822
0,0.021326343218596257
2,-0.0006800777520906551
-2,0.0021467554969258743
0,0.0615262746385472
1,1.0
0,0.02808221237366028
-1,0.0037262491774852093
0,-0.09609732162057545
2,1.9758610566740649
-1,-0.0007056180573955636
-2,0.013940112465032099
-1,-0.04390924613748306
-2,0.04799195109079658
3,2.2163104733579795
0,-0.052649956621026554
-1,-0.003651020686343291
1,2.0437198688647813
1,2.003338067776977
-1,-0.11591648563561739
-2,0.007880364355475707
1,1.0
1,1.0
1,-0.00803393599733564
1,1.96502549245937
4,1.9730966485711914
-1,-0.0015795289941101314
1,1.0
2,-0.009463171126247089
0,0.010203703921465223
0,0.011213756960725397
2,1.9589619299993537
2,0.05625815094969115
2,-0.00803393599733564
-2,-0.01636032379420288
1,1.0
2,0.03797637392035041
1,1.0
2,-0.08177295981780565
2,-0.0012670477937399888
0,-0.010246164739293063
1,-0.008998907197077063
3,1.997820770397632
0,-0.009078385512042262
-1,-0.008979774230080584
1,-0.022622250035536223
1,0.0047260169034829625
-2,-0.02836172011787478
3,1.9044760663618339
2,-0.040668637782253846
1,1.0
1,0.4242441563342477
2,-0.0007124005613967758
-2,-0.018019044753904957
1,-0.016128430008649296
0,0.004879506988810201
3,2.0344387194483717
-2,0.013170373905898263
4,1.9701666553656367
-2,-0.006481301214429457
-2,0.0038891554671711304
-1,-0.024821593126114216
3,2.0010828069180544
1,1.0
1,-0.015067521355943324
1,0.0019977222038350248
3,1.9649446886686714
-1,-0.052649956621026554
-1,0.08751850889641104
0,0.47405177672907955
1,0.5230040331067247
-1,-0.036262378711118474
-1,-0.00043361328670983275
3,1.9589619299993537
-1,0.028606795427158008
-1,-0.01401621494162288
2,-0.02099037990297834
0,0.460990483060769
1,0.46338993202379897
-1,0.020172489064996996
2,-0.06914409932386527
-2,-0.008979774230080584
-2,-0.003267509122781168
-1,0.18409626871091928
1,1.0
2,2.023542896091767
-2,-0.02932985584790643
1,1.9686474126959146
1,1.0
3,1.9593614888010518
2,-0.008984997297220732
1,1.0
3,1.9414765140477919
2,0.06036393165682395
0,0.013015356919735327
2,-0.03240786653396527
-1,-0.013115944863313052
-1,0.10166248224577902
0,-0.005438752356636359
3,2.153762534264833
1,0.002488590698656822
1,1.0
0,1.9758610566740649
1,1.0
2,-0.0044351438888664205
4,2.0098597090442762
3,1.854721469032174
1,2.2929159811998914
3,1.8758749755796256
2,0.016372057975176543
1,1.0
1,1.0
2,1.9451470019829449
0,0.496052851959828
2,0.00898265504394392
1,0.003633491660491708
1,1.9433399170029406
-1,-0.028366374814071397
1,1.0
1,1.0
2,-0.0010885527220404337
2,0.026701752108281164
0,0.0069373903962980064
1,0.01357474656922609
-1,-0.010138588395433747
-1,-0.01894567391082451
-2,-0.1029696001636081
1,-0.010708048144535395
0,0.4862779030243864
-2,-0.0076313907759917934
-1,-0.01725469918896817
1,1.8634863357506908
0,2.017266192382183
1,-0.04172411356586691
2,1.9758334922147782
-1,0.030837751290910195
0,1.89407781519464
0,1.9510897096280992
-1,0.010160048378976777
-2,0.001437689679167306
0,-0.1741980114080698
-2,0.006900341378776913
-1,-0.011995275087392947
0,0.44491043848568657
-1,-0.01926944341417554
0,-0.029998049684402162
1,1.0
1,-0.008439474456378883
1,0.4874107758234689
1,1.8115619047317693
1,-0.05557883787022418
1,1.0
1,1.0
2,2.0147265713620706
2,1.6981540491920017
1,1.0
1,-0.0033628453509074513
1,-0.03362176130407122
1,1.0
-2,-0.034868704401211835
1,0.06036393165682395
-1,0.015370357237400807
1,0.006134567342864918
2,0.022651000800327347
1,1.0
-2,0.08616019999865579
-1,-0.012688110808148956
0,-0.045896252207555756
1,0.010307177653756045
2,1.7282140623464062
-2,0.001437689679167306
1,2.025428474013746
4,1.8858984571352158
0,0.4226345030610392
1,-0.019837613563863123
1,1.9688963578503473
3,1.9807668548206336
1,-0.024618838605772554
2,-0.0031754411085496478
1,2.0298130904150384
2,0.02434491455613148
1,1.0
1,0.05275604616820737
3,2.1456254854924164
0,2.03000918352466
-2,-0.011238673609254776
1,1.0
1,-0.05820185832265715
-1,-0.0025227303696404935
1,1.0
-2,-0.0159213859411533
1,-0.06101344497548155
0,1.8512143956988023
-2,0.013341703966789076
1,1.0
-2,-0.05113097172685181
2,-0.02603921756961445
-2,-0.027857923198279594
2,2.212106966639168
-1,-0.0060680003018978275
1,0.45547084950486066
-2,-0.03229714906724884
2,0.03961527852134272
2,-0.029630390588685745
-2,0.003719741476688899
1,1.9640258206119026
1,2.022340695859023
-2,-0.009728283339750765
3,2.008210099022848
2,-0.007954522186017318
-2,0.023344430206166947
0,0.058613416242691334
-1,-0.030931402540679435
1,-0.005650020144078377
2,1.8344635297989447
-1,0.03874488758909492
1,-0.058493699801276514
0,-0.03675876337247581
-1,-0.04013566296445295
1,-0.013198678346857014
-1,-0.008371542450236224
1,0.013574990626149402
-2,0.0004085560361317139
0,0.010160048378976777
1,1.0
1,1.0
0,-0.0034342910341800315
0,-0.03218148034667072
0,-0.05231976028427269
1,0.009166988513338388
-2,-0.04526874911393888
0,1.9674580588529356
-2,0.007615169395197619
1,1.0
0,-0.023341755126270913
2,2.025587469490809
-1,-0.05088144784848888
4,1.8341804126689334
-2,-0.12189724360682544
1,0.021390762639420836
0,-0.002575515920724142
-1,-0.019837613563863123
1,-0.03423389264821785
0,0.008759914965508426
1,-0.016597014042686323
1,1.0
1,1.0
2,-0.0016512008724038352
0,-0.02858746525552745
2,-0.0067401396149691754
-2,-0.015901481485326528
0,-0.02002999406777025
-2,-0.06259374903152785
0,1.997820770397632
2,-0.024161521999413287
1,-0.009556012314237477
2,-0.006086796009955896
1,1.0
1,1.0
2,1.991731867886665
1,1.0
1,0.4711947828906873
1,0.4864261087259169
2,0.036752062629592415
1,1.0
1,0.029572785206529936
1,0.09968703104470826
3,2.0501776286370386
1,1.0
2,1.9434685526111692
0,0.027028303958444338
1,1.0
1,-0.146858301176057
-2,0.030364502206154307
-2,0.0026559387450066883
4,1.943309097947088
1,0.46460353972579105
2,2.0322928278397256
-2,0.009195327946554626
2,-0.01349665519129246
-2,-0.018543129454594943
-2,-0.14592041828741492
-2,-0.046211377110375665
3,1.9706747939805083
1,0.59384235460029
1,1.0
1,1.0
2,-0.049775891254019176
-1,-0.04711348545910319
0,2.0372009117694603
1,-0.0014779122891491097
1,1.0
-2,-0.023796511017207634
-2,-0.01967004316841911
2,1.9826574433994304
-2,0.007625815458044983
-1,0.023709002419452174
-2,0.006890423347408572
0,1.9782011094921002
1,1.0
-2,-0.04211975131503151
0,-0.013369443797598156
1,1.0
-1,-0.003774096084534403
1,1.0
1,1.0
1,0.41852336200691936
2,1.997360343190321
2,0.00838910182954182
4,1.9672984940048062
1,1.0
1,-0.0010885527220404337
-1,0.005374091863869716
4,2.0052419976260634
0,0.009166988513338388
1,-0.006086796009955896
1,1.0
-2,0.01552165560485217
-2,0.00615376322485859
0,2.055834350574841
2,1.899001954617396
0,-0.00644992651432377
1,1.0
1,1.0
1,-0.004932956614569617
2,-0.02130366418077241
1,1.0
0,1.9906891173926902
-1,-0.01789689867145458
-1,-0.0023143492477900396
0,0.4834665436180022
1,0.002301328049778427
-1,-0.05371238122936294
0,0.005229199118006764
1,1.0
-2,-0.016597014042686323
1,1.0
2,-0.021407612422379863
2,0.10977972051096009
0,2.114695874878881
-2,0.02774123560714927
-1,-0.0015795289941101314
1,1.0
0,1.9807668548206336
1,0.018834208114401813
0,-0.11380631012595964
0,-0.0081470344051325
-1,-0.018846323854302155
1,-0.04102905408525262
1,0.013536921755086823
-2,-0.06475684612305754
-1,-0.015459640426566446
-2,-0.010138588395433747
-1,-0.0020755692425638763
1,1.0
2,0.01006918563640693
1,1.0
1,1.0
4,2.024898595664639
2,0.040964217442201
4,2.1322251185187744
-1,-0.008428227177021385
0,0.4872314706759208
2,-0.012206389024798434
3,1.8703531020877342
1,1.0
-2,-0.03708649409341535
0,1.9544525809617286
1,1.0
4,1.9583309512762883
1,1.0
0,0.5048957003393724
1,1.0
0,-0.007954522186017318
0,0.0038590535055777957
0,0.008492301110285058
1,-0.0067268312210739265
0,0.18737587153197527
1,-0.010945688712762625
1,-0.012352339380589647
1,0.06571226966625199
4,1.9829859866627368
0,0.018280417805054013
-1,-0.03377165979076525
-2,0.02707843885989112
3,1.9883588795926748
-2,-0.003315500025808418
2,0.006834588707431948
0,-0.012676431717839743
-1,-0.03182754182581031
2,0.08767268376326824
-2,0.03855421662036652
0,1.9756113178735686
-1,-0.030566552436261274
4,2.0298130904150384
1,0.02403329968789764
1,0.4259414384038916
-2,-0.002957186322852683
-2,-0.003901380915753627
-2,0.019942351561681514
1,1.0
1,1.9702071158399048
0,0.010026590558075997
0,-0.03271438283995666
1,-0.0874760541043793
0,0.029256691906444813
2,2.0519665499487822
1,1.0
0,0.0019977222038350248
0,-0.02932985584790643
2,1.6399272839253995
1,-0.03712716881395245
3,2.0714881239655822
1,1.0
2,-0.020774832956145472
1,1.0
1,1.0
0,0.020150102826637963
4,1.969065487006026
1,-0.07156860369822218
2,-0.0016512008724038352
2,-0.07815626913861898
1,2.0465621471920046
-2,0.030837751290910195
3,1.9843672256311193
3,1.957357197288042
0,1.9612947860870886
0,0.0022695324566115384
3,1.9527414625382848
1,-0.008000096185884794
1,1.0
0,2.082527363724533
1,1.0
0,-0.03227981548228474
4,1.9131859541876954
0,-0.0017388082687536922
0,-0.03213832444259813
0,2.027250779142358
1,1.0
0,0.14624635297417243
2,1.9992923877186835
0,0.45734109573508414
2,-0.028215009865584593
3,2.004862542912272
-2,-0.03608377471993806
-2,-0.0417848260414908
-2,0.018670790408401264
2,1.8045922208744534
2,-0.005806610628349878
-1,0.10166248224577902
-2,0.005284751940043231
1,0.002236094674775907
-2,0.019942351561681514
1,1.9884842177084172
1,1.0
1,1.0
2,-0.020774832956145472
-1,0.014153327100088663
1,1.9888643457075448
0,1.9469864461588062
2,0.013940112465032099
0,1.9764236721858663
2,1.8595956073459399
0,0.001662901944050385
-1,0.00898265504394392
1,1.0
-1,0.0011545162365020443
0,0.47782044606797475
1,1.0
-1,-0.026413637866106402
1,1.0
1,1.0
2,0.003898442735124019
1,2.135515778837277
2,1.913854485633283
0,-0.044429178936766484
1,1.0
4,1.9850564675535074
-1,-0.027759504213131236
1,0.3740606394223876
-1,-0.006514032572443815
2,2.1099161227843064
1,1.0
-1,-0.02095915169591603
1,1.0
1,1.9464100698631264
1,0.059481568844382195
0,0.5000034897988321
1,-0.0040217840579525425
1,0.025557988513569985
1,2.0416542290198505
-2,-0.015459640426566446
0,0.03368816434178682
2,-0.09609732162057545
-2,0.03092351948771953
4,2.26005968361486
0,1.9586299965054923
1,1.0
0,-0.007710276175914046
2,0.032275564778440534
0,-0.033160551821384866
-1,0.016013899492651737
0,-0.05088144784848888
2,-0.036877105021861666
1,1.0
-1,-0.015422097420656334
2,1.9924540248861191
1,-0.014656295508105177
4,1.8906195663603171
1,0.13312958389189444
1,1.0
0,0.519535775712712
-2,0.012262131403270829
-1,0.04728857069230681
-2,0.0008776042457636807
2,-0.03377165979076525
4,2.0404300763295784
-1,-0.011771967447812486
4,1.997175828764654
-1,0.0037262491774852093
4,1.9916341819713799
-2,-0.06322900559317077
4,1.9407214713861094
0,0.23393384305980944
1,1.0
0,0.029256691906444813
0,1.9312057036549888
2,-0.0034027593510020824
0,-0.1157293815261717
2,0.011454265805796676
0,-0.05189477151979556
1,1.0
2,-0.0012650125616840758
1,0.37672132178756307
1,1.9709259203272973
0,2.1430681550792716
2,0.10934062533814098
4,1.9523159897410722
1,-0.057560491726505535
-1,0.019444100574960876
2,0.1475355837645043
1,1.0
1,-0.011995275087392947
1,-0.007710276175914046
1,1.0
0,0.5344206669124135
3,2.0221362224698725
1,1.0
3,1.9511766472456278
0,0.016975884052490363
-2,-0.0034342910341800315
1,1.9472409336492875
0,0.21874783006548895
2,-0.0664446529239192
0,-0.0014443543488946117
1,0.001695634901261788
-2,0.0019569859717643422
1,1.0
2,-0.010250719145417668
2,0.019296324315372572
0,-0.0029832032557617384
2,0.05749975220527511
1,0.005284751940043231
1,0.5647509959604694
0,1.9369821463556658
4,2.0747396392523014
-1,-0.001484570782736851
2,-0.020360649431310024
0,-0.007139195295641198
1,1.0
1,1.0
1,1.9621042845371877
2,-0.008498930612090767
2,-0.024618838605772554
1,1.9832935274447834
1,1.0
-2,0.004346653214440791
-2,-0.00656438736812756
1,-0.0707905543938755
2,-0.09697415574995126
1,0.009341317681253014
-1,0.01148450808673597
0,2.1133058052277702
0,0.0197930903024441
2,-0.23517033868708398
-1,-0.0502129979777974
0,2.038440794733931
1,-0.0015853284046661643
-2,-0.1259392625276825
1,-0.0031754411085496478
0,0.0019569859717643422
-2,-0.009297925666569956
-2,0.024197988261430138
2,0.0014134663330675964
1,1.0
-1,-0.02858746525552745
2,-0.04590808399332611
-1,0.00043749343312345215
2,-0.024161521999413287
1,1.0
1,0.5911162822373587
1,-0.0022417746140195806
1,0.4918107538816288
-2,-0.0010885527220404337
1,-0.01399799082469516
-1,0.029351672258857073
-1,-0.044427798743184595
0,0.05396715496949374
0,1.9014795572000738
1,1.7909675152120688
0,-0.037267074731367845
2,2.0519665499487822
-2,-0.0049212976900669244
4,2.0057731460773227
-2,-0.003329292778855678
4,1.985902124771161
1,0.5028625809535034
2,1.9884818808624762
0,-0.020760692637579584
1,-0.03107334471400053
0,-0.029389772044549792
-2,-0.04421904771019098
1,1.0
-2,-0.0012010497745688657
0,-0.05371238122936294
-2,0.014148373414574422
1,0.028100012142231852
-2,0.05991273220487727
-2,-0.030047159481133102
2,0.14472341630877625
-1,-0.04586446129273687
2,-0.05288973896971192
1,1.0
-1,0.021326343218596257
2,-0.03174467570813897
0,-0.0061085171766837336
-1,-0.012820583707840047
3,2.049677628068754
2,0.021326343218596257
-2,-0.020561998932753362
1,0.567422479125353
2,0.06011897956894588
2,0.03761832153505988
1,1.0
0,0.00615376322485859
-1,-0.0017883817205933386
1,1.0
1,0.023344430206166947
0,-0.009113190874830625
1,2.0078069025659415
2,1.9317548151436386
4,1.8908651927783304
-2,-0.010215919373179982
1,1.0
0,-0.03991342795465511
1,0.48833312245847266
-2,-0.02373579282211648
-1,-0.02932985584790643
1,-0.020774832956145472
0,-0.04163191963221845
1,0.0289317925310652
-2,0.06428215474774504
2,0.013929340194535593
1,-0.018417907271572644
1,1.0
1,-0.042230169845382616
1,1.882807486788571
1,-0.03667358242237266
1,1.0
3,2.016608871670284
1,1.0
1,-0.01628771457392521
3,1.9975411040819189
1,0.003309226426811961
2,-0.0048409073335294525
-1,0.008489937053206968
2,1.962831870347421
3,2.0025135951102864
-2,0.04319325397862486
-1,-0.008616902864181451
-1,0.007880364355475707
4,1.9763604845279366
1,1.0
0,-0.04887206833633481
0,2.0018632196882766
-2,-0.040668637782253846
1,1.9317036808068755
-2,0.006639152783882031
3,1.8512143956988023
3,2.0275400489984325
-2,-0.00028212949129002206
-2,-0.0017388082687536922
1,1.0
1,0.0053823019702515205
1,1.0
-2,0.018942114731443208
1,0.020172489064996996
-2,0.02914629771340986
1,0.002488590698656822
1,0.0018756196586733162
2,0.02015582671873233
0,0.4813745316621679
1,1.0
3,1.9701568388020485
-2,-0.0276617496156616
1,1.0
-1,0.029036578406394953
1,1.0
2,-0.033123328701603255
0,-0.04073903038085353
4,2.0852355769712774
2,-0.034982663677637395
-2,-0.020509847748799433
2,0.006121771329624255
0,2.032733659876384
2,2.228072154575406
3,2.019977869868352
4,1.9449570990857277
1,-0.044939735935944955
1,1.0
0,0.5635973417460662
-2,0.01471736624231734
2,0.0019221921013433544
-2,-0.005805135378324986
-2,0.03133876177128323
0,-0.01480706905106261
-1,-0.008000096185884794
-2,-0.01910482518586454
2,0.0019068806295300302
-2,-0.025277234756910124
-2,-0.06914409932386527
3,1.8490608847358518
-2,-0.035106008511788044
0,0.029937787975354953
2,-0.12771283935760314
1,-0.01642610672721694
-2,-0.02603921756961445
0,0.01968784431276025
1,0.010323944714579949
1,1.0
-1,0.04920232449094818
-1,-0.019964519613520717
0,0.013731135093049605
0,2.1167812327129396
1,1.0
0,0.02259128281492133
0,0.4932918905558061
2,0.07473643850650696
1,-0.0330984931364574
1,1.0
-2,-0.0914633839656801
2,-0.03468468688595327
1,1.0
2,-0.008791975143306601
4,2.033872697632641
-1,-0.027857923198279594
1,1.9589619299993537
0,0.4208394440094932
1,1.0
1,1.0
2,-0.0190639476396575
0,0.4562925390763087
2,-0.0060680003018978275
-2,0.06010919251255724
-2,-0.03498913819349523
2,-0.0064560991369035006
4,1.7599618214115582
1,1.0
1,1.0
3,2.0052419976260634
4,1.8853040341660483
2,0.008502874206302158
-2,-0.0022499901416534757
3,1.8961620734218803
2,-0.15488122732020035
1,-0.015853965570393966
0,0.016426475422581892
-2,-0.03696182487434768
1,1.0
0,-0.09828236449991958
2,2.111964929241698
1,0.02397310557314019
2,0.014899229464044116
1,1.0
1,-0.021556543449340656
3,2.0684859940142895
1,1.0
0,-0.0007056180573955636
2,1.8825084815265378
0,-0.07823948113205138
-2,-0.02777497321573855
1,1.0
1,1.9170327474431266
1,0.46209201769911856
2,0.14427011734959083
1,0.0289317925310652
-1,-0.07262273198967936
0,2.011571127185955
-2,0.010160048378976777
4,2.016361909092992
1,1.0
2,1.94627598843387
4,1.9637004668900622
1,1.0
-2,-0.013457395187899174
1,-0.022716430774678272
-1,0.011668585814578684
-1,0.005875710511017991
-2,-0.022188438392951357
-1,0.10146953875770034
3,2.1201821084126924
1,1.7909675152120688
0,0.05991273220487727
0,-0.006988995949327833
1,1.0
1,1.0
-2,-0.004258639239227954
1,1.0
0,0.010208432286256635
3,1.9372452561122682
4,1.9809081907034654
0,1.9874441209948372
2,0.020671552020651313
1,1.0
2,-0.05934402146695544
1,-0.11006086988596016
1,-0.06054408242533811
3,1.9977283937569834
0,0.020088779719525024
2,0.015361877147687329
-1,-0.04243646540200883
1,1.9569829235338443
2,-0.022629038072107043
-1,-0.030102172029308337
-2,-0.05019626655758688
1,1.0
1,0.14023568573532016
2,-0.008200123832238598
-2,-0.20349390844802126
0,2.115344547928591
0,-0.020818858456045652
0,1.9216920690526231
0,-0.006915136388924143
0,-0.02253177641218989
1,1.0
-1,-0.0268956162828102
1,1.0
1,1.0
3,1.9061695653133253
-2,-0.023050640295983887
2,-0.010086561233008114
-2,-0.010138588395433747
1,1.0
0,0.44437513565884224
1,1.0
1,1.0
2,0.01849311941028551
2,2.308165114866947
3,1.9830565586111542
4,1.9246705076751214
1,-0.05288973896971192
2,-0.006086796009955896
1,1.0
-2,-0.07349942673784096
-1,-0.06953122774143156
0,2.2150799940633554
2,0.0012501148881276006
0,-0.0007124005613967758
0,0.01148450808673597
0,0.016372057975176543
1,-0.053297658681343806
-1,0.004497117933398857
1,1.0
-1,-0.008498930612090767
3,1.993206165985641
0,0.013574990626149402
0,-0.004860331400860989
0,-0.009414635857412139
1,1.0
-1,-0.11264053448104595
1,-0.05584910796316214
1,1.9140968646035805
1,1.977424742990844
3,1.9932732018400938
1,1.0
2,0.008229137200023755
0,0.0253619804290171
1,-0.022167035442670183
0,-0.052649956621026554
0,-0.032234491070902316
1,1.9714483063471389
1,-0.037854533276661904
-1,-0.0009387823102381658
2,-0.03571913441815357
1,1.0
1,1.0
1,0.3865408788104172
0,0.019942351561681514
1,-0.008616902864181451
1,1.0
-1,0.01844636286684374
1,0.4444628543237432
1,1.0
-1,0.0013495985169378235
3,1.9662963825723585
2,-0.0389884596649067
1,0.002775384863289336
-1,-0.02726231930684305
4,1.988675092503689
2,0.032750104908970394
1,2.135515778837277
1,1.9460227732442623
0,-0.02197085358294654
0,-0.041659747641872975
2,-0.03232952402510007
-1,-0.03437971430791932
2,0.016428706650639405
1,1.915146661295854
2,1.9819920052992728
1,-0.11591648563561739
1,1.0
1,-0.017813592484185146
1,-0.049679819014231644
2,0.02403329968789764
0,2.002724045271283
3,1.9299937004029883
3,1.8545814619930665
4,1.9322078619066392
-2,-0.08000807434485256
-1,-0.010516437763087692
2,0.01615736620107344
-2,-0.01268992378852675
2,-0.004130949147704877
2,-0.03279929966558866
-1,0.06862396420899072
0,0.5081826455471037
1,-0.0411531020202033
-1,-0.0006286160657992437
0,0.036183756231127476
-2,-0.015459640426566446
2,2.001401395666841
2,-0.020114704885466482
2,-0.011995275087392947
4,1.9174048798871963
1,1.0
0,-0.01527281749864842
3,2.1502439679476466
1,1.0
-2,-0.04273404204472252
1,0.03368816434178682
1,1.0
-1,-0.0076313907759917934
3,1.9249533728463684
-2,-0.0233461168753919
1,0.03717988330224339
2,-0.04711348545910319
-1,-0.03600654410229554
1,1.0
2,-0.0060680003018978275
1,-0.05357418292457627
3,1.9678068134310356
-1,0.045635144843823736
0,0.025443688543761972
-1,-0.0033628453509074513
2,2.0256221062384174
1,0.008706048952416126
2,-0.02104750360749319
1,1.0
-1,-0.05584910796316214
1,0.0197930903024441
2,0.06196762511233006
1,1.0
0,0.45037523121124345
2,-0.008811518440057835
1,1.0
2,0.02403329968789764
0,-0.02095915169591603
0,0.01801024463737509
1,1.0
0,0.5622683471729961
1,-0.003267509122781168
2,0.03455778628186085
1,1.0
0,1.8620063490492833
-2,0.0013495985169378235
1,1.0
0,0.031163362555301336
1,1.0
-1,0.02919148495865214
2,1.9317544401375712
2,-0.057560491726505535
1,1.9970162143022676
-2,0.029256691906444813
2,-0.007535859760736562
-1,-0.011343640001197858
-1,0.06078909575009241
2,0.022435134302366905
2,-0.005806610628349878
2,2.097707047295885
1,0.5041713558346586
-2,-0.0260630393064673
0,0.4682037486139247
2,2.196876326810432
1,0.009153888736802597
2,0.0253619804290171
2,-0.03160502376570316
0,0.01679931600390578
-2,-0.022629038072107043
-2,-0.033071217980741384
-1,0.005229199118006764
1,0.047338063844169505
-2,-0.025560311180913266
1,0.006921226879439489
-1,-0.01988812552370114
1,1.0
4,2.0073318853578535
-1,-0.03480284479372131
0,1.9997081240746146
1,1.0
2,-0.0036545801440507554
1,1.0
-1,0.05315198456725844
1,1.0
2,2.04929095047253
1,1.9434599779105333
2,-0.024046222886004682
-2,0.022411691665592363
2,-0.033802665484819784
1,-0.006507297476653421
0,0.5743984105683896
1,1.0
1,0.4943187526614775
1,0.014155079096181848
1,1.0
-1,-0.009113190874830625
1,-0.01074684178914153
-1,-0.012339171194060576
-2,0.010208432286256635
3,1.9403059191213545
0,0.06078909575009241
1,0.019636489110514046
2,0.18861671018870163
-2,-0.03952565159817167
2,-0.020495755375852166
2,-0.009556012314237477
2,-0.05113097172685181
1,1.0
2,-0.043879418944281386
1,1.0
0,-0.02231886568834494
2,2.0873226852862117
1,0.06459343587143189
1,0.5315766940121294
-1,-0.012676431717839743
1,1.0
2,2.0100445561949893
0,1.8820313020815518
1,1.0
1,0.021931957459513395
4,2.054208229971145
4,1.8688756323989073
1,1.0
1,1.0
2,2.0059681223567587
-1,-0.026487969723335777
-1,-0.0013066313495663459
0,0.023709002419452174
-2,-0.001177893720921398
-1,-0.005726736043727512
-1,0.006693975851918213
0,1.9269965540016962
1,1.9826574433994304
-2,0.0028053059939205506
1,1.0
1,0.12084860919549188
1,2.123965498837071
0,-0.02126358836461222
-2,0.017487298920905246
2,1.96463513751052
1,0.3987594880460319
2,2.1113347042843804
-1,0.001662901944050385
2,0.012808629285006024
1,0.0010611715896469021
0,1.9816171488154442
2,-0.016316792243372034
1,1.0
-1,-0.06606233887632582
0,-0.006514032572443815
-1,0.0038590535055777957
1,1.0
2,0.02303455760883121
-1,-0.024905273792328056
-2,-0.027435474810794086
1,1.0
1,0.513008073950416
0,1.912180456849362
1,0.008079328665418873
3,2.014403274880434
-2,-0.04999283830714548
1,1.0
2,2.0265600099625147
1,-0.020774832956145472
1,-0.00028212949129002206
1,-0.022169047030785753
4,1.9656902529974887
1,1.0
1,1.0
1,1.0
1,1.0
1,1.0
2,0.08361843988037554
1,0.45696696063158976
-2,-0.046377318961593535
0,1.997454797056057
1,1.0
2,-0.058768687849096314
4,1.9829859866627368
3,1.949718754822047
-1,0.0137745845681831
2,2.008296771471626
1,0.46627889111461
0,-0.005776325480372214
1,0.038814297078945306
0,0.06036393165682395
4,2.1259821265190606
0,0.013269927069231573
1,0.011454265805796676
1,0.5654275738051718
1,1.0
1,1.0
1,1.0
1,1.0
2,2.00016229920186
-1,-0.009036047656946626
-1,-0.0027693930787494408
2,2.06020815334752
-2,-0.024161521999413287
1,1.0
-2,-0.017763739182420402
1,1.9719009465544917
4,1.9938367085211826
2,0.02859343984507824
0,-0.02726231930684305
1,1.0
1,-0.0875618481565173
2,-0.03279929966558866
2,0.016409847019597773
1,0.007126171616321151
-1,0.07964655461562796
-1,0.018637000499826827
1,0.0037262491774852093
-1,0.002588384929274972
-1,-0.024046222886004682
-2,-0.039973223314685266
-1,-0.027208857894481627
1,0.4900713094727014
0,-0.0060680003018978275
-1,-0.022508632002847636
0,1.9637301455578466
0,-0.01659841650413073
2,-0.014702705833410686
2,0.011668585814578684
-1,0.013404032633355935
1,1.0
-2,0.13798427621817128
1,0.006834588707431948
1,1.0
0,-0.008616902864181451
-2,-0.006310740553089583
2,0.001805903822880136
1,1.0
3,2.011529660785023
1,0.03455778628186085
0,-0.1377360206759519
-2,-0.039973223314685266
1,-0.025632139984177713
0,0.46003482496013776
1,0.02259128281492133
0,0.4797588258862331
-2,-0.06259374903152785
1,1.0
0,0.012510567283780251
-2,-0.015422097420656334
1,-0.01672695986349999
2,-0.006724511211290926
1,0.440229752821945
0,0.48762686401945615
1,-0.005438752356636359
-2,0.034682521910449154
-1,-0.028073971240985148
2,1.8636426812049263
2,1.9208407394513611
-1,-0.04561810981888291
2,0.027192439436998263
2,-0.03517537853264872
3,2.06020815334752
-1,0.0013210849120716215
1,-0.049679819014231644
2,0.023298536353570497
0,-0.007470570047991189
3,2.0280858278811644
1,-0.02295071028823433
0,0.01148450808673597
0,0.5300781014281132
2,1.9787059645752396
0,2.050073843922884
1,1.9921829279752137
1,0.5785046372931101
1,1.0
2,-0.02854224855481184
2,-0.016316792243372034
1,2.0184721324211186
-1,0.001695634901261788
-2,-0.01401621494162288
0,1.9397356066262217
4,1.9800260316386713
0,-0.01527281749864842
1,0.37834135127346546
2,1.997820770397632
-1,0.030364502206154307
-2,-0.006724511211290926
0,0.03368816434178682
1,0.0004085560361317139
2,0.0021983606059816363
-2,-0.04168857608065878
1,1.0
-2,-0.005776325480372214
1,0.0019977222038350248
1,1.0
-2,0.056179116426316116
2,-0.007473786550768988
1,-0.024161521999413287
0,2.1201821084126924
1,1.8858984571352158
0,0.010647350062249442
-1,-0.04897054341839785
0,0.0656013517647808
1,-0.018417907271572644
0,2.0155408973516056
3,2.0246255948093603
0,0.032750104908970394
1,0.4156275625182952
2,-0.02699296083150148
4,1.9932401211092137
4,2.0462502030107514
-2,0.0017790805173349834
0,0.43334890774159035
1,0.5761890743802368
3,1.9361254838846833
1,1.8769566956526653
2,-0.10331482677969575
0,-0.027487831156217085
-2,0.009660137614354665
3,1.9826574433994304
0,1.9583878999143454
3,2.0671199483983758
1,1.0
2,-0.01215891330828427
2,0.017678814967973012
-1,-0.05088144784848888
0,-0.07469738184928693
1,0.04709912405694622
-1,0.007814905249928483
-2,-0.01597550399204269
1,1.0
1,1.0
2,1.977751996745209
-1,-0.02295071028823433
1,-0.046211377110375665
0,0.4069526596623642
1,1.8566371809699442
3,1.954648173605923
-2,0.07045512012411101
1,0.5529144493699485
2,0.007487267293918226
1,1.0
2,2.0301859944598992
2,0.006942358113663318
0,0.3180645557184311
0,-0.03160502376570316
-2,0.021390762639420836
2,-0.010516437763087692
1,1.0
-2,-0.0030459130599469054
1,-0.012918785256693616
2,0.007126171616321151
0,-0.19221074842734207
-2,0.04317541114113549
1,0.47895965192405426
0,0.49711368051932536
2,2.0408731746564395
1,1.0
-1,-0.010516437763087692
1,0.18614759601994435
-2,-0.016999234459157728
-2,0.029036578406394953
1,1.0
2,0.005864212575913384
4,1.9808214129017394
1,0.02917182723841805
-2,-0.020539282087093155
1,1.0
2,-0.004105624013683832
-2,-0.0005215952961590345
0,0.05292460433167197
-2,0.030135922608446816
1,1.0
-2,9.62699206121011e-05
0,-0.020913249202727528
-2,0.003719741476688899
-2,0.05431337775126774
0,1.9616998723517265
0,1.9443531876553635
2,0.018834208114401813
1,-0.04711348545910319
2,0.0004225368108508913
0,-0.032234491070902316
2,0.0018695020746053127
-2,-0.02911371876020398
3,1.915146661295854
1,1.0
1,2.0123080675555496
-1,0.01634501211664677
1,2.35082568000403
-2,-0.004162528875529827
0,0.5041819738925255
2,0.029937787975354953
1,1.0
1,-0.05231976028427269
2,-0.022169047030785753
-1,-0.08932112956383408
-1,0.018459766097333328
0,-0.043879418944281386
2,0.06885001247877981
1,0.001104057503981705
4,2.026126934637447
1,1.0
1,0.02232768679562772
-2,0.007971604914132732
0,0.004465901554199215
-2,0.011457815959866047
1,-0.022716430774678272
0,-0.043931844151103974
2,2.055834350574841
4,2.008296771471626
2,-0.02095915169591603
2,1.9786270067827574
1,1.0
0,0.5281426052328622
2,-0.025773072694211266
3,1.9353940220070485
4,1.9817443010380558
1,1.0
1,0.09358015127682538
2,0.06356843131089987
2,2.007088529727247
1,1.0
2,1.9693243394794768
-1,-0.03696182487434768
-1,-0.008498930612090767
0,1.896722605460515
1,0.4632236058024256
1,1.9640258206119026
-1,0.006890423347408572
2,-0.044427798743184595
1,-0.003651020686343291
-1,-0.011995275087392947
-2,0.01006918563640693
1,1.0
1,1.0
1,0.45680147010237454
0,-0.009171853191056255
2,2.0376898569602546
0,0.11378976388442412
2,0.002301328049778427
1,1.0
0,2.0155408973516056
1,1.0
0,-0.09609732162057545
2,-0.033308457132958054
3,2.029718817134642
1,0.54944434047624
2,1.9668195751125217
-1,-0.02480167824669537
0,-0.006428407410585682
-1,-0.005641886639611852
1,0.5340276032252176
0,-0.3997175674412062
0,-0.016356814634678803
2,-0.016316792243372034
0,0.472551123072124
1,0.41956932016650755
-1,-0.022716430774678272
-1,-0.03423389264821785
0,0.4689615093471769
1,0.4874107758234689
-1,-0.0048409073335294525
0,0.0275448693770951
-1,0.0671934455220876
-2,0.04172757535377568
-2,-0.002337620078631823
1,1.0
1,1.0
1,-0.022716430774678272
-2,-0.045896252207555756
2,-0.009314781101609118
3,2.0073318853578535
-1,-0.06507720167387634
0,0.44491043848568657
1,1.0
-2,0.05991273220487727
3,2.1571043559930643
1,1.0
1,0.4166609542504571
-1,-0.05584910796316214
1,0.5143844242745004
1,1.0
1,1.0
1,-0.008366559747196502
-2,0.02271696399555267
0,-0.13450427777165996
-2,-0.016999234459157728
0,1.9605119962595519
1,2.0422102143307814
1,1.0
-2,-0.05088144784848888
-1,-0.044939735935944955
1,1.0
0,-0.016356814634678803
1,0.42775492030492596
2,-0.011350961699355148
-1,-0.21077922352902204
1,2.0184721324211186
1,0.021931957459513395
4,2.2572113394828914
0,-0.06507720167387634
0,-0.0007986529921150903
2,-0.008616902864181451
1,0.0012501148881276006
1,0.011956334273681818
0,0.008885897229460366
2,-0.007290251424747775
-2,-0.04585297890582118
1,1.0
1,0.043100154840221803
1,-0.02230032935521953
2,0.022174597901214295
-1,-0.020760692637579584
1,-0.04586882407365574
2,-0.06394129904427204
-2,-0.0007124005613967758
1,1.0
-1,-0.022622250035536223
1,1.8769213213463498
2,0.01324125504885982
4,2.0184721324211186
-2,-0.028585965320400385
1,1.9830420876833719
0,0.02403329968789764
1,1.0
1,1.0
4,1.850443179883316
1,0.041927727061962204
-2,-0.03193935813161952
1,1.9433287120135752
2,0.019942351561681514
-2,-0.07802856670754074
2,1.9517951517770498
0,-0.025560311180913266
3,1.9505052959586653
-1,0.0038590535055777957
0,-0.05088144784848888
1,2.0716011151626184
0,0.421826919496499
0,0.502069842656685
3,1.9284486910751306
0,-0.030808723665779632
-1,0.06428215474774504
-1,0.020163114191274714
0,-0.03378958726161831
1,0.5221731605243671
-1,0.006942358113663318
1,2.1841835067044717
0,1.9854145645576966
2,1.913854485633283
2,0.0011545162365020443
0,1.9823965614957713
2,-0.004088165536167148
2,0.0054900391863058565
1,1.0
0,-0.030527068148258004
2,0.0140371573951618
0,-0.01910482518586454
0,-0.03160502376570316
1,1.0
1,1.0
1,1.0
0,0.04673145965832699
2,1.9742787825369987
-2,-0.030814910764237063
2,-0.020114704885466482
0,2.0372009117694603
-2,0.008492301110285058
-2,-0.06259374903152785
2,2.050864455482247
0,0.09266765328184466
2,1.7192110480557314
1,-0.002957186322852683
1,1.0
-1,-0.037044666251198635
1,1.0
1,1.0
0,-0.014162312734842218
1,1.0
1,-0.0423158416838949
1,0.007424208848030863
0,0.008502874206302158
-1,-0.06636918552915227
1,-0.04211975131503151
2,0.05991273220487727
0,-0.0015795289941101314
2,1.9910298185334758
-1,0.038266861975151924
2,2.0242081198188107
0,9.62699206121011e-05
-2,-0.015676108507348865
1,1.0
3,2.040781107724153
2,2.029113245345827
1,-0.035852835506456265
1,1.0
2,1.915146661295854
2,-0.05169246169695956
1,2.189579056116739
-2,-0.06207711056091008
-2,0.02259128281492133
4,2.0579748775274194
2,-0.020557794007137975
1,1.0
0,-0.01952170929724642
-2,0.0022695324566115384
-1,-0.018260290795329173
-1,-0.048478556357262885
1,1.0
2,-0.08856305545564
1,1.0
2,-0.03362176130407122
-2,-0.011089457002661045
2,-0.050652347817721634
1,-0.002575515920724142
0,-0.003598666218873224
1,2.029920752049181
-1,-0.0003975150503667889
2,-0.014323201222481714
1,1.0
1,-0.0639033709161385
0,-0.028718573325603174
2,0.026122964652551484
1,1.0
1,1.0
2,-0.0033650632451801194
-2,-4.818484869398336e-05
-1,0.04910785180106905
2,-0.049679819014231644
1,0.031576492986458427
-1,-0.0036289686197859745
3,2.0112342841274575
0,-0.06399305497476986
4,2.076199022720212
2,1.9921665276981344
1,-0.03667358242237266
1,0.02421833934298314
2,1.9675140352326579
1,0.5672689310183882
2,1.9322078619066392
4,1.903185076052693
1,1.0
0,0.5456486954044822
0,0.025566628519035222
2,-0.02095915169591603
1,1.0
3,2.0030255818280485
0,0.4595482971469294
-1,-0.016316792243372034
-1,-0.029584100907689804
1,0.002429021506388556
-2,0.041762986203026514
0,2.0124105430446777
-2,-0.01494826229188232
1,0.014955843362153318
4,2.046016609368748
2,-0.013312008107402771
4,1.9493664427018433
3,2.109233753652308
1,1.0
1,0.04769636465145413
4,1.9593614888010518
1,1.0
-1,-0.09819159652395673
2,0.0007244905495975318
0,0.1531473004718341
0,0.49215087873797175
3,1.9340420370388747
3,2.006459706166181
1,-0.011513994076220004
1,1.0
0,-0.19255106575187333
3,1.8006843402354555
2,-0.012927381560026287
1,0.020734325335144
1,0.012877630921685139
1,0.5753774781341008
2,0.160731341589344
-1,-0.044038886210714924
1,1.9437861559365226
-1,-0.07810778097135745
1,-0.03696182487434768
1,1.0
-2,0.03985064251438348
0,0.00898265504394392
1,2.0074256525602654
1,0.0037189449886660276
1,1.0
1,-0.11383414706723556
0,0.516684395534287
0,-0.03437971430791932
-2,0.009341317681253014
-2,-0.0268956162828102
0,-0.005776325480372214
2,0.003276702137122244
4,1.8930467947710008
1,2.025004441964808
0,0.02956518901121542
1,1.0
2,0.17993546501280158
1,1.0
2,-0.009086131652157815
-2,-0.015013434323042736
1,1.0
1,-0.00011817819712351039
2,-0.041790778982443974
3,2.019173153259183
0,0.06248578174185068
1,2.024898595664639
1,1.0
-1,0.059481568844382195
2,1.9762977212240986
1,1.9171438408893573
3,1.9591230481085038
0,-0.015459640426566446
1,-0.027183896827338672
0,-0.001663632529375368
0,-0.0247315767706132
-2,-0.009314781101609118
-2,-0.01217936129945033
1,1.0
1,0.03485443948819095
-2,-0.002575515920724142
1,-0.012219510757913965
1,0.4632343851479256
4,2.2383986974233534
0,0.005956448726509841
2,-0.012171412217025019
1,1.9318245711770075
-1,-0.009753425643601014
-1,-0.012676431717839743
-1,-0.09567575979786141
2,0.1001432802390101
1,1.0
1,1.9751289255464253
0,0.018206459509790003
-1,-0.006086796009955896
2,-0.0022499901416534757
1,0.47487130150129503
2,2.0728262350739195
1,-0.04117521534498004
1,0.47518334500165443
1,1.903414353159932
4,1.9260627186110935
1,-0.024618838605772554
-2,0.031515773820677315
0,-0.009556012314237477
4,2.016004298213127
2,-0.00917556748970762
2,-0.01711422056076077
-2,0.001228042159378617
-1,-0.0025498436535374715
1,0.0005744663092603997
1,1.0
1,1.0
1,1.0
2,2.0168835254365556
1,1.0
4,2.0120428088313775
2,0.007971604914132732
0,-0.016999234459157728
3,1.9472409336492875
2,2.187407234472189
2,0.0137745845681831
1,-0.014273781493489355
0,-0.02848722640823135
2,1.9667738826586691
1,1.0
-2,-0.0009194372634221831
-2,-0.03265530666882306
-2,-0.011043070106376928
0,-0.009468072215395487
0,0.017487298920905246
0,-0.04711348545910319
1,-0.009157135311673168
4,2.006752517461986
1,0.0022201071142745766
0,-0.04224529747557204
1,-0.025773072694211266
2,0.013015356919735327
1,-0.021071141567327794
-2,-0.0072528990268326465
3,2.050073843922884
1,1.0
-2,0.01877255612602689
2,0.0020896055683126105
1,0.4297497000406601
-1,-0.19255106575187333
1,-0.0012650125616840758
1,0.012102262266975406
1,1.0
-1,0.020155335567609033
-1,-0.0044351438888664205
2,-0.00028212949129002206
-2,0.011421139241121744
1,1.9667738826586691
-2,-0.009086131652157815
0,-0.018019044753904957
0,-0.007798768800414673
0,0.005873390251638665
-2,-0.035919861934103146
1,0.0022695324566115384
-1,0.007156095212943391
2,0.005645701166506426
1,0.01615736620107344
0,-0.04526874911393888
1,1.8773881069636136
3,2.0117234171735263
1,0.001695634901261788
1,-0.010713909976095093
2,-0.022054412923180458
4,2.0422102143307814
1,0.006942358113663318
1,1.0
1,-0.0619762853444242
1,1.0
2,1.9675140352326579
2,0.009327013621887793
0,2.3993816997887425
1,-0.08057993663959621
0,1.9269965540016962
2,0.004659825077002156
0,-0.006293344214284754
-1,-0.05584910796316214
1,2.0112342841274575
2,0.0671934455220876
2,0.0007837822248061482
1,0.4488973888305776
1,-0.0067401396149691754
3,1.8437580522763752
-2,-0.001177893720921398
1,1.0
1,0.0006763557117422861
4,2.016608871670284
0,-0.025681530664353584
-1,-0.005806610628349878
3,1.9493664427018433
-2,0.018280096550814744
1,0.003838579180459281
0,-0.018025014923989148
0,1.9964084415981922
1,1.0
1,2.090172920470839
1,1.0
1,-0.018846323854302155
0,1.9817710201097287
0,-0.009621989448763378
0,-0.0062943780519357055
0,1.9317036808068755
0,0.001662901944050385
0,2.019977869868352
1,1.0
-1,0.042667596764544305
-1,-0.00028212949129002206
2,-0.020539282087093155
1,1.0
1,1.0
1,1.0
-2,0.014854197750244885
0,2.0378246938219213
1,1.0
-2,-0.02525269595106808
2,-0.02532827635094764
-1,-0.030207267360544354
1,1.0
2,0.001662901944050385
-1,-0.07823948113205138
-2,-0.008190415324875444
1,0.4016040757881346
1,-0.003267509122781168
-1,-0.08057993663959621
0,-0.04590808399332611
1,1.0
-2,0.0524880750016199
1,-0.1259392625276825
1,0.07414080853006802
1,0.5091913219961018
2,-0.01487153190020178
1,0.02232768679562772
3,2.0395808531978816
2,1.9310935198716062
1,1.0
1,0.0008776042457636807
1,-0.004102736970129719
-1,-0.020760692637579584
0,0.4617749463157317
3,1.9622663712949124
1,1.0
0,-0.013651327609320689
1,1.815981453229418
0,2.0315125796747595
1,-0.07087518587070857
2,-0.045256782294256406
1,1.0
-1,-0.018964570201298207
0,-0.0001619929107793574
1,2.2225006512796335
1,-0.013904659563619344
1,1.0
3,1.917129082710942
1,-0.014003771229430317
1,0.02922259884328547
-2,-0.016999234459157728
0,0.4779888712186914
2,-0.006096180297084777
2,-0.006401638939690879
0,1.9680833663112847
1,0.007251080347788255
1,2.024554962602237
1,1.0
1,1.0
2,-0.01725469918896817
-1,-0.09819159652395673
0,-0.002647419725520188
1,1.0
0,2.0408731746564395
1,1.9942955038197334
2,-0.19739269905066606
-2,-0.01789689867145458
2,1.997480155191182
2,-0.020913249202727528
1,1.0
1,1.0
2,0.024167155255792758
-1,-0.011699253561176168
4,1.8048527584122487
0,-0.008616902864181451
4,1.9597118441076882
4,1.9314380172282497
1,1.0
3,2.0111755899379435
-1,-0.008498930612090767
-2,-0.004102736970129719
0,0.46627889111461
0,-0.044427798743184595
-1,0.045269359043753114
-2,0.007884764987335117
-1,-0.0022417746140195806
-1,0.028553112084152402
1,0.051476778417132385
1,2.038353736860976
-1,0.019333114251221903
2,0.00762098735267537
1,1.9205339203535714
3,1.9477519920016189
-2,0.01649986662048054
-2,0.0076689243377570885
4,1.8648926445788425
-2,0.06428215474774504
-2,-0.1259392625276825
4,2.013670614066086
-2,-0.006310740553089583
0,2.050990026436946
2,-0.016316792243372034
0,-0.0018564627134488561
-1,0.013929340194535593
1,0.006921226879439489
-2,-0.049796212516024084
1,-0.06101344497548155
2,0.004501012679281772
2,-0.003774096084534403
0,-0.04117521534498004
1,0.018670790408401264
2,0.0041607512524426725
1,1.0
1,0.0014802650279894993
3,1.962831870347421
1,0.06284908950251858
0,-0.006988315135585646
1,-0.01215891330828427
2,-0.05784366395752461
0,2.1166355979959484
1,-0.04724473214143663
1,1.0
0,0.5054365187597096
-2,0.02490072078001699
1,-0.026413637866106402
0,0.007625815458044983
1,2.012176775146571
1,0.4351487643570712
3,1.9593614888010518
1,0.07746017288036122
1,1.9955478233478205
1,1.9452239408237648
1,1.0
1,1.0
2,-0.02322339436151366
1,0.07121987670897127
1,1.0
0,0.04873741822630937
1,0.07685910688321625
2,0.08751850889641104
2,0.005497907219628373
0,0.013940112465032099
4,2.37843026364417
-2,-0.033590309777913996
1,-0.04711348545910319
2,-0.015694573090196885
-2,-0.00471814292379938
0,-0.0020755692425638763
2,0.006266814295033171
0,0.011457815959866047
1,0.03200281938220964
0,-0.024632577303535155
1,0.49212534909576794
0,0.05039711411029712
0,2.025004441964808
-2,-0.015038017453389521
-1,0.001879730667317186
1,1.0
0,0.005875710511017991
0,1.9460227732442623
-1,-0.022264196619384245
1,2.061863671457129
-2,0.01548503986536287
0,0.019942351561681514
3,1.975710531569809
-1,-0.034868704401211835
2,-0.028215009865584593
-2,-0.01494826229188232
-1,0.023871070225750825
4,2.020664092218657
-1,-0.010138588395433747
1,1.0
2,2.0212149774984445
-2,0.01251677728296256
0,1.977741054946448
2,-0.04585297890582118
0,0.4441761005213615
1,1.0
1,1.9532909263693727
4,2.0490424540802064
1,1.0
0,2.021426671178156
3,1.9557748596493925
-1,0.08893895810091386
-1,-0.04585297890582118
3,1.8369236637329431
1,1.0
1,2.046889883661292
-2,0.06747429160136251
1,1.0
0,0.01006918563640693
1,-0.06417024122011802
0,0.006942358113663318
0,0.4740338520803958
-2,0.0357642605601322
2,-0.009249747930525165
-2,-0.0013066313495663459
-2,0.02575409518002763
2,0.022325625014917656
2,-0.02932985584790643
-2,-0.002644932725728174
1,1.0
1,1.9315806457989948
-1,0.0024616072487884735
1,1.0
1,0.3400824259963616
-2,-0.010321850445085571
-1,-0.014532312381078575
1,0.013951243398534851
2,-0.005846354933789023
-1,0.014022934447583407
1,1.9697559538040437
0,0.0289317925310652
0,2.0168835254365556
1,0.04022895997061991
0,-0.001177893720921398
-1,0.0010704343739523976
-2,0.10977972051096009
2,2.0255639766775264
0,-0.04480102605099173
1,1.0
-2,-0.015038017453389521
-2,0.02880165329441786
0,0.49602258632593466
1,1.9399579464797685
3,1.9585198837572437
0,0.43088142937355983
2,-0.05113097172685181
-1,-0.010138588395433747
1,1.0
0,-0.009621989448763378
0,2.015338816559295
-1,0.05517975869015746
-2,-0.039499076420070965
-1,0.15519203739184945
2,0.06660783752146593
2,2.013533665327251
1,1.0
1,1.0
3,1.9683954656617808
0,0.014899229464044116
1,1.8006843402354555
1,0.482120737771623
1,2.0214641238113185
0,0.00578215129385085
0,1.9365878011779503
0,0.0012501148881276006
-1,-0.06659971552469902
1,-0.06638180628721002
1,0.01480301583647251
1,-0.057560491726505535
1,0.5205287653665724
0,2.0193519420413693
-2,0.026122964652551484
0,2.0824359684169576
2,-0.030808723665779632
0,-0.04947706097230134
1,0.018834208114401813
1,1.0
4,1.987840647615766
1,1.0
0,-0.034551364034456876
-2,-0.0328632865628243
-1,-0.35175003823641604
1,-0.09941574353375479
0,0.007411209357140738
0,-0.003267509122781168
2,1.9970426640485115
0,-0.034551364034456876
-2,-0.006915136388924143
-2,0.002000660403396421
1,0.5319478949625626
1,0.00456663796589336
0,2.1319281614183314
1,-0.012171412217025019
2,0.0019977222038350248
-2,-0.027487831156217085
1,1.0
-2,-0.0220188764951689
4,1.9522374776153553
-2,0.005229199118006764
-2,0.10931746614502512
1,-0.027105765545534767
2,2.016361909092992
2,0.02520082192851173
1,-0.013607049515743985
1,-0.005135353746471236
1,1.0
1,1.0
2,-0.004945336139439815
0,0.006510887113619382
1,1.0
-1,-0.02002999406777025
0,-0.007706214965080408
-1,0.023972230238934536
1,1.0
1,0.023264384033141502
1,-0.001114181156737154
0,2.052571970392785
1,0.06885001247877981
1,2.2045144313437244
0,0.44727997800873387
4,2.14693309737287
1,0.02403329968789764
0,1.914519079003413
1,0.013929340194535593
1,-0.007139195295641198
2,0.18614759601994435
1,-0.046824543922756076
-2,-0.019835234675793754
0,0.01148450808673597
-2,0.14217860528495527
-1,0.004044486778714148
1,1.0
1,0.018834208114401813
1,1.0
-2,0.013170373905898263
4,1.9600731147762505
0,0.015370357237400807
2,0.016675259836029157
1,2.0631050874078656
2,2.005395455514535
-2,-0.006401638939690879
2,-0.008428227177021385
-2,-0.004839482597204122
3,1.9728225550410874
1,-0.009314781101609118
-1,-0.019837613563863123
1,1.9452579845583426
2,2.0265684267620325
0,1.8548764116271215
0,-0.027306826730151404
-2,0.030471426578532242
3,2.0376898569602546
0,0.5659894795606072
0,-0.040668637782253846
1,1.0
0,0.08528160548444338
0,-0.004602927262667433
-1,-0.069119501976685
-1,-0.016538015757106027
4,1.9398102171418492
2,0.00615376322485859
2,1.9318245711770075
2,0.04469475936490808
0,0.015731711109500553
0,0.11378976388442412
4,2.114417958689463
-2,0.0894835868729641
-1,-0.0034342910341800315
2,1.9975471208343694
-1,-0.02302836822926296
-1,0.007487267293918226
2,-0.006494575289905225
-1,-0.020760692637579584
2,1.9906891173926902
1,0.44687286454701763
1,1.0
3,2.027533840794196
1,2.331066342112133
0,0.5068293445593763
3,1.9989097462672654
-2,-0.04887206833633481
1,1.0
-2,-0.21155832419568146
1,1.0
0,-0.005438752356636359
2,2.024090223575031
2,0.0008681559861151432
1,1.0
-2,0.045635144843823736
3,1.9883588795926748
1,1.0
0,-0.01215891330828427
-1,-0.004809084681674796
0,-0.006432935904595915
-1,0.019602856366875133
-1,0.004165640318717461
1,1.0
4,1.903287058809286
-2,-0.04150802409047328
2,0.017553896302812014
1,-0.02104750360749319
1,1.0
1,1.0
2,-0.039973223314685266
-1,0.029543710280123054
-2,-0.035852835506456265
1,1.0
1,1.0
1,1.0
1,1.0
3,1.94658445210834
2,0.004497117933398857
-2,-0.0048409073335294525
2,1.9851253704371148
1,1.0
1,1.0
0,-0.015422097420656334
1,0.010478961660724134
2,1.896435291985575
2,-0.1054615950346348
-2,0.001496095361316443
-1,-0.0020755692425638763
-1,-0.1259392625276825
0,-0.02289664120750759
1,2.3111551573682503
0,-0.0015795289941101314
1,2.2952664018315847
0,0.479669473527785
-2,0.0017790805173349834
4,1.8439272164692306
-1,2.9929611396478686e-05
-1,-0.030434176824914328
-2,-0.009066345884612234
-2,-0.008498930612090767
-2,-0.005805135378324986
1,2.033872697632641
-1,-0.007535859760736562
1,-0.012676431717839743
1,0.35631644602702806
1,1.975798739566716
-2,-0.025277234756910124
0,2.0431425522840687
2,2.005383863163664
1,1.0
-2,-0.0034027593510020824
0,0.44880428199082784
2,-0.0850316724462211
1,0.015951033603524747
1,1.0
1,-0.11006086988596016
2,1.9915013295897201
1,1.0
0,-0.011995275087392947
0,0.04886140256804079
1,0.051953977219432054
-1,-0.008333487894963727
-2,-0.013607049515743985
-1,0.045569314291181565
1,0.02047125671708843
0,0.002730671447946033
2,1.8995067298317077
1,-0.03235635241380048
0,1.9622688507855208
2,-0.012332101837497772
-2,0.023344430206166947
1,1.0
1,1.0
-2,-0.09609732162057545
-1,0.03961527852134272
-1,-0.0122573953346111
1,1.0
2,-0.020760692637579584
1,-0.0034292799277399143
0,1.933649088084288
0,-0.02302836822926296
0,-0.018846323854302155
-1,0.015149013117386909
1,-0.1475848972291256
1,-0.05169246169695956
0,-0.03362176130407122
0,1.99463244960959
1,0.47994176033413416
0,0.5056286812440209
1,0.007126171616321151
1,0.47351806782146805
-1,-0.024161521999413287
-1,-0.029508442771428545
0,-0.003510253297678276
-2,-0.026487969723335777
0,-0.033123328701603255
-2,0.2556379083196579
-1,-0.004602927262667433
1,1.8592304471058367
2,-0.10343677481342707
2,1.8498774472838204
1,1.0
1,-0.002575515920724142
4,1.8581578300987112
-1,-0.02631236644440785
1,1.8912559819254602
2,0.11108540299269663
-2,-0.01608621238880656
2,-0.039033988231568346
-1,0.019208137373792046
1,0.4655785767719922
0,1.9643515681746513
1,1.0
1,-0.07911941055627125
1,0.54944434047624
0,1.973172005329632
-1,-0.02253177641218989
-1,-0.0036545801440507554
2,-0.016045309974225517
0,0.44892057302529925
1,1.0
2,0.059481568844382195
1,1.0
2,-0.0026102286827434412
1,0.0054900391863058565
-1,0.009943623934073068
2,0.01890808753723661
1,1.0
1,0.3996822532709166
0,0.46007847214870623
0,1.9845237100753539
4,1.9761746024911695
0,-0.06259374903152785
1,0.019425460167038763
1,-0.017410903505248244
0,-0.019837613563863123
2,0.01148450808673597
1,1.9021353687928237
1,-0.0095280499596867
-1,-0.041659747641872975
1,2.0149743482591203
0,-0.025609338609581863
0,1.914519079003413
2,-0.01966697340328604
0,-0.0015853284046661643
1,1.0
0,1.9593614888010518
-1,-0.007954522186017318
2,-0.023205460672979822
0,-0.043879418944281386
1,2.0582015831102574
2,-0.02289664120750759
0,0.005114800878050163
-1,0.02660387317090153
0,0.5402489910367756
-2,0.004890091263028945
2,-0.03292858399998257
1,1.0
2,-0.03607754055010931
1,2.0218404507045182
4,2.0916914464064797
2,-0.032222499168646966
1,-0.0067401396149691754
-1,-0.04327565935894154
1,1.0
1,1.0
2,-0.003901380915753627
2,2.0425402910454094
0,0.09300505319641682
-1,-0.0075647988369793836
0,-0.06259374903152785
0,0.0638668878305194
2,-0.0800282480398265
0,0.045269359043753114
1,-0.016316792243372034
1,0.0671934455220876
2,0.009702761923046886
0,-0.020760692637579584
0,1.825268967870129
0,1.9989097462672654
1,1.0
0,0.001695634901261788
1,0.047335626515564645
1,2.039524926155339
1,1.0
1,0.5726372576554993
4,1.9310311354894782
4,1.9276835907674614
-2,-0.024613162877516977
2,1.9372894110163243
-1,-0.09345352181589388
-1,0.002548931168069406
0,-0.08057993663959621
-1,-0.008000096185884794
0,1.9896466042160244
1,1.0
1,1.0
2,-0.03468468688595327
-1,0.0140371573951618
3,1.9730966485711914
0,0.008475420165807044
1,1.8455048495583528
-1,-0.005377089533122863
-2,0.026661900845452682
1,-0.012219510757913965
0,-0.05762890917866624
2,-0.025290805947110858
1,1.0
1,0.009465282288826761
0,2.041614230063742
-1,0.01794251577424415
-2,-0.004088165536167148
-1,-0.0023143492477900396
1,-0.06259374903152785
-1,0.03092351948771953
-2,0.018388974329656537
2,-0.062040421763930126
2,-0.017686014478789383
1,-0.010138588395433747
1,0.4413270704712972
1,1.0
2,0.06885001247877981
-1,-0.006585826032229226
1,0.06680307711429571
1,-0.006986850974063982
-1,0.006942358113663318
-2,-0.033308457132958054
2,-0.012676431717839743
1,2.0280068208987503
1,1.0
2,-0.04494021276381858
0,1.9693243394794768
2,0.11938262055152149
2,-0.01659841650413073
0,-0.05113097172685181
4,2.0096781559892167
1,0.4645786752719839
0,1.8752528086907778
0,0.017990797751503477
-2,0.03216375229968028
-1,0.41852336200691936
-2,-0.010516437763087692
2,-0.007958128288298245
-2,-0.020712693209141916
0,0.06010919251255724
-1,-0.05005089219135396
1,1.0
-1,-2.9346374850239275e-05
1,1.0
-1,-0.009249747930525165
2,2.0574711681190014
-2,0.0008962046681657268
1,1.0
-1,0.006942358113663318
-2,-0.03271438283995666
1,0.02765284771756462
2,0.09099422410886943
0,0.5134879549289775
1,2.0295524939554155
2,0.017990797751503477
-2,-0.005078439712053028
1,1.0
1,1.0
0,-0.033160551821384866
1,2.013670614066086
2,-0.004837116855697782
0,2.050073843922884
0,2.035710374825863
0,0.02271696399555267
4,2.0337172187457027
1,1.0
2,-0.024765175735670938
-1,-0.011164832633161773
-2,-0.020760692637579584
1,1.9487186909588265
2,0.0010737938336243507
2,-0.032258849435526635
-1,-0.004088165536167148
1,1.0
2,0.050427502098582655
-2,-0.011995275087392947
0,-0.011709626686107947
2,0.15074513171847065
-1,0.023411219417244906
0,-0.0031754411085496478
1,1.0
0,0.48076747249043345
1,0.5058234720511325
1,-0.010920671400798408
-1,0.06885001247877981
0,1.9675896452356563
-1,-0.012094663642206413
-2,0.036183756231127476
-1,0.030170639907669206
0,0.0008681559861151432
-2,-0.03213936678639804
-1,-0.08057993663959621
1,-0.022386989372264417
2,-0.04724473214143663
0,1.9533735870986026
1,2.085820945713117
1,1.0
1,1.0
-1,0.030363724444119562
2,2.1201821084126924
2,2.0328301735961407
-2,-0.012150962360843448
2,0.03576512740458793
-1,-0.018019044753904957
0,2.0477315567421934
-1,-0.03271438283995666
1,-0.020913249202727528
2,-0.012688110808148956
1,1.0
-1,-0.19255106575187333
2,0.06013113605468659
0,-0.005441554695765777
-2,0.004088572559183447
-1,-0.046238769634357135
0,0.613650999906039
-2,-0.008616902864181451
0,0.49615697170825795
1,0.0071429705240301546
1,1.0
1,-0.1259392625276825
1,1.0
2,0.013671265086862278
0,2.0446176984997537
1,1.0
2,-0.02302836822926296
1,-0.13222453674929446
0,-0.015901481485326528
1,1.0
1,0.013804138650418064
1,1.0
3,1.9830420876833719
-1,0.08847674031556124
1,1.8346720974809572
-2,-0.02650903340861602
2,-0.06360618573006023
0,1.911751008807884
2,0.03257487085331348
-2,-0.06101344497548155
-1,-0.08483781190418657
2,-0.0276617496156616
1,-0.0095280499596867
2,2.001853062089316
1,1.0
0,0.039557002278117
0,2.0972156179864445
-1,-0.025277234756910124
-2,-0.1259392625276825
-2,0.005893520944316608
1,1.0
2,-0.020236409335289064
0,-0.02203704479434203
1,0.01006918563640693
4,1.9975411040819189
2,0.008502874206302158
1,2.1506623726068725
1,1.8922222623431295
1,1.0
0,-0.008190415324875444
-2,-0.006494575289905225
3,1.8869156655904975
-1,-0.03377165979076525
0,-0.0046686968054183466
1,0.535990069275835
-1,0.021390762639420836
-1,-0.011043070106376928
1,1.0
-1,0.06688604041361906
0,2.060330582397566
-1,-0.018964570201298207
-2,-0.05088144784848888
2,-0.046377318961593535
1,1.0
3,1.9622688507855208
-1,0.04886140256804079
-2,-0.01810785683676748
-1,-0.033123328701603255
0,0.18614759601994435
1,-0.08057993663959621
2,-0.02372104513175065
2,0.026049289778522985
1,1.0
1,-0.03480284479372131
0,0.0024616072487884735
0,0.18510793880412532
1,1.8877355454174594
1,1.0
1,1.0
1,0.0037262491774852093
1,1.0
2,0.06537058676842626
2,-0.030527068148258004
1,1.0
-1,-0.0014779122891491097
1,1.0
1,1.0
0,1.9817620037991603
0,1.951305775875921
1,-0.03498913819349523
2,0.046389849719616974
-2,-0.034757673876296136
4,2.021426671178156
-1,-0.009449832432373961
1,1.0
-1,-0.06072532523045359
-2,0.015951033603524747
2,-0.02095915169591603
4,2.0094286924506854
2,0.0422566662908615
1,1.997360343190321
0,0.055660930283597886
4,2.07929800225362
1,0.07414080853006802
1,1.0
0,0.49336667326922035
-2,-0.0220188764951689
2,2.0399173807815574
-2,-0.03179262729632508
3,1.985965354925697
2,0.001437689679167306
1,-0.057560491726505535
1,1.0
-1,0.00898265504394392
2,-0.0048409073335294525
3,1.8703531020877342
1,1.0
0,-0.0014779122891491097
1,1.9359948646338223
0,-0.045634472492411156
2,0.051476778417132385
1,1.0
-2,-0.03941245597247054
-2,-0.033590309777913996
2,0.006900341378776913
1,-0.034159106427492134
1,0.001662901944050385
3,1.988913276753288
1,-0.030102172029308337
2,0.02143528698711848
1,-0.01778420978487303
-2,-0.039184340159931136
1,1.0
-2,-0.028585965320400385
-1,0.045635144843823736
0,1.8937639434005349
-1,-0.011995275087392947
-1,0.05525163075642643
1,2.0268020970531166
1,-0.0012650125616840758
2,1.9591230481085038
3,1.9950114519671829
0,1.985902124771161
1,-0.004443551729866207
1,0.0038208898707391757
2,1.9759240611518294
1,0.0525384734214144
0,0.01615736620107344
1,0.012154120733096447
0,0.019208137373792046
1,-0.012206389024798434
2,-0.007710276175914046
1,-0.03480284479372131
1,-0.049679819014231644
0,0.5197896361515731
1,1.0
-2,-0.03271438283995666
1,1.9696026891954546
1,1.0
1,0.0524880750016199
2,0.025443688543761972
0,2.077602633088526
2,0.029256691906444813
-2,0.023709002419452174
2,-0.025277234756910124
-2,0.041589799607866185
1,1.9909879879017047
1,1.8908651927783304
2,0.010558941822583389
1,1.9793013889062478
1,-0.07469738184928693
0,2.0459229362709275
-1,-0.015459640426566446
-2,-0.01562991926339298
0,0.04694458698639987
0,1.975420357741945
2,2.0110170883043925
1,-0.041255565518857874
1,2.114947981203901
0,0.07018627904908657
-2,-0.014193260084194505
2,-0.009036047656946626
-2,-0.022386989372264417
1,0.034682521910449154
2,-0.00917556748970762
2,0.035360303055495604
-2,0.036752062629592415
0,2.0322819603269364
2,0.22282345708044307
0,0.01579024439466141
0,-0.04430612013519653
0,1.979110584082205
1,1.0
-1,-0.08053783162446311
1,-0.008301763981843104
2,1.9449570990857277
0,0.4243105419118481
-1,0.03855421662036652
1,0.48875465398508405
-1,-0.013829004799103463
2,1.9906891173926902
2,2.033872697632641
-1,0.0545165262909211
1,1.0
-1,-0.021071141567327794
1,1.0
0,-0.11977145518179663
-2,-0.05220080988094054
1,0.030363724444119562
4,1.9591230481085038
1,-0.057560491726505535
1,0.021406627324746793
1,1.0
1,0.4970271763066718
1,-0.02532827635094764
-2,-0.03456844301077361
-2,-0.054099877125634466
2,1.989629267457506
1,-0.046211377110375665
3,2.188339822021887
0,-0.05220080988094054
3,1.8986396256519478
1,-0.007798768800414673
1,1.0
-1,-0.025948353072132918
-1,-0.049679819014231644
-1,-0.04389487180554506
-1,0.020084143863140166
4,1.9507443993851614
1,1.0
-2,0.004346653214440791
1,9.62699206121011e-05
2,2.1284425226472097
-2,-0.03498913819349523
-2,-0.020668485886227255
0,-0.09453676188793785
4,1.9999241504203464
3,2.0809190695620643
0,0.013170373905898263
-1,-0.0013993792443390027
-2,0.0012501148881276006
1,1.0
-2,-0.03480284479372131
3,2.0436996028847174
1,1.0
-1,-0.03984622786622337
2,1.8952777438093509
3,2.0728262350739195
3,1.9829859866627368
-1,0.0038872609633530037
1,-0.0337549315952583
1,1.0
-2,-0.03904242256632786
1,1.0
3,1.993740821287187
-2,0.0019977222038350248
2,1.9721137690917585
0,-0.018019044753904957
1,-0.06363893704464217
1,0.02922259884328547
1,0.5176660212750882
0,-0.0009194372634221831
1,-0.01386313519086686
-2,-0.008588778579324855
1,9.62699206121011e-05
1,1.0
1,0.018280417805054013
1,1.0
-2,-0.006365271332127018
1,1.0
0,2.0297637300036926
3,1.9456452531484758
-2,-0.016999234459157728
1,1.0
0,-0.02880434805127574
1,2.0829012004920138
2,0.0038590535055777957
2,-0.013685083584832456
2,-0.011995275087392947
1,0.5176839668243385
4,2.3788548306351305
2,-0.024532583743279934
2,-0.0034374221959277934
-1,-0.13365156437407838
4,1.978480357336982
1,1.0
-2,-0.0008080887923656447
2,0.12950537495321396
1,0.007126171616321151
2,0.045569314291181565
0,-0.0014779122891491097
-2,0.043100154840221803
-1,-0.10069587421531334
-1,0.06428215474774504
2,0.0010542166767016164
1,0.004165640318717461
1,1.9207550343274349
2,0.059481568844382195
1,1.0
-1,-0.046284943032232226
-1,0.00010466437261963807
1,-0.03855158257844711
-1,0.012808629285006024
2,0.05998821114662354
2,1.9616998723517265
2,0.02917182723841805
0,2.002163073846839
4,1.9427453574040714
1,1.0
1,0.5595833918675492
1,1.9460227732442623
-1,0.03520197371922305
1,1.0
2,-0.026487969723335777
0,1.9807913545546345
2,-0.005438752356636359
0,0.030363724444119562
-2,0.0362201436374576
0,2.025494110352072
-1,-0.004869545796451342
2,-0.008439474456378883
1,2.0416089537514193
-1,-0.04211975131503151
3,1.9333447375750754
0,-0.0251009567125654
3,2.0184721324211186
1,0.01434579031364489
0,2.00522280180327
-2,0.03651169529578711
0,-0.00043361328670983275
-2,-0.05581369567216097
1,1.0
0,2.0087477202393225
3,1.9845730140531554
-1,0.022741804069438324
-1,-0.011198886838780777
-2,0.01961793325712319
1,1.0
0,-0.04211975131503151
1,-0.025101744561076708
0,1.9520183128336033
0,1.9288281719987221
1,1.0
2,-0.03793155455542919
3,2.0631050874078656
-1,0.14624635297417243
1,1.99463244960959
1,0.023871070225750825
1,-0.03160502376570316
0,-0.08630647474797272
-2,0.036183756231127476
1,1.0
-2,-0.006494575289905225
1,-0.025948353072132918
-2,-0.015459640426566446
1,1.0
1,-0.04619855854302411
0,0.00303871434516183
0,-0.04168857608065878
0,2.046093912637875
0,0.36079724696760707
-2,-0.008710306411321074
1,1.0
1,1.0
2,-0.018636015653125736
-2,-0.0051326463062873395
-2,-0.020360649431310024
-1,0.0019977222038350248
0,-0.005726736043727512
1,1.0
2,-0.11271249947333029
-2,-0.0009387823102381658
0,2.032733659876384
0,-0.019453586440528435
1,1.0
2,1.730562197679254
1,1.0
2,0.01123579432102499
1,0.01783445358318719
2,1.9593614888010518
2,1.9169202334694009
1,2.0314943903905047
0,0.0003500919240483248
-1,0.019896497992262282
0,-0.02603921756961445
1,1.0
1,2.0167476523096184
-1,-0.03160502376570316
0,-0.02858746525552745
1,-0.15525768663149975
-1,-0.01711422056076077
0,0.013404032633355935
1,-0.0048409073335294525
-2,0.0054900391863058565
-2,-0.044038886210714924
1,1.0
-1,-0.035852835506456265
0,-0.011709626686107947
1,1.0
-2,-0.08756198036548084
0,2.288170135508478
2,-0.007145758790657646
1,1.0
0,-0.036974631712616765
1,1.0
-1,-0.029508442771428545
1,0.44831169012206373
-2,-0.15195291134971572
0,-0.004602927262667433
2,0.06036393165682395
1,1.0
2,-0.001177893720921398
-2,-0.012171412217025019
1,1.0
0,-0.01607253338526816
2,2.1058637741722013
1,1.9382758233471447
4,1.8643961991339837
0,1.9076438281134604
1,1.0
0,2.0051643034367617
1,1.0
0,1.9361254838846833
1,-0.06360618573006023
1,-0.01480706905106261
1,-0.032479935067281675
1,1.0
2,0.026014101387261124
1,0.0054954782139082625
0,0.0004085560361317139
0,-0.0036274000967628293
2,1.915146661295854
2,-0.016128430008649296
-2,-0.012444009500695854
1,1.0
0,-0.004869545796451342
1,-0.019837613563863123
1,2.0621377074248817
-2,0.002488590698656822
2,0.014420305071644096
1,1.0
0,-0.043042762840831125
1,1.0
1,-0.0276617496156616
-2,0.013940112465032099
-1,0.019942351561681514
1,-0.040668637782253846
1,-0.023929478735040807
-2,-0.0015622841505143975
1,0.005916540099015372
0,2.071428991539634
1,0.0357642605601322
0,-0.05247729521108794
-2,0.032750104908970394
4,2.1514110287516477
2,-0.0002228215195130248
-1,0.01220865098655569
0,1.9715668131151356
2,2.019977869868352
1,0.0013432437233874613
1,-0.050768753629166705
-2,0.014854197750244885
0,0.036183756231127476
2,-0.020913249202727528
-2,-0.06101344497548155
-2,-0.012136941411849598
-2,0.03455778628186085
0,-0.02480167824669537
0,1.9403793216646343
0,0.5188812500643719
0,1.9900443824061458
1,1.0
1,1.9743529915288622
2,0.03761832153505988
0,0.021914816343812173
1,1.0
1,2.004683810510341
1,1.0
2,-0.011895654318939988
3,2.0679575121926073
0,2.0024055798316134
4,1.9975471208343694
0,-0.035852835506456265
0,2.0972156179864445
0,0.11938262055152149
2,0.0043858328222811495
2,-0.02932985584790643
1,1.0
0,1.940592092318412
-1,-0.07360487845070943
-1,-0.003598666218873224
0,-0.0044351438888664205
1,0.5541780481497033
1,0.001955715922656507
1,1.8920739284569503
-1,0.2556379083196579
-1,-0.011827905096388605
1,2.011418629064812
0,-0.01480706905106261
1,1.0
-1,-0.01659841650413073
1,0.42807790351971486
2,0.007156095212943391
2,-0.08436399286332304
-2,0.0357642605601322
2,-0.006414579125856365
0,1.9455583958047753
1,1.0
3,1.9361254838846833
1,1.0
-2,0.005864212575913384
3,1.7919562622111733
4,2.077602633088526
1,1.8808504412077522
1,0.03420187867151153
0,2.0812127875625435
1,1.8634863357506908
1,-0.02865994769697741
-2,0.21264192918393526
1,0.01006918563640693
0,1.959581912311289
0,2.007350621941066
-1,-0.013457395187899174
2,-0.03229373584642374
2,2.013670614066086
1,1.9376490514711864
4,1.9785634318127194
1,1.0
3,1.9105012300031896
4,2.0338271681636346
1,-0.011827905096388605
1,0.009349056562684506
2,-0.0048409073335294525
1,1.0
2,-0.0739129768699805
1,1.0
-1,-0.01407160161157397
0,-0.02244493010065498
0,-0.0211836228891235
0,1.9765589572349607
2,0.11059551121507645
1,0.014148373414574422
1,1.0
-2,0.0017790805173349834
-2,-0.07959806229778382
0,0.004497117933398857
1,1.0
-1,-0.008616902864181451
2,-0.008000096185884794
0,0.4515349242406924
-2,-0.1259392625276825
4,1.9317544401375712
-2,-0.015459640426566446
-2,-0.03919158934430593
1,0.45667103666604886
3,1.9191324114726884
-1,0.019333114251221903
2,-0.049679819014231644
-1,-0.0299232123765241
0,0.03612011831053537
1,-0.0020755692425638763
3,2.055834350574841
0,1.9158454574331645
-2,0.02400692907520836
2,0.020734325335144
2,-0.01525188707851875
1,1.0
4,1.8690199472487203
-1,-0.03111032724410337
1,1.0
0,0.46374863186772236
-2,0.0614509589615662
1,0.530195023788539
0,2.030536717282038
2,-0.028704140647469262
-1,-0.047288644034230394
-2,-0.01118019879972549
-1,0.014148373414574422
-1,0.003838579180459281
1,1.856840281065952
2,-0.03984622786622337
-1,-0.025721406725321434
-1,-0.02313316451463104
2,0.0069373903962980064
-2,-0.0276617496156616
1,1.0
0,2.6790934450363966
0,0.06021401001906244
1,1.0
-2,-0.024613162877516977
-1,-0.03308248020818978
1,1.0
0,2.0119760312127273
1,1.0
-2,-0.006293344214284754
1,1.0
-2,0.02271696399555267
2,-0.02838829623768827
-2,0.004728283268795881
4,1.8110528506499637
-2,-0.022386989372264417
-1,0.03783324351672311
1,0.016085211898659173
3,1.8164763169080163
1,1.0
1,1.0
-2,-0.009583143644878212
-1,-0.015983551892155886
4,1.8858984571352158
0,-0.05794859298898707
3,1.959581912311289
2,-0.10504751242332067
0,-0.03650302807516795
2,1.8721588479517877
-2,-0.006344472515389063
1,1.0
0,0.4560550401956023
1,-0.05088144784848888
2,-0.01162170389124115
0,0.013574990626149402
1,0.09772320109230392
0,2.0621377074248817
1,1.0
2,0.004854682278973705
1,1.0
-2,0.029594508251606203
1,-0.02480167824669537
-2,-0.037926506352133814
1,0.0004085560361317139
1,1.0
2,1.9549573028036697
1,-0.0006286160657992437
0,-0.05143257813461391
1,1.0
0,0.48627025278734753
-1,-0.012820583707840047
-2,-0.028510098381497317
2,-0.015038017453389521
1,1.0
1,2.0310128239932466
-1,0.07964655461562796
1,-0.04273404204472252
1,0.5277922821255423
1,2.0711938687282525
-1,-0.009463171126247089
-2,-0.005641886639611852
-1,-0.05895085547182208
-2,-0.02948804203568534
-2,0.10864980954710081
-1,0.005864212575913384
1,-0.046377318961593535
0,-0.01659841650413073
4,2.2044903910542515
1,0.4642278556749535
1,-0.020360649431310024
0,1.9436149628085218
-1,-0.004837116855697782
1,1.0
0,-0.012676431717839743
1,0.008239718170444199
1,0.08616019999865579
1,-0.05578375595408259
1,1.0
1,-0.010484157126683704
1,0.45696258276277996
-2,-0.058768687849096314
0,2.0638909826940974
1,0.002092085627704783
1,-0.06480812864217783
3,2.056041561779855
2,-0.028895667442589326
2,0.026014101387261124
0,0.009166988513338388
1,0.01633443489012747
4,2.022483353196488
2,0.017487298920905246
1,1.0
1,1.0
1,1.0
2,-0.03696182487434768
3,1.951305775875921
2,-0.04294728484802267
1,1.0
1,1.9472409336492875
1,1.0
0,0.46393660881100796
4,1.9510897096280992
-1,-0.01810785683676748
1,1.0
4,1.8703531020877342
0,-0.04652161552877164
0,-0.02302836822926296
-2,-0.025290805947110858
-2,-0.022676996938964314
2,1.9809081907034654
1,1.0
1,1.0
3,1.9869278417211313
-2,0.0038590535055777957
-2,-0.03377165979076525
1,1.0
4,1.9810900283213715
1,1.0
-1,-0.014908130676923393
1,1.0
2,0.006921226879439489
3,2.1133058052277702
2,-0.02000563113322153
1,1.0
2,0.014899229464044116
0,0.05614984518952678
-2,-0.005438752356636359
1,1.0
1,0.5245456522754863
2,1.9315806457989948
1,2.5367851125008962
4,2.02703922981792
1,-0.06480812864217783
-2,0.0012501148881276006
0,1.830491151689281
-2,-0.034551364034456876
3,1.9762955187005828
0,-0.011343640001197858
-1,0.015920810758805123
2,0.005478737682478192
1,-0.029584100907689804
1,1.9748332772603252
-2,-0.008366559747196502
-1,-0.03756548729750326
0,0.016409847019597773
4,1.900044541988446
1,1.0
1,0.2029635248158461
-2,-0.003662856866392158
2,1.9157709913432195
2,-0.04046104453474876
0,-0.037521449069432444
3,2.0168032862723435
1,1.9883588795926748
1,1.0
-1,0.019443697732377287
2,1.939057804103651
0,0.06862396420899072
1,0.02838089678819612
1,1.0
2,2.015717148343171
-1,-0.0029832032557617384
-2,0.0041607512524426725
0,-0.015901481485326528
-2,0.087311904749409
-1,0.04709912405694622
-1,0.04923949144786609
0,1.9348184056931077
0,-0.05584910796316214
2,2.018235637557573
1,1.0
0,0.042836072401722006
2,-0.07665400164937554
-1,-0.010226667448910041
1,1.7648601242712547
1,1.0
-1,0.10896199168280939
3,1.9751289255464253
1,1.0
-2,-0.01074684178914153
2,2.1479429542677293
0,0.4672325392435539
1,1.9236042494804797
1,0.06368412490164455
1,1.0
1,0.41412371687595495
2,-0.008190415324875444
1,0.01006918563640693
0,0.5412341101501263
-2,0.02271696399555267
-1,0.0019221921013433544
1,1.0
1,1.0
0,-0.01074684178914153
0,-0.009621989448763378
1,-0.014656295508105177
1,1.0
1,-0.010250719145417668
-2,0.018637000499826827
-2,0.008499173121693517
-2,0.011956334273681818
2,2.0802997397515406
0,-0.015347269879682346
1,1.0
-1,-0.02806030137956245
1,1.0
-1,-0.022622250035536223
2,0.009166988513338388
0,1.98392910073411
1,0.05053523010003649
1,0.029256691906444813
1,1.0
-1,0.00615064500801781
-1,-0.022622250035536223
0,0.010559820705179641
1,1.0
0,-0.02253177641218989
1,1.0
-2,0.02403329968789764
0,-0.02480167824669537
2,0.0018340671906535058
-1,0.01006918563640693
1,-0.024775351453764277
1,0.4717252688087082
3,2.254610705332011
1,1.0
1,1.0
0,0.024404485840064705
1,1.0
2,-0.022169047030785753
-1,-0.02321358526020975
0,-0.02742331269436147
-2,-0.006010148452782837
-1,-0.017056369637391624
-2,0.010064833017550399
1,1.0
3,1.9932732018400938
-1,0.018297438218368437
1,0.5027112615115595
2,-0.019146512186563082
1,0.004497117933398857
1,1.0
-1,0.006285666565641982
-2,0.1586845055798358
-1,0.0071429705240301546
0,-0.007706214965080408
2,0.00500384669188621
-2,0.005284751940043231
1,-0.08549978988938356
-2,-0.01910482518586454
1,-0.022856801824049207
4,1.8634863357506908
0,0.0011866729594138643
-1,0.0148682108900312
1,-0.05959543770461063
-2,0.04022895997061991
-1,-0.469220980140125
0,0.029036578406394953
1,-0.009249747930525165
1,0.4156533101879103
1,1.0
2,-0.025277234756910124
-1,-0.006414579125856365
1,1.0
0,1.9684050487865687
1,2.1522384959676786
4,1.9249094991143862
1,0.160731341589344
3,1.9749127168145575
1,1.0
0,0.003838579180459281
-2,0.14337689816145283
-1,-0.006315863772297704
-1,-0.022188438392951357
2,-0.001938130229965613
1,2.017758924380756
1,2.0404300763295784
2,-0.05519334610252249
0,-0.011198886838780777
1,1.9798362822907212
-2,0.007251080347788255
-1,-0.011343640001197858
0,2.0298130904150384
0,0.014955843362153318
4,1.9668747837960625
0,1.9158535986415544
1,0.019296324315372572
-1,-0.0036545801440507554
1,1.0
0,0.040169938950749495
1,-0.012205830518850744
0,0.5550839092435572
1,1.0
1,1.9882849401672669
1,1.0
-2,-0.0024291109977293067
1,0.36979257870743515
0,0.40592779761065956
1,2.0873226852862117
0,-0.02742331269436147
-2,0.02711396946219675
-1,-0.03197711386539761
1,-0.016128430008649296
0,0.03368816434178682
2,1.9761648299367882
2,-0.010516437763087692
-2,-0.00028212949129002206
0,0.001437689679167306
-2,0.006639152783882031
-1,0.024966383854501638
3,1.9957737989876552
1,1.0
0,0.004497117933398857
2,-0.010516437763087692
4,2.0092829643517907
3,2.0246255948093603
2,0.01251677728296256
3,2.0130999880799365
-2,0.017269676230800824
1,-0.017550880212068125
1,-0.03646602414811642
1,-0.011238673609254776
-2,-0.004088165536167148
2,0.021927911582326574
-1,-0.009583143644878212
-1,-0.017408333284400196
-2,0.043786878394634146
0,-0.0014443543488946117
2,-0.04316469608702253
0,-0.006414579125856365
-1,-0.039184340159931136
1,1.0
-1,-0.05113097172685181
1,-0.03439814143848003
1,-0.01789689867145458
4,1.9970162143022676
2,1.9992923877186835
1,-0.03423389264821785
0,-0.06866893898832963
0,2.0058755937907313
2,-0.016999234459157728
2,0.0037262491774852093
-2,0.01357474656922609
-2,-0.03279929966558866
-1,-0.02726231930684305
2,-0.042244272556837784
-1,-0.0875618481565173
1,-0.11386946284892174
1,-0.013720221620925913
-1,0.0010542166767016164
2,-0.01268992378852675
-1,-0.006988995949327833
1,1.0
1,2.1113347042843804
2,2.3460570570521626
0,0.017725365271887745
2,1.9056626532842578
2,-0.009468072215395487
2,0.010446924910644218
0,-0.0034027593510020824
0,-0.08057993663959621
-1,-0.06914409932386527
3,1.799268454761401
2,-0.01480706905106261
0,-0.022622250035536223
0,1.9507443993851614
1,1.0
2,0.02974671414465897
-1,-0.03160502376570316
0,0.5363671010215159
2,-0.0054295465253504345
4,2.0117234171735263
1,-0.00028212949129002206
-1,-0.04211975131503151
0,0.015532083574020607
2,-0.0048409073335294525
1,1.9770687319651052
2,-0.02948804203568534
0,0.026457058685606372
2,0.022477278896092624
-1,0.006945911208224175
1,-0.019837613563863123
-2,-0.011049427494908696
2,1.9703182599385334
4,1.8512143956988023
1,1.0
1,1.0
2,-0.03265530666882306
1,0.48581786660081205
1,1.0
-2,0.018637000499826827
2,0.06428215474774504
-1,-0.010281234141735967
2,-0.004869545796451342
-1,-0.003651020686343291
1,1.0
-1,0.02808221237366028
1,1.0
0,0.010559820705179641
1,1.0
-1,0.0024045365657589393
1,0.029937787975354953
1,-0.04211975131503151
2,-0.006414579125856365
-1,-0.024618838605772554
1,1.0
1,1.0
2,-0.013369443797598156
-2,-0.024467111028670895
1,-0.022935603163038273
1,1.9896233688315368
0,0.4253598576698142
1,1.0
1,-0.2598315812734876
0,-0.04585297890582118
3,2.0752524080625268
2,2.058308706068148
2,0.04873167555152096
1,0.4012918772793486
2,-0.03667358242237266
-1,-0.050421879975609325
-1,-0.02480167824669537
-1,0.0289274735405856
-2,0.022861747757812145
3,1.9656808704472644
0,0.46007847214870623
2,0.045270444510087764
1,1.9916341819713799
2,0.013062582720189887
-2,-0.03790578063568941
1,1.7282561890299382
-2,-0.03174467570813897
1,1.0
-1,0.012286934700204968
0,1.9970162143022676
1,1.0
2,0.1531473004718341
1,1.0
-1,9.62699206121011e-05
1,0.012303425384217661
0,-0.019837613563863123
0,0.5137420377142513
3,1.7489570057510493
2,-0.0031754411085496478
2,0.013581529300138319
-2,0.016013899492651737
2,-0.014003771229430317
-1,-0.011350961699355148
2,-0.021071141567327794
1,0.003719741476688899
-2,-0.021969322461832294
3,1.985965354925697
0,0.4713494239720319
1,1.9662348616577086
1,1.0
1,0.011782580916051806
-1,0.06862396420899072
2,1.805107921208982
1,0.4033973866245519
0,0.015450391027570723
2,2.086046621539009
-1,-0.06448083113024053
1,0.004854682278973705
1,-0.00824326813520766
0,-0.01574735363154379
1,1.0
1,-0.01672777356735593
1,1.0
-1,-0.01372542586484999
2,-0.0044351438888664205
2,0.019443697732377287
1,1.0
2,0.05199022029101878
-2,-0.016316792243372034
1,1.944265892742358
1,0.031515773820677315
2,2.433251239310884
1,1.0
1,1.0
2,1.8952777438093509
1,1.0
-1,0.001695634901261788
0,2.0090114060005746
2,-0.06259374903152785
4,1.9955478233478205
2,1.9637004668900622
4,1.9670794701855134
-2,-0.020605211175103368
-1,0.019208137373792046
0,-0.0330980914540423
1,-0.08434926488608685
2,2.2053127590378963
0,0.5390855832858903
1,1.0
2,0.006900341378776913
0,0.029036578406394953
-2,0.0638668878305194
1,0.02765284771756462
-1,-0.1596264535507087
1,1.0
0,0.0037944546514151567
0,-0.012136941411849598
1,2.0237708707393547
0,0.019333114251221903
0,0.45598531384731816
1,1.0
4,2.118254586280296
2,-0.05220080988094054
0,-0.0034027593510020824
2,-0.06718433159634211
-1,0.0014134663330675964
1,0.018637000499826827
1,1.0
-1,-0.029584100907689804
0,0.00615376322485859
-2,-0.022479151633026856
0,0.4340153169730965
1,-0.01401621494162288
1,0.0013669077546642362
0,0.4500609122460664
1,1.0
1,0.3807806546798518
-2,-0.002644932725728174
2,0.0037262491774852093
2,1.957357197288042
-1,0.03717988330224339
2,-0.024161521999413287
1,0.73713625590569
-2,0.0038650814732446638
0,0.056968089479703714
0,-0.021407612422379863
-2,0.014155079096181848
-2,-0.010332757577539287
0,0.561562019255973
0,1.9444437292805359
2,2.0803829502364857
1,-0.005074300062161603
-1,0.02397310557314019
1,0.023972230238934536
-2,-0.14903915336754733
1,0.5211682235752163
2,0.017075984286468508
1,1.0
2,-0.025948353072132918
2,-0.029584100907689804
4,1.9923103400573867
1,2.0149728377913014
1,0.016372057975176543
1,1.0
2,-0.0009015636314646772
3,2.0692135394240116
0,-0.007710276175914046
1,0.05005261192685067
0,-0.0025227303696404935
1,1.0
1,1.0
0,0.005101364232484794
2,1.92682055518171
-2,0.036183756231127476
1,1.0
-2,0.009128359038156026
2,-0.0227120732600957
0,-0.062040421763930126
-2,0.024729957338792876
-1,-0.011709626686107947
1,1.9398102171418492
4,2.0378246938219213
1,-0.00042598821055570083
1,-0.028076560288962184
-2,0.0005977078397812036
2,-0.039973223314685266
0,0.028553112084152402
1,-0.09941574353375479
-2,-0.05902147766000986
1,1.0
1,0.03452673918695912
1,1.9763604845279366
1,1.0
-2,-0.038045423120363714
0,0.0041884579096739824
2,1.9830565586111542
0,2.0210595060303493
0,-0.010765455774177255
0,0.019321253148291136
1,1.0
0,-0.006988995949327833
2,-0.011895654318939988
4,1.9458220301200242
1,1.0
1,0.04414598382545263
3,2.0042969313334575
0,2.04672010189657
0,1.8953322172628455
1,-0.06914409932386527
3,1.9934345200508015
2,-0.0044351438888664205
2,0.00010466437261963807
3,1.9686474126959146
-2,0.045269359043753114
0,-0.1599265280125284
0,1.9435981408234675
1,-0.016597014042686323
-2,0.013269927069231573
1,-0.020415669659865843
1,1.0
3,1.949091867428258
1,0.08808431068357132
2,0.01792704191486727
1,1.0
2,0.01171467538294829
0,-0.024613162877516977
-1,-0.00917556748970762
-2,9.62699206121011e-05
3,1.9493664427018433
-1,0.005873390251638665
1,-0.02480167824669537
-2,-0.018019044753904957
0,-0.015267144876927067
2,1.955300459958116
1,1.0
1,1.8500032342558097
2,-0.044515978248483405
2,0.002236094674775907
-2,-0.046575677949273794
2,-0.016410157117746408
2,0.04886140256804079
-2,-0.05584910796316214
-2,-0.040668637782253846
2,-0.006507297476653421
1,0.4952760849255345
1,-0.008439474456378883
1,1.0
0,0.0524880750016199
0,1.9169478090198004
2,0.00578215129385085
1,0.5662500749880734
4,2.0977046971155375
0,-0.12198654451951167
2,0.05272777607055166
0,-0.04711348545910319
1,1.0
0,0.05991273220487727
1,0.4862779030243864
-1,-0.008498930612090767
-2,-0.01494826229188232
1,0.004659825077002156
-2,0.011782580916051806
2,0.043497260250131446
2,1.8869156655904975
-1,-0.0187070981017648
-1,0.010559820705179641
-2,0.006401379842888299
2,0.0656013517647808
3,2.13513400207075
-2,-0.022188438392951357
-2,-0.033123328701603255
3,1.9317036808068755
-1,-0.01121499918369622
-1,-0.02880434805127574
2,-0.0012650125616840758
2,0.0060484570211779545
3,2.0519665499487822
4,2.406579697968619
-1,-0.00028212949129002206
1,-0.07665400164937554
-2,-0.02104750360749319
0,0.00578215129385085
-1,-0.008616902864181451
0,-0.004062837700809092
1,-0.016999234459157728
0,-0.053297658681343806
1,-0.032222499168646966
1,-0.020509847748799433
0,-0.009314781101609118
1,1.0
0,0.4533430029199698
-2,-0.021407612422379863
-2,0.059481568844382195
2,2.015578885188577
-2,0.07330590275148277
-1,0.01837098790384313
2,1.9643515681746513
0,-0.01658845852708766
4,2.1319028527848247
0,-0.004869545796451342
2,-0.24683400550348708
0,1.9637029646495672
1,1.0
1,1.0
2,-0.06259374903152785
1,1.8813983233973466
-2,-0.02631236644440785
1,1.9531474038674477
0,0.06298596819335858
0,1.9975411040819189
-2,-0.05584910796316214
-1,-0.0015853284046661643
-2,0.04022895997061991
1,1.0
1,1.0
2,-0.03456844301077361
1,-0.0031754411085496478
1,-0.04590808399332611
2,0.018670790408401264
2,1.9782011094921002
1,-0.03179262729632508
0,-0.020774832956145472
0,1.9565510576237097
-2,-0.015422097420656334
0,1.9314380172282497
0,2.070965128721734
1,-0.05895085547182208
1,-0.013904659563619344
0,1.9294039515160881
0,0.0289274735405856
3,1.9571861459312414
1,0.002236094674775907
0,2.065298208875199
-2,0.02421833934298314
0,-0.03559165773603087
1,1.0
1,2.212106966639168
0,0.014148373414574422
1,-0.009414635857412139
-2,-0.07959806229778382
-1,0.03591756474649714
-2,0.1001432802390101
1,0.030837751290910195
2,0.001805903822880136
2,-0.001484570782736851
0,1.9510897096280992
2,-0.05088144784848888
1,2.010673361476437
1,1.9840978850102127
0,0.4444628543237432
3,2.0275415477715275
2,0.042314824514183294
2,-0.03419140164147611
0,0.501702011072284
0,0.010009508398804512
0,0.027454366784195695
1,-0.02594074703997204
-2,-0.043042762840831125
1,-0.0036274000967628293
3,1.9683954656617808
1,0.02209720872096876
-1,-0.024654795788507367
-2,-0.006514032572443815
-1,0.015951033603524747
2,-0.032258849435526635
4,2.048240269359298
3,2.008388910161224
4,1.9452005326704502
-2,-0.018846323854302155
-1,-0.06568635807510788
0,2.0214641238113185
3,2.150765157067612
1,1.0
1,1.0
1,-0.008000096185884794
1,-0.011195711117358731
-1,-0.0034698179149716636
0,0.0014346878518939103
-2,0.030363724444119562
1,1.0
1,1.0
-2,-0.04273404204472252
1,1.0
1,1.0
1,1.0
1,0.036183756231127476
1,1.0
-1,0.0008272756872416498
0,0.008319632023547513
0,0.10864980954710081
1,1.0
1,-0.025773072694211266
-1,0.023384115196023875
0,0.401706247247053
0,-0.0007056180573955636
4,1.9612154482469277
4,1.9429314650067355
1,1.9396989162725007
1,1.0
1,0.3702749488497383
-1,-0.0384483178767898
-2,0.0289274735405856
0,0.4166609542504571
0,-0.008486091461778974
2,0.007354825112421291
-2,0.00478106543037021
0,0.51079829288362
-2,0.013536921755086823
0,0.010446924910644218
1,0.021390762639420836
0,-0.016538015757106027
1,1.0
0,-0.06914409932386527
1,1.0
1,-0.052954497991251494
1,0.44203096259962543
1,-0.011995275087392947
0,-0.08041503627224005
1,-0.03480284479372131
-2,0.006900341378776913
0,0.4929466098449297
0,0.008883225895619297
-2,-0.03462839466582565
1,0.02403329968789764
2,-0.005641886639611852
-1,0.03387623127194538
0,1.9348184056931077
-1,-0.008984997297220732
1,-0.029584100907689804
1,0.41450158703106044
-1,-0.043102943095818344
-1,-0.014392115540024612
2,-0.04211975131503151
3,1.9818566395494346
1,1.0
-2,-0.005806610628349878
2,0.006693975851918213
1,1.0
3,1.941109245703135
2,-0.008301763981843104
1,-0.03229373584642374
4,1.962831870347421
1,1.8864309996654702
1,-0.03480284479372131
1,-0.0023143492477900396
-2,-0.016316792243372034
0,1.9582065289122417
2,0.0289274735405856
4,2.0157563232806748
-2,0.014611546455899294
4,2.022380824629169
1,-0.040418077101203806
2,-0.049679819014231644
-2,-0.0014779122891491097
1,1.9246705076751214
2,-0.05088144784848888
0,-0.004910051289386801
1,1.8255030269122587
2,2.06020815334752
-1,-0.02358909674564899
1,1.0
1,-0.011895654318939988
2,0.0010542166767016164
1,1.0
1,0.5232050701404221
1,1.0
-1,0.013269927069231573
1,0.018280417805054013
2,-0.02104750360749319
1,0.4824658828103969
1,1.0
-2,-0.005776325480372214
0,1.9730966485711914
0,1.8055469862405817
4,2.0147265713620706
2,-0.04401074967519797
0,-0.008616902864181451
1,1.0
-1,0.011218754866551474
1,0.49814198506628915
0,1.9433657421040453
1,1.0
1,0.39564478609510045
3,2.1319281614183314
2,0.018670790408401264
1,2.035205893935634
2,0.04920232449094818
0,0.001879730667317186
0,-0.016999234459157728
1,1.0
1,2.038440794733931
-2,0.00578215129385085
1,1.0
-1,-0.005014881401871555
-1,-0.03179262729632508
0,-0.012094663642206413
1,-0.004258639239227954
0,1.9491121662227189
0,0.4556686018466249
-1,0.028378753828253236
-1,-0.011659477821545132
0,-0.015422097420656334
-1,-0.04291566524189317
-1,0.0665814076488798
-1,0.034547968589348305
-1,-0.033071217980741384
1,1.9056626532842578
-1,-0.015459640426566446
1,2.0210595060303493
3,1.9353940220070485
0,-0.014202732499308788
1,-0.033123328701603255
1,0.005101364232484794
2,0.0253619804290171
-1,-0.008799066985112253
1,1.0
-1,0.01006918563640693
1,1.9458220301200242
-1,0.00015524884181923092
2,-0.03480284479372131
1,1.0
2,0.0013210849120716215
2,-0.1259392625276825
1,1.0
2,0.02707843885989112
-1,0.07427760416105962
2,-0.07349942673784096
2,0.06078909575009241
-1,0.00774941298009015
1,1.0
1,1.0
4,1.9915013295897201
0,-0.06101344497548155
-1,-0.022189823277386597
1,0.0275448693770951
-2,-0.0002228215195130248
-2,-0.047773530270261724
-1,0.0041884579096739824
2,0.05749975220527511
1,-0.06207711056091008
0,0.004346653214440791
1,-0.03362176130407122
1,0.019439218089416968
2,0.011956334273681818
1,1.0
0,-0.010138588395433747
3,1.9433287120135752
-2,0.06428215474774504
-1,0.005097405738493332
2,0.04886140256804079
2,-8.346082155448229e-05
-2,0.01593148495081756
1,0.46818016399687856
0,0.5324975497419474
2,-0.018555336136686564
1,0.059481568844382195
1,2.0243701030375205
0,0.006608513776858783
1,1.0
0,-0.01711422056076077
1,0.45685653401867116
-1,0.015149013117386909
0,0.5970340029924737
1,-0.03423389264821785
1,1.0
2,-0.14869966415066774
1,1.0
-2,-0.0003520720718080782
1,1.0
2,2.014403274880434
0,1.8980845163074136
1,0.051476778417132385
-1,-0.10274619789536338
3,2.194127601836445
-1,-0.02893701708292221
4,1.9392180577769937
-2,-0.10274619789536338
-1,-0.022697686266879222
2,1.9158364722915702
-1,-0.05657003215042645
1,-0.0010885527220404337
2,0.0020135226651092704
3,1.9686474126959146
-1,0.021319018287605816
0,0.530195023788539
1,1.0
1,1.0
1,0.4167829313117564
1,1.0
0,0.035386791254870584
-2,0.0021983606059816363
1,0.06368412490164455
0,2.0593079082858896
1,1.0
-2,-0.03179262729632508
1,0.05991273220487727
1,1.9690794898729818
0,-0.009753425643601014
3,1.9459082492278446
1,1.0
-1,-0.01891627396293908
2,-0.029508442771428545
2,-0.1621492149886022
2,2.0295524939554155
-1,-0.043879418944281386
1,1.0
0,0.0010320572004955447
2,2.019507443997588
0,-0.03752057429029634
4,2.0058611374558795
2,-0.011659477821545132
0,-0.01349665519129246
0,1.9583309512762883
-2,-0.008616902864181451
4,2.0734449773684984
1,0.49335363463166365
1,0.004497117933398857
2,0.0357642605601322
4,2.0295524939554155
2,0.0197930903024441
-2,-0.025277234756910124
2,2.0436996028847174
1,1.0
1,1.8643961991339837
0,1.9910924547613162
1,1.9161162170928556
1,-0.0033628453509074513
1,-0.02051918675579132
2,2.150765157067612
1,0.4739035009967612
0,0.0019977222038350248
1,0.4715013468677608
-1,-0.008439474456378883
1,2.024554962602237
1,1.0
1,1.9404341347341545
1,1.0
1,1.9608650982197364
1,-0.08121049259367107
1,1.953564169660976
0,-0.012004231635563318
0,1.8412640677059238
-1,-0.07753024955951597
1,-0.0036545801440507554
3,2.0422102143307814
-1,-0.046211377110375665
1,0.12058956050125857
1,-0.014638767704459398
2,0.013103791544030581
1,-0.02603921756961445
1,0.026701752108281164
1,0.022796763685736927
1,1.0
1,-0.2351839631557605
-2,-0.010578754763371832
2,-0.009171853191056255
2,0.05049787625657109
-2,-0.018636015653125736
-1,0.024635730928282397
-1,-0.017362305967670792
3,1.9583878999143454
-2,0.006662838533051893
0,2.0090114060005746
1,1.94627598843387
-2,-0.052649956621026554
-2,0.09772320109230392
2,0.009277457964428984
0,-0.02488839986541915
1,0.04666919353507788
0,0.018670790408401264
1,-0.0034698179149716636
-1,-0.014273781493489355
1,1.0
-2,-0.022284663895363866
1,-8.346082155448229e-05
3,2.001401395666841
0,0.045269359043753114
1,-0.033160551821384866
-2,-0.0034698179149716636
1,-0.011771967447812486
4,2.0189255411398093
-1,-0.06360618573006023
2,2.071428991539634
1,1.0
0,2.027533840794196
-1,-0.019837613563863123
1,1.0
2,2.0812127875625435
3,2.076007203254359
-1,-0.056194854945276734
2,-0.0023143492477900396
0,0.009630685120877159
3,2.0420400839980353
3,2.1225239528914996
1,0.004897352567266171
1,0.3411247289444254
1,1.0
1,1.0
-1,-0.06259374903152785
4,2.177578069838992
2,2.032636978928826
-1,0.15191529440210455
1,1.0
0,0.44544360944421507
0,0.4761840714264952
1,0.15519203739184945
1,-0.023382030116898926
1,-0.07460683849516564
0,-0.012150962360843448
4,2.018483715727144
2,0.028140718181294683
1,1.0
1,1.0
-1,-0.07000002692818647
1,1.0
2,-0.002575515920724142
0,-0.04711348545910319
4,1.9983631897778193
1,-0.025948353072132918
-2,-0.04508036067564106
0,-0.027676434451141853
1,0.43282834621781513
0,-0.02650903340861602
0,-0.049679819014231644
0,2.079328676190446
0,-0.0014779122891491097
0,0.4583695280122122
1,0.011137102675063031
1,-0.06984083944977665
-2,-0.08057993663959621
-1,0.029256691906444813
3,2.1037867562243435
-1,0.01947885514374408
2,2.1483262175869045
1,-0.06101344497548155
1,1.0
2,2.308165114866947
1,2.084035580936692
1,1.0
0,-0.024618838605772554
2,-0.009414635857412139
-2,-0.021022251908217476
2,-0.032263842992253905
1,-0.03240786653396527
-1,0.0038590535055777957
1,1.0
2,-0.006841858720144724
0,-0.03984622786622337
1,0.0007837822248061482
1,0.04946642498947597
1,-0.00028212949129002206
1,1.0
2,-0.0013066313495663459
0,0.44579490647237036
1,1.0
2,-0.04552268398489986
0,0.004089280545480498
0,0.002548931168069406
-2,-0.02002999406777025
1,1.0
-2,0.05061577134348821
-2,0.002301328049778427
0,0.37909418167890857
4,2.1593295330099163
2,1.9730966485711914
-2,0.0795105600940145
-2,-0.00437155768712852
-1,0.2029635248158461
2,-0.001177893720921398
0,-0.007958128288298245
2,-0.046211377110375665
-1,0.00898265504394392
2,0.019280133791493646
2,0.0008272756872416498
-2,0.005864212575913384
4,2.007785554443484
1,0.01837098790384313
1,1.0
-2,0.010026590558075997
2,1.9709259203272973
2,0.007219462872973532
-1,0.13043892758704134
3,2.024514245542279
1,1.0
1,1.9786270067827574
0,0.0638668878305194
1,-0.011878429735480504
0,1.9614354517810144
3,1.8512143956988023
0,0.49146057905516827
1,-0.032222499168646966
2,-0.02384813984265907
-1,-0.0031754411085496478
2,-0.05705518936110303
1,1.9933378755850375
1,1.0
1,-0.009556012314237477
1,1.0
1,1.0
1,1.0
2,0.0060484570211779545
0,0.0011526402408111452
-1,-0.0024291109977293067
1,0.6417644877866842
0,0.4747715187632331
1,1.0
0,1.9759009241420924
-2,0.001662901944050385
0,0.015149013117386909
-2,-0.024645505370022164
1,-0.04598759669601807
2,-0.006585826032229226
0,0.03939585779039004
0,-0.02976296787397564
1,0.016085211898659173
2,0.04490856203932983
1,1.0
-2,-0.027005313165017805
1,2.03285150733562
1,1.0
1,1.0
-2,0.013951243398534851
2,-0.024467111028670895
-1,-0.011995275087392947
1,1.0
-1,-0.025681530664353584
1,0.46003482496013776
-1,0.0021983606059816363
3,1.9662854971047177
0,2.0225851264233494
1,1.0
0,-0.02440807868138717
0,0.007487267293918226
-1,-0.0062943780519357055
-1,-0.03032875082722958
0,2.0378246938219213
1,0.014138793269743894
3,1.9386781484494713
1,1.0
-2,-0.326986485595764
1,1.0
-1,-0.034915416744391366
4,1.6080116551193446
-1,0.006900341378776913
2,-0.0095280499596867
1,0.0357642605601322
1,1.0
-2,0.06428215474774504
3,2.0524194823073274
1,-0.03498913819349523
2,-0.009171853191056255
2,-0.035852835506456265
-2,0.018206459509790003
2,0.003719741476688899
-1,-0.006585826032229226
1,0.008165344044651503
1,0.3956801634897352
1,1.0
2,-0.03699947023281027
2,-0.10547066477313521
-2,-0.011761856612477384
1,0.029256691906444813
1,1.0
2,2.1472810111652123
1,1.0
0,1.964958829848253
4,2.0581543023982225
-1,0.0671934455220876
-1,-0.016999234459157728
2,-0.01182798362829339
-2,-0.025225422814195465
1,1.9456452531484758
-2,0.14624635297417243
1,-0.03705057983821099
2,-0.0076313907759917934
1,0.023871070225750825
4,1.8115814713074831
0,1.9006322527697663
-2,0.008165344044651503
1,0.007126171616321151
2,-0.013312008107402771
0,0.39103975284390613
4,2.047472383059789
-1,-0.018555336136686564
3,2.0123715794410866
1,-0.036262378711118474
0,0.005874994553149258
-2,0.01394986178178318
1,-0.028968451738495
0,-0.006310740553089583
0,0.19111886173514608
1,0.018280096550814744
0,0.006905102122267016
1,1.995843519133524
2,-0.033123328701603255
2,0.013581529300138319
1,1.0
2,-0.012219510757913965
0,0.6551968215127008
2,1.9639970054924345
-2,0.0004516252309004658
-1,-0.05479501278289863
1,1.0
-1,0.0014802650279894993
-2,0.014138793269743894
4,1.9807668548206336
-1,-0.003267509122781168
1,1.0
4,2.126505122533026
1,0.029937787975354953
2,-0.024618838605772554
0,0.0910119498449191
1,-0.06763958611316877
3,1.9761648299367882
3,2.0090114060005746
1,1.0
-2,0.005374091863869716
2,-0.08670846961754783
-1,-0.03279929966558866
1,2.0218397936752557
1,1.0
3,1.986275949463155
0,0.002706954723205855
1,0.008502874206302158
1,0.4838649063464135
1,0.03485443948819095
0,-0.04585297890582118
-2,0.0010737938336243507
1,-0.012206389024798434
1,-0.03423389264821785
2,-0.012136941411849598
2,2.0073318853578535
1,0.04027537353832296
-1,0.0019569859717643422
1,1.0
2,0.005864212575913384
3,1.999765753239833
-2,-0.025277234756910124
2,-0.05461398371405976
-2,0.06036393165682395
1,0.029351672258857073
1,-0.0504661695636632
0,-0.011512747503237268
1,1.0
1,0.09772320109230392
1,-0.009841641632335845
3,1.8860418565016548
0,-0.03823241118901757
1,0.03154636718905163
0,0.43358829042710245
1,1.0
0,-0.03498598400556818
1,-0.022386989372264417
1,-0.024618838605772554
1,1.0
1,1.0
1,1.0
-1,-0.008948733636069118
1,0.014750424645507638
2,0.036183756231127476
2,-0.0033628453509074513
0,0.019896497992262282
2,0.045057856521180197
1,1.9942544218270573
1,-0.06394129904427204
1,1.0
2,1.9225540281016618
-2,-0.03498913819349523
2,1.7271830882559482
1,1.0
0,0.4828484391326924
1,0.05981954790160427
0,-0.012219510757913965
1,1.0
2,-0.017410903505248244
0,0.4801583617003668
0,-0.011995275087392947
0,1.9728225550410874
1,0.4903537500006295
1,2.126572935991536
-1,0.03158864631000616
-2,-0.03696182487434768
-1,0.1996834090119355
-2,0.059481568844382195
1,1.0
1,1.0
2,0.0005651303773085728
4,1.8307176350043821
-1,-0.023382030116898926
-2,-0.01527281749864842
1,0.022651000800327347
0,-0.1642096791405763
2,-0.06425620525556439
1,-0.005377089533122863
-2,0.06368412490164455
1,1.9553971568587114
-2,-0.010845009412345034
1,1.0
-1,0.023871070225750825
0,0.481900093518202
1,1.0
0,-0.03667358242237266
1,2.025428474013746
4,2.274164891021204
-2,-0.022640874296938632
-1,0.0002815284900660159
1,1.0
-1,0.018459766097333328
-2,0.020734325335144
0,0.5025936660018974
1,1.0
1,-0.04448112551981939
3,1.9768223542834422
2,0.03591157939579531
3,1.9546028255915895
0,0.012877630921685139
-2,-0.03667358242237266
0,0.008498041111698147
0,0.008492301110285058
1,0.01148450808673597
-1,-0.014339082822981184
1,1.0
1,1.0
-1,-0.02742331269436147
4,2.016608871670284
0,0.0031551235603534704
-2,-0.009728283339750765
0,-0.02302836822926296
1,-0.012458668050356505
-2,-0.04224529747557204
2,0.01583555884467281
2,0.0545165262909211
1,2.014362740094289
1,-0.032222499168646966
-2,0.019280133791493646
-1,-0.009394353698709867
2,-0.008498930612090767
-1,0.018686145865803062
1,1.0
-1,-0.00991726538700506
2,-0.034551364034456876
2,2.054208229971145
0,-0.04845623868757282
3,1.975176804887056
-2,0.00041561294087357826
1,-0.0038621347654635304
1,1.0
2,-0.0005215952961590345
0,-0.02002999406777025
1,1.0
-2,0.010160048378976777
1,2.2214240127472293
1,1.0
1,1.0
2,0.018017511146617673
1,0.014138793269743894
1,-0.05461398371405976
1,1.0
-2,-0.008817294698434175
0,-0.04526874911393888
-2,-0.020647744259739986
2,1.9896233688315368
2,-0.016999234459157728
-1,-0.06207711056091008
0,0.5143844242745004
1,1.0
0,-0.032222499168646966
-2,-0.009314781101609118
-2,-0.00471814292379938
1,1.0
1,1.0
2,-0.04711348545910319
0,-0.04389487180554506
0,-0.0012650125616840758
2,-0.02850095779469938
-1,-0.12771283935760314
1,0.40085783191919755
-1,-0.007710276175914046
0,1.7638752587199562
2,0.014899229464044116
2,0.019709974468549368
1,1.0
1,-0.0843783862913632
1,-0.012331648137934524
1,1.0
1,-0.003651020686343291
2,1.9989097462672654
0,-0.01215767255619457
1,1.0
1,2.0005055733894985
1,1.0
4,2.0130768320316905
0,2.0739828560132216
1,1.0
1,1.0
0,0.46374863186772236
1,0.5217942842663359
0,-0.09701019830439638
-2,0.003309226426811961
2,2.062113623755961
0,0.019296324315372572
0,2.0260034567895646
1,1.9906891173926902
2,-0.013607049515743985
0,0.0043858328222811495
1,-0.02302836822926296
0,0.049859377753894395
1,2.0243977684091274
1,1.0
-2,0.010559820705179641
2,-0.02302836822926296
0,-0.006302488074174365
2,0.0038208898707391757
3,1.9031042585712954
4,1.9975411040819189
-2,-0.025493409885991872
0,0.018280096550814744
-2,0.008802536068190005
0,-0.012094663642206413
1,-0.03364126641097143
-2,-0.03271438283995666
-2,-0.0007124005613967758
2,2.1316474893325457
-2,0.008492301110285058
1,0.013574990626149402
0,-0.039184340159931136
-2,0.0031404859971796923
-1,-0.002337620078631823
3,2.0246255948093603
2,0.08751850889641104
0,2.0146604170471494
1,1.0
1,1.0
-1,-0.011198886838780777
-1,0.010964962704070644
-2,-0.0297134733495468
0,0.04873167555152096
-2,-0.0416292792535614
2,0.013269927069231573
1,-0.008840771803313878
2,1.7889290303170957
1,1.0
0,0.01006918563640693
0,0.11906937497910225
1,1.0
-2,0.029106857896225923
1,1.0
-1,0.0019977222038350248
1,1.0
2,0.004497117933398857
1,-0.03002010445630245
2,1.9618358667732982
0,1.9975411040819189
0,-0.010765455774177255
0,-0.06259374903152785
-1,-0.0276617496156616
0,-0.031417888947515536
2,2.0997188544430676
2,1.9443563715926944
1,0.06078909575009241
0,0.4346781482748291
3,2.1776508197743984
1,1.0
-1,-0.009183398002569542
-1,-0.06468234396928853
-1,0.011434535470566196
1,1.0
1,2.0158637072737924
-1,0.08055650381832208
1,0.029572785206529936
3,2.051605659476907
-2,0.013341703966789076
1,0.0017790805173349834
1,1.0
1,0.6276036768000042
1,1.0
1,0.00010466437261963807
-2,-0.14903915336754733
1,1.0
2,-0.028585965320400385
2,0.09335031572069376
1,0.0012501148881276006
1,1.0
4,2.136702239656743
2,-0.00043361328670983275
1,1.0
1,1.0
0,2.0256221062384174
2,-0.04046104453474876
-2,-0.07469738184928693
-1,-0.005508621020536452
-2,0.055371280659484136
-1,0.013341703966789076
-2,-0.015422097420656334
0,-0.03229714906724884
-1,0.036183756231127476
3,2.002811486243357
-1,0.011434535470566196
1,1.0
0,2.0228763380234174
2,0.08271784559759485
0,1.990409549002839
2,-0.0010425707000761375
1,2.086779095463003
1,1.0
1,1.0
1,-0.0034027593510020824
2,2.033954838373757
-1,-5.009143981659893e-05
2,2.150030560268783
1,0.03084866845250242
1,0.0037262491774852093
1,1.0
0,-0.12417302384250878
0,-0.08630647474797272
-2,0.007786807087014076
1,0.41241512179804213
-1,-0.09609732162057545
-2,0.12744630973508145
-1,0.0008776042457636807
0,-0.009728283339750765
-1,0.026457058685606372
1,1.0
1,0.06428215474774504
0,1.9169228912826117
-1,-0.013937184288562889
0,0.47740040422350377
-2,-0.014003771229430317
-2,-0.07959806229778382
-2,-0.04947706097230134
0,0.45339884845481704
1,1.949533043916452
0,0.00610602206632922
-2,-0.052649956621026554
1,1.9433657421040453
4,1.9685656992474043
3,1.9474916435000467
2,-0.02095915169591603
1,0.45883633931984263
0,-0.009314781101609118
1,0.5340276032252176
0,-0.04711348545910319
2,2.0738360206533746
-1,-0.014193260084194505
-2,-0.026531816863738632
1,1.0
2,-0.06243750738307458
1,-0.004430739596422222
0,0.02874649703973126
-2,-0.07155084629903813
0,-0.004869545796451342
4,1.9647080508196455
1,1.0
-2,-0.0036274000967628293
-2,-0.026413637866106402
0,-0.010991573196438278
-1,-0.024161521999413287
0,1.9750520201794521
-1,-0.010357376332145835
2,-0.0034698179149716636
1,1.9517871316945117
-2,-0.05252805702850751
1,1.0
2,0.0011526402408111452
1,1.0
0,0.026457058685606372
2,-0.020760692637579584
0,0.0140371573951618
1,1.9718714665589
1,1.0
1,1.0
-2,0.004878486362238688
0,-0.06838451097673595
1,0.01211540320772702
0,2.0065443461174004
2,-0.04711348545910319
-1,0.020374879038410044
1,1.0
2,-0.028073971240985148
-1,0.0357642605601322
0,0.006921226879439489
1,1.9614354517810144
1,0.014748475012093245
-2,-0.0020755692425638763
1,1.0
1,-0.014162312734842218
1,0.520007739671972
0,-0.0227120732600957
-2,0.0008681559861151432
-2,-0.016387015855143027
3,1.9396769921157624
0,-0.03316804963051305
2,1.9246705076751214
1,0.4524826920060469
-1,-0.004124086523147993
1,1.0
1,1.0
3,2.0839902711976905
2,1.9365878011779503
-2,-0.029508442771428545
1,0.0671934455220876
-1,-0.0076313907759917934
2,-0.11264053448104595
1,1.0
1,-0.0010425707000761375
-1,0.01849311941028551
2,0.04052310535699832
1,1.0
0,1.985999106071124
0,0.007600202840814706
1,1.0
-1,0.06885001247877981
-1,0.026122964652551484
1,1.0
2,1.9320940562423687
-2,-0.0072528990268326465
2,-0.01074684178914153
-2,-0.010920671400798408
3,1.972432334807742
2,-0.15908833873554512
1,-0.011198886838780777
2,0.02403329968789764
1,-0.010991573196438278
-2,0.0014802650279894993
1,2.168676353071602
2,-0.002575515920724142
-1,-0.03227981548228474
1,1.0
-2,-0.0007431084759306458
-2,0.022325625014917656
1,1.9788012694520052
1,2.0147265713620706
1,1.92682055518171
1,-0.006401638939690879
1,1.0
1,0.018358125386882182
0,1.94658445210834
0,2.0256221062384174
4,1.9630468729447594
-1,0.02403329968789764
0,-0.04117521534498004
1,0.021931957459513395
1,1.0
2,-0.10184752175671606
4,1.9992923877186835
1,-0.07460683849516564
0,-0.08057993663959621
-1,0.02997846512226527
4,1.9863179013537442
1,-0.0048409073335294525
-2,0.0213381524124326
1,1.0
-1,0.008273920101006953
-2,0.0275448693770951
2,1.9331747628095892
0,-0.00021374949986360965
-1,-0.0299232123765241
-2,0.06368412490164455
1,-0.0009194372634221831
1,0.6567023837343433
2,-0.046284943032232226
0,0.02403329968789764
1,1.0
3,2.240152417411616
0,-0.0009194372634221831
-2,0.011434535470566196
2,0.0638668878305194
1,1.0
2,0.0028053059939205506
2,2.048240269359298
0,0.10097228193052643
1,1.0
-1,-0.005650020144078377
1,1.0
-2,0.05014750035886583
1,1.0
0,-0.0076313907759917934
1,-0.005806610628349878
-1,-0.05247729521108794
1,0.013574990626149402
2,-0.016410157117746408
0,0.001805903822880136
2,0.04022895997061991
1,0.10977972051096009
1,1.0
0,0.05315198456725844
1,1.0
1,1.0
0,0.01357474656922609
1,0.05525163075642643
1,1.0
2,-0.032258849435526635
2,-0.021591776225930545
0,-0.017001413933008476
1,0.0038590535055777957
1,0.01394986178178318
0,0.01633443489012747
4,1.8866641970998097
1,0.4278225641891689
1,1.0
1,1.0
1,1.0
-1,0.042836072401722006
-1,0.02922259884328547
-2,0.006510887113619382
2,-0.049679819014231644
1,1.0
1,1.0
0,0.026122964652551484
1,1.0
-1,0.019208137373792046
1,0.08378259131458188
1,1.0
0,0.014138793269743894
1,1.0
1,2.0185837314030617
0,1.9249533728463684
1,-0.020760692637579584
1,1.0
-1,0.009327013621887793
1,1.0
0,0.004240998261076279
1,1.0
1,1.0
0,0.5065537968799293
1,1.0
2,-0.024707342665631155
1,-0.0034027593510020824
2,0.008499173121693517
-2,-0.05113097172685181
-1,-0.026908654945467528
3,2.087367105337452
-2,-0.016316792243372034
1,0.00578215129385085
2,-0.014273781493489355
0,-0.013607049515743985
1,0.47324262990666915
-2,-0.14794040784456525
3,2.0042969313334575
1,1.0
1,1.0
2,-0.0046331549773185885
1,1.0
-1,-0.033160551821384866
-1,-0.04898418939384484
2,-0.01401621494162288
0,-0.03610954024392177
2,1.740917780007141
1,1.9348184056931077
0,0.008492301110285058
1,1.0
2,-0.008503465184333469
2,-0.052649956621026554
0,1.9761648299367882
-2,0.012989744152451728
1,1.0
-2,-0.03193935813161952
1,0.4639624941352134
1,2.136245749280165
0,0.40336121836405875
0,-0.020760692637579584
0,-0.009648009772256116
0,-0.029584100907689804
2,-0.013607049515743985
1,-0.0093064789331992
1,1.0
1,0.06010919251255724
-1,0.01930307988975089
0,0.02971282439246955
-1,-0.03600654410229554
1,2.000525376713746
4,1.9345367876615955
1,1.0
-1,-0.01386313519086686
0,1.9906891173926902
2,0.0671934455220876
-2,-0.035852835506456265
1,-0.16800439138233444
0,0.03485443948819095
2,0.03559122958792938
0,2.00016229920186
2,-0.016410157117746408
1,1.0
0,-0.022386989372264417
0,0.42459263948796516
1,1.0
0,0.43353447425964803
0,0.5118581646730118
1,1.0
1,1.0
0,0.0034366557935962615
1,1.0
2,-0.06493431458118115
1,-0.046377318961593535
1,0.04799182766551463
1,-0.01275059544624697
0,0.09955902882809538
1,1.0
0,-0.08972225432644353
1,1.0
1,1.0
1,-0.022188438392951357
1,1.0
2,-0.0049212976900669244
0,1.9251634808135412
-2,0.002236094674775907
1,0.536024241706083
0,0.17594907444688787
0,-0.01349665519129246
-2,0.01002846067125013
-2,0.006900341378776913
0,2.05597172084015
1,0.02019694239647577
-2,0.025953928560531733
0,0.01953947385806806
2,1.9471935676797787
2,0.09955902882809538
0,0.034800468321851644
-2,0.029256691906444813
3,2.0246255948093603
-2,-0.016128430008649296
2,0.02880165329441786
1,0.011297560188920051
0,0.4877329297779807
-1,-0.04724473214143663
0,0.46249720362859065
1,0.4421741008357729
0,0.4820051218712695
1,0.44697394305793786
1,-0.007710276175914046
-2,-0.02095915169591603
-1,0.022411691665592363
2,-0.02095915169591603
-1,-0.03586222054982616
1,0.002730671447946033
0,1.9460227732442623
-1,-0.03586222054982616
1,-0.03179262729632508
2,-0.05537174064223685
1,1.0
2,-0.03232952402510007
1,0.02765284771756462
1,0.5129715805820667
0,0.6035389171940594
-1,0.028553112084152402
1,0.0010737938336243507
1,0.49546844074046503
1,1.0
2,-0.001663632529375368
2,1.9923103400573867
1,0.4761840714264952
1,-0.03235635241380048
2,0.005229199118006764
1,0.4836686565606476
2,0.014748475012093245
1,1.0
2,-0.003267509122781168
-1,0.004373695199208652
-2,0.00898265504394392
1,-0.05762890917866624
1,1.0
1,1.0
2,0.11271122176866744
-1,-0.022716430774678272
0,-0.04835376487558127
-1,0.06385461566940252
0,-0.008366559747196502
0,-0.02383797759189973
-2,0.0054900391863058565
0,0.6060830138005876
-2,-0.0850316724462211
1,1.0
-1,-0.008152200331596802
1,1.0
0,0.41597802188953653
-1,-0.05113097172685181
1,0.046389849719616974
1,1.0
2,-0.006724511211290926
1,1.0
3,1.9569829235338443
0,-0.004605542375346453
3,2.01103907539524
1,0.05625815094969115
1,1.0
-1,0.009195327946554626
1,1.0
2,-0.13344724771877875
1,1.0
-1,0.028005755642880076
3,1.9464100698631264
0,-0.031078057153382785
1,1.0
0,1.9720931076397432
1,-0.01636032379420288
-2,-0.03600654410229554
2,0.00010466437261963807
0,-0.052649956621026554
2,2.0206354871365857
1,0.5753774781341008
-2,0.03216375229968028
-1,0.019896497992262282
1,1.0
0,0.4372495835832933
2,2.0134825813613677
1,-0.010708048144535395
2,-0.0044351438888664205
-1,-0.012136941411849598
-2,-0.01191311102649187
-2,0.014155079096181848
4,2.1028570259437394
1,1.0
0,-0.02692557951163686
2,1.896300172448214
-2,-0.008588778579324855
0,0.018206459509790003
2,-0.03761514204485164
0,-0.01074684178914153
1,1.0
0,0.022651000800327347
0,0.08902829534456796
-1,-0.02730693238029448
1,1.0
-2,0.019520198950169848
0,-0.07778068186737463
2,-0.006293344214284754
1,1.0
1,1.9444469348101092
0,2.0152076883788563
-2,0.05679797188805605
0,-0.02002999406777025
1,1.0
1,0.09893456461016874
0,0.45037523121124345
0,-0.025773072694211266
0,0.4469998055600459
-2,-0.007658900958998582
1,1.9845730140531554
2,-0.04013566296445295
2,0.022325625014917656
0,0.07045512012411101
1,0.00898265504394392
1,-0.06244676107954048
1,0.5665377613271029
-1,0.01877255612602689
2,-0.006086796009955896
-1,-0.0276617496156616
1,0.018670790408401264
-1,-0.03271438283995666
-1,-0.01672777356735593
1,1.0
2,1.9563009482094116
1,1.0
1,1.0
-2,0.006900341378776913
0,0.013536921755086823
2,-0.020539282087093155
-1,-0.0330984931364574
2,-0.04073903038085353
1,0.37672132178756307
1,1.0
2,0.1661229928819238
1,1.0
0,0.48483691935462525
2,2.1379651134608224
2,0.00937138075427855
0,-0.022629038072107043
1,0.030120910839145254
3,1.883329431624069
0,-0.013198678346857014
2,-0.02806131329072289
1,1.0
1,1.0
-2,-0.016447969511119407
1,0.4318494190810497
-2,-0.022621821291678845
1,1.0
2,0.02465870619109009
2,-0.015422097420656334
1,0.0047260169034829625
1,1.0
2,0.02919148495865214
2,1.9862627068885113
2,1.9950114519671829
-2,0.16801318189489442
0,-0.014638767704459398
1,0.6712678452735308
-1,-0.006414579125856365
2,-0.03153142300164084
2,2.0246255948093603
1,-0.012205830518850744
-1,0.03985064251438348
-1,-0.009394353698709867
-2,-0.07823948113205138
2,1.9527414625382848
1,-0.004406078993046727
2,0.019296324315372572
3,2.098903959198103
0,-0.011699253561176168
-2,-0.00966275306170573
2,-0.010246164739293063
1,1.0
-1,-0.009556012314237477
-1,-0.023796511017207634
-1,-0.0044351438888664205
1,0.41246508900845263
1,1.0
0,0.49736666555384185
1,0.0140371573951618
1,1.0
-1,-0.034551364034456876
1,1.0
0,0.008502874206302158
-2,-0.00428713818369654
-1,-0.0044351438888664205
-2,-0.016979593373837705
2,-0.0009194372634221831
-1,0.019636489110514046
1,1.0
1,1.0
1,1.0
4,1.9942955038197334
0,2.0295524939554155
-2,0.008505585176938698
0,-0.06360618573006023
-1,0.0037262491774852093
1,2.076007203254359
0,-0.0044351438888664205
1,1.0
2,-0.02777497321573855
2,-0.069119501976685
-2,0.03572748112589244
1,-0.007290251424747775
2,-0.15525768663149975
4,2.075330170466141
4,1.6766199914587465
-1,-0.046377318961593535
2,0.007487267293918226
4,2.0372009117694603
2,-0.11608776401101834
1,1.0
3,2.0265684267620325
-2,0.02575409518002763
1,0.04873741822630937
2,0.005864212575913384
1,2.0464098797721264
0,0.018834208114401813
0,-0.06395064090276902
-1,-0.02488839986541915
1,-0.006641396467836263
0,0.0054900391863058565
-1,-0.05479501278289863
-2,0.03154636718905163
2,-0.024618838605772554
0,1.9559296574330909
1,1.0
-2,-0.0247315767706132
1,1.0
4,1.9322078619066392
2,1.9008476785851611
3,2.024514245542279
1,-0.040668637782253846
0,0.010248897391163206
-2,0.014899229464044116
3,1.914501537553503
-1,-0.01096195089120319
2,-0.005441554695765777
-1,0.01387494643826332
-1,0.002236094674775907
-1,0.030837751290910195
-2,-0.050652347817721634
3,1.8699191371174169
3,2.0666334169512637
1,0.020734325335144
1,1.0
-2,0.0289274735405856
1,-0.03618982821852601
-1,-0.034868704401211835
1,0.07510256507685056
-2,-0.051178929662667426
0,0.008544046896117177
-1,-0.020236409335289064
2,-0.005481079141901622
0,0.4837983296408082
1,0.006715435875652991
1,2.1502439679476466
0,2.0593079082858896
0,-0.009314781101609118
0,-0.03137704327314171
1,1.0
1,1.0
2,0.016675259836029157
4,1.949533043916452
1,-0.046284943032232226
1,1.0
-2,-0.033123328701603255
0,0.002236094674775907
2,0.005284751940043231
-1,-0.02932985584790643
3,1.9686474126959146
0,-0.022935603163038273
3,2.239255495555101
1,0.03700041741618036
4,1.9426196782950695
1,1.9606279021164374
2,2.0087477202393225
-2,-0.02330192802045474
-1,-0.005806610628349878
0,1.9609896860901166
-1,-0.0013066313495663459
0,2.085849190933318
1,1.0
2,0.005374091863869716
1,0.008502874206302158
2,-0.016316792243372034
1,-0.02289664120750759
1,1.0
1,0.46415152838058377
2,-0.028076560288962184
0,1.917129082710942
1,1.0
0,-0.062040421763930126
-1,-0.02574300962046591
-1,-0.034915416744391366
1,1.0
-2,-0.014273781493489355
1,0.042836072401722006
1,-0.0059980951198192614
2,-0.003267509122781168
1,1.9460227732442623
-1,-0.0013204672074496498
3,1.9820800172626836
2,0.06428215474774504
2,2.0378246938219213
0,-0.0012650125616840758
1,1.0
3,1.930617255618242
4,2.117991947654771
1,1.0
0,-0.02480167824669537
1,-0.011343640001197858
1,1.0
1,1.0
0,-0.08271702404613893
4,2.017928040171219
-1,0.04219552080807608
1,0.5142689093511317
-2,-0.012927381560026287
-2,-0.032766764027519456
2,1.9720931076397432
-2,-0.07845173934122432
-2,0.001437689679167306
-2,-0.020495755375852166
1,1.0
1,1.9097595092145079
0,0.14472341630877625
0,-0.011198886838780777
1,1.9519493626891102
1,1.0
-2,0.007971604914132732
1,1.0
0,0.5058614164184602
1,1.0
1,1.0
4,2.0191153853221944
-2,-0.044038886210714924
1,0.4011467528620273
-2,0.0038872609633530037
-1,-0.03846260554585159
1,-0.033160551821384866
0,-0.020605211175103368
0,1.9361254838846833
1,2.03804316341705
0,0.018206459509790003
1,1.0
0,2.0019587049395597
1,1.0
-2,-0.00028212949129002206
0,0.015324417876791866
1,-0.06243750738307458
-1,-0.03179262729632508
2,-0.006988995949327833
-2,-0.02488839986541915
1,1.0
4,1.8859356536064293
0,-0.004124086523147993
-1,0.039557002278117
0,1.9583878999143454
0,1.981945595966125
2,-0.02297632509754894
2,1.9763604845279366
-1,-0.036877105021861666
0,0.0289274735405856
2,2.00554728572699
3,2.140149503995249
1,1.0
-1,-0.039973223314685266
2,0.007625815458044983
1,1.0
1,0.0022695324566115384
-1,0.037539236961444004
1,1.0
0,0.014039559748470067
-1,0.160731341589344
1,1.0
-2,-0.012648378142190473
2,-0.011995275087392947
3,2.0126216690464314
2,2.0395808531978816
1,1.0
1,-0.04211975131503151
-1,0.07496412109869505
0,0.007880364355475707
0,-0.016999234459157728
-2,0.02397310557314019
0,1.9647080508196455
1,-0.10184752175671606
2,-0.02976296787397564
2,1.9696753379584444
3,1.94658445210834
-2,0.032804469232393135
-2,-0.043413650338835236
1,2.0007951224395204
1,-0.008301763981843104
2,1.9202863310995204
-1,-0.024046222886004682
1,0.010064833017550399
-2,-0.04588817875681839
1,1.0
-2,0.030363724444119562
3,2.1456254854924164
-2,-0.03160502376570316
0,-0.007402737894782166
-1,-0.01625847190905952
0,-0.034868704401211835
1,1.0
0,0.46007847214870623
-1,-0.1054615950346348
-1,0.2826792656921822
-1,-0.09511323365132915
1,-0.06583325712089039
1,0.019208137373792046
2,0.01689109762426893
3,2.005395455514535
-2,-0.033160551821384866
-2,0.003050411213763264
0,0.03863292450718098
0,0.48483691935462525
1,1.0
2,2.0051010480110203
1,0.05981954790160427
0,0.5250426420251912
-1,-0.03498913819349523
1,1.0
0,-0.02041435327792553
2,1.9097595092145079
-1,0.02707843885989112
-1,0.03326291964869501
1,0.06078909575009241
3,1.9761648299367882
1,-0.056194854945276734
0,-0.02295071028823433
0,-0.03480284479372131
0,0.04666919353507788
1,-0.024618838605772554
1,-0.004602927262667433
-1,0.019443697732377287
0,-0.07860903902981119
-1,0.03452673918695912
4,1.9892631740289701
1,0.0038621661841662493
-1,-0.02650903340861602
0,0.18209546982622007
0,-0.05288973896971192
-2,0.024197988261430138
1,1.9752345257419457
2,0.04613525545127264
1,-0.005078439712053028
0,-0.0048409073335294525
4,1.9329601210630012
0,0.003908919493088753
2,0.0011526402408111452
2,-0.04711348545910319
-1,-0.02440807868138717
2,0.011218754866551474
0,1.973854667387142
1,-0.0504661695636632
2,2.033872697632641
1,2.1506623726068725
1,1.0
3,2.0085210691808637
-1,0.0614509589615662
-2,-0.04073903038085353
1,1.0
-2,-0.005846354933789023
-2,-0.02836172011787478
1,1.0
-1,0.019333114251221903
0,-0.012950579780722594
0,1.9619580818337747
1,1.0
0,0.0043858328222811495
-1,0.10313061465971701
1,1.0
0,-0.009113190874830625
1,0.5197896361515731
1,1.8455048495583528
-2,-0.008948733636069118
0,-0.009036047656946626
0,0.007126171616321151
2,-0.008498930612090767
0,-0.007514545177191264
1,1.0
2,-0.003284896661018527
3,2.0455265805296903
1,2.0812127875625435
-2,0.0005861925293592919
1,1.0
0,1.9620187676557919
0,0.4307864468443791
0,0.4218130003284728
0,-0.0026657967330850608
1,1.9884842177084172
-2,-0.028585965320400385
0,1.9511766472456278
2,0.02808221237366028
0,-0.0020755692425638763
-2,-0.0220188764951689
0,-0.006310740553089583
2,1.9656902529974887
-1,-0.014273781493489355
2,1.9770687319651052
1,1.9374787987143665
-1,0.0019977222038350248
1,-0.008111214787247552
-2,-0.02197085358294654
-1,-0.035852835506456265
0,0.02575409518002763
3,1.9980255750679958
2,-0.06984083944977665
1,1.0
1,0.017487298920905246
0,2.050073843922884
1,-0.0022867223502146157
1,-0.01789689867145458
-2,0.08722801453908628
0,0.43047574341523076
0,-0.008616902864181451
4,2.0747396392523014
-2,-0.01574735363154379
1,2.0972156179864445
1,1.0
1,1.9462835393138145
4,2.0124105430446777
3,1.9815478187358833
0,2.0275415477715275
0,0.037539236961444004
1,-0.03032875082722958
-2,0.018877560567192146
1,1.949533043916452
1,1.0
-1,-0.3033457257812925
2,0.0013495985169378235
0,-0.022622250035536223
-2,-0.05584910796316214
2,1.9896233688315368
2,1.9741239044989667
-2,-0.011895654318939988
1,-0.04585297890582118
1,1.0
4,2.0058755937907313
0,0.5473604820444337
4,2.0437198688647813
-1,-0.013509681450486503
-2,0.05981954790160427
2,1.9815478187358833
-1,-0.013533955464250553
-1,-0.14903915336754733
1,0.039284742477449515
2,-0.03279929966558866
1,0.011956334273681818
-1,0.003719741476688899
-1,0.01946478666568868
2,-0.020760692637579584
-2,0.03387623127194538
1,1.0
4,1.898457124129346
0,-0.012600453859605478
2,0.010323944714579949
3,1.995399400020623
4,1.8361914894768925
1,1.0
1,-0.03197711386539761
2,0.018206459509790003
-1,0.020374879038410044
-1,-0.023796511017207634
-1,0.03235907374292319
-1,-4.818484869398336e-05
2,-0.04845623868757282
2,0.006921226879439489
-2,-0.021160316619596154
2,0.05991273220487727
2,2.05648067271186
1,1.0
1,-0.0007124005613967758
1,1.0
-2,-0.02002999406777025
0,-0.018543129454594943
1,0.018206459509790003
0,-0.024161521999413287
0,0.004497117933398857
-2,0.03326291964869501
-2,0.3179081012232403
1,1.9801845849930435
1,1.0
2,-0.035852835506456265
4,2.335319888026533
1,1.0
1,1.0
2,1.9990699083823364
1,0.01394986178178318
2,-0.021407612422379863
1,0.1001432802390101
-1,-0.02104750360749319
1,1.0
-2,-0.04821043487095731
1,-0.01952170929724642
1,1.0
0,-0.0036545801440507554
1,1.0
1,0.010323944714579949
-1,0.0054900391863058565
3,1.9532958963157359
0,0.013728907017830996
-2,-0.027606815892178664
-1,0.005284751940043231
1,1.9870432024066362
1,-0.008111214787247552
1,2.0168835254365556
1,1.0
-2,-0.0417848260414908
-1,-0.005776325480372214
2,-0.07815626913861898
0,0.0615029336185998
1,1.931209646210349
2,-0.022676996938964314
1,1.0
-2,0.23393384305980944
4,1.9474258432035902
0,0.5340276032252176
1,0.5051890425029
-2,0.019942351561681514
1,1.0
1,2.003814317338197
1,1.0
-2,0.013384598932718246
-2,-0.04243646540200883
-2,0.02917182723841805
1,-0.0037238774901886536
1,1.0
0,0.4560550401956023
1,-0.020760692637579584
1,1.0
1,0.4589661231386926
0,-0.07823948113205138
1,0.5007409122005293
0,0.4987223525416696
2,-0.024618838605772554
2,1.9933378755850375
1,1.0
1,0.4600830468479726
1,0.4864261087259169
-2,0.059481568844382195
0,-0.05197794036747402
0,-0.01711422056076077
2,-0.028323592408896772
0,-0.0093064789331992
-2,-0.0247315767706132
1,1.0
-2,-0.07845173934122432
1,1.0
2,2.1251311926199223
-2,0.07216016391212605
-2,-0.013457395187899174
1,1.0
1,1.0
1,1.0
1,1.0
0,0.022325625014917656
2,1.9760647084626215
0,1.8951585718551325
1,1.0
1,-0.023796511017207634
2,-0.009922966825953717
-2,-0.02370191018116655
2,-0.02095915169591603
2,-0.0227542962596318
-1,0.00898265504394392
0,-0.012339171194060576
2,0.011956334273681818
2,1.9728225550410874
-1,-0.0024490344543913805
-1,-0.010332757577539287
-2,0.02983915472684969
0,0.0021983606059816363
1,0.46527678588084215
0,2.00529656205974
2,0.022174597901214295
0,2.003814317338197
1,0.4167015910272562
1,0.0012501148881276006
-2,-0.02076709469543274
2,-0.09609732162057545
0,0.5102921341299466
2,0.003719741476688899
-1,0.042836072401722006
-2,-0.030527068148258004
2,-0.024618838605772554
1,0.48048169441892064
2,2.010466190757694
1,1.0
2,-0.005806610628349878
1,1.0
1,1.0
0,0.45624763189060985
1,1.0
1,1.0
-2,-0.012676431717839743
1,1.0
-1,0.06078909575009241
4,2.0545717937584143
1,1.0
-1,-0.0040217840579525425
-1,-0.006086796009955896
-1,0.0038590535055777957
0,0.04077979557050835
-1,0.017863255720686602
4,2.072676961311132
1,2.0422102143307814
1,1.0
1,-0.0029832032557617384
2,-0.013904659563619344
1,-0.03991342795465511
-2,0.0019569859717643422
-1,0.020374879038410044
0,0.47366091476002287
-2,-0.005776325480372214
0,2.0167476523096184
1,0.4388302360129595
-2,-0.02302836822926296
-1,0.04920232449094818
1,1.0
0,-0.13367313181380036
0,0.038359918150396605
1,1.0
0,0.05431337775126774
0,0.006942358113663318
2,0.01357474656922609
3,1.8998209652626101
2,-4.818484869398336e-05
1,-0.22656319029555724
-2,0.0275448693770951
-2,0.013404032633355935
1,0.009943623934073068
0,-0.043042762840831125
0,0.5054365187597096
0,0.010160048378976777
1,2.0283798292801434
1,1.0
0,-0.04724473214143663
4,1.9749714994171672
2,-0.010475527987068113
1,1.9862668199430962
2,-0.011343640001197858
-2,0.007354825112421291
1,1.0
1,1.0
-2,0.020150102826637963
1,1.9247437860544547
-2,-0.013129380375253267
-1,-0.054999616079556383
0,-0.03699704517771382
1,-0.03235635241380048
1,1.0
3,1.9278155003510984
-1,-0.04704154568237677
1,0.48629301292215465
-1,0.021927911582326574
2,-0.02838829623768827
1,0.001695634901261788
1,1.0
3,1.9607741954844438
-1,0.008180066905238294
2,2.0117234171735263
-2,0.013728907017830996
0,-0.016999234459157728
2,0.11206286161346465
-2,-0.11006086988596016
-2,-0.03361716131694555
-1,0.019208137373792046
2,-0.005846354933789023
1,0.018637000499826827
-2,-0.025632139984177713
0,0.018280096550814744
1,0.48509481238763236
1,0.41419934396829966
-1,0.01890808753723661
3,1.9608650982197364
2,-0.020509847748799433
0,-0.010708048144535395
1,0.003908919493088753
2,1.976270003895165
4,2.054208229971145
-2,-0.006514032572443815
2,-0.07823948113205138
1,0.018637000499826827
-2,0.02838089678819612
-1,-0.003510253297678276
1,-0.05999424002580683
1,1.8694364018762426
-1,0.0008272756872416498
0,-0.04168857608065878
0,-0.02763957025511051
1,-0.14592041828741492
1,1.8588244530106253
4,2.054208229971145
1,1.0
0,-0.025493409885991872
1,-0.042230169845382616
2,0.01877255612602689
0,-0.0030459130599469054
2,0.11206286161346465
0,0.020150102826637963
-1,0.013574990626149402
2,0.03572748112589244
1,1.0
2,2.00026977715694
2,0.001970542619036666
0,0.015149013117386909
0,1.9980255750679958
1,1.9843799352857556
1,1.0
3,1.941243854736883
2,-0.02692557951163686
0,0.0038909478638072576
1,1.0
3,1.9277696157548698
1,1.0
1,-0.09609732162057545
0,1.9625634764037847
4,1.9487061639924672
2,-0.030904597226037618
0,0.04359689165289982
0,-0.028585965320400385
-2,-0.03235635241380048
1,1.0
0,-0.02503411379143289
3,1.9884842177084172
1,1.0
1,-0.04619855854302411
4,2.0168835254365556
0,0.022961782102602045
-1,0.0043858328222811495
0,-0.003901380915753627
0,1.854721469032174
1,0.47782651432587836
1,1.0
3,1.9999241504203464
1,1.0
-2,-0.012206389024798434
1,0.018280417805054013
1,-0.0017132500677062303
-2,0.0614509589615662
0,0.4687878302412772
0,-0.07349942673784096
1,1.0
1,1.0
1,1.0
-1,-0.049679819014231644
0,-0.03705057983821099
1,1.0
0,-0.006302488074174365
1,1.0
3,2.1472810111652123
0,0.005875710511017991
1,1.0
2,0.007487267293918226
1,1.0
1,1.0
-2,0.004820690619247831
2,1.8908651927783304
-2,-0.04724473214143663
-1,-0.0187070981017648
1,1.0
0,2.335319888026533
0,1.9733999172561312
-1,-0.009086131652157815
0,2.1463852581672764
4,1.8757308199194909
1,-0.0014779122891491097
-2,0.012262131403270829
0,0.4989860461885509
2,-0.052649956621026554
-2,-0.01215891330828427
1,0.43334890774159035
2,1.9654425902731325
2,-0.015422097420656334
-2,-0.06292628806074702
0,-0.020134467981042486
1,1.0
1,1.0
1,1.0
0,0.005229199118006764
0,0.019333114251221903
-1,-0.04875383630945815
1,-0.04899922365300446
0,0.021406627324746793
-1,0.3180645557184311
0,-0.02104750360749319
1,1.0
2,1.9845021263931961
1,9.62699206121011e-05
3,2.007261818785637
1,0.43085393993528326
2,0.0012501148881276006
-2,-0.005508621020536452
1,0.06078909575009241
2,-0.028073971240985148
0,0.06929977138172645
3,2.015717148343171
1,1.0
1,1.0
0,-0.23034583675734246
2,-0.2327400503223243
2,0.07879736231914308
0,0.1089376119337006
1,1.0
2,1.8946830954668448
-1,0.0007244905495975318
-1,0.06428215474774504
1,0.5016623627077202
2,1.9928265179848454
4,2.3171323226656697
2,0.017487298920905246
1,1.0
0,2.176577076193618
1,0.48531822539246483
1,-0.019614559202481417
1,0.015361877147687329
-2,0.03520197371922305
1,1.0
0,0.4964766648507801
-1,-0.034238976492654595
-1,0.004897352567266171
0,0.4450252825428634
0,1.9583878999143454
-2,-0.05051552308604948
1,0.03452673918695912
0,0.048074974056504384
1,1.0
1,0.02664514693181423
4,1.928563620722499
1,1.0
-2,-0.05113097172685181
-1,-0.020713874673809873
-1,0.030120910839145254
1,0.002841932979518985
1,1.0
4,1.9989684705278947
2,1.9829859866627368
1,-0.08166326202984293
2,-0.0054295465253504345
-1,0.004497117933398857
2,1.969105496623137
1,0.18614759601994435
0,-0.08508574421435956
1,1.946897063796058
2,-0.024161521999413287
2,-0.10884261100780888
-1,-0.04265234476101748
-2,0.005284751940043231
2,-0.03179262729632508
-1,0.014153327100088663
2,0.03520197371922305
0,0.5080430571867862
1,0.48483691935462525
2,2.0172496067286834
1,1.0
1,1.0
-1,0.08445894079220649
-2,-0.007063298916726547
1,-0.037008863102640274
1,1.9170850433622857
2,1.9971162096161998
-2,0.021496898369174584
1,1.0
0,-0.020415669659865843
1,0.022796763685736927
2,1.7825079627209086
2,0.02055726886081581
-2,-0.015013434323042736
3,2.0963992569619037
1,1.0
2,0.0038590535055777957
-2,0.06680307711429571
-1,0.022477278896092624
1,2.006072868103567
2,2.0073318853578535
1,1.0
1,0.03939585779039004
-1,-0.05581369567216097
-2,-0.022622250035536223
3,2.0268020970531166
2,0.011457815959866047
2,-0.09123382641885974
1,1.0
-1,0.008386844852448276
1,-0.07815626913861898
1,1.0
2,-0.019453586440528435
3,2.135515778837277
2,0.002855715420000064
-1,-0.03517537853264872
0,0.0489774180164301
-1,0.04027537353832296
0,0.011956334273681818
1,-0.01732360254626596
2,1.8703531020877342
1,1.0
-1,0.027243693974194353
1,1.9386841041531055
1,1.0
-1,-0.00028212949129002206
2,-0.024161521999413287
0,-0.0034698179149716636
-2,0.030933177584656045
2,-0.024589326396137402
0,0.02232768679562772
-2,0.32240167972927686
2,-0.036262378711118474
0,2.133045255273838
2,0.026661900845452682
-1,0.03387623127194538
0,-0.006365271332127018
1,0.4299348353793053
-1,-0.01118019879972549
0,-0.023200924601304823
1,0.0005439310989375744
1,0.018459766097333328
0,2.0422102143307814
1,1.9632931400883045
0,-0.028076560288962184
-2,-0.0093064789331992
1,1.9778912782240434
1,1.0
1,1.0
1,0.01143636977652258
4,1.5907664015716012
1,1.0
0,0.023502583431468525
4,2.0869315242728246
0,2.0123080675555496
0,1.9352252469160651
3,2.0636012266374095
2,-0.04747376745436147
1,1.0
2,-0.034551364034456876
-1,0.0008681559861151432
2,2.0246255948093603
1,0.03452673918695912
1,-0.06718433159634211
-1,-0.00471814292379938
-1,0.006900341378776913
2,1.8548764116271215
4,1.9938944377660683
1,0.0289274735405856
2,0.02465870619109009
1,1.0
3,1.9306415934156618
0,0.04812875111919453
3,2.019173153259183
-1,-0.025277234756910124
0,0.4854962674259465
1,-0.03480284479372131
1,1.9917293876413018
2,0.0671934455220876
-2,-0.07994520552793899
2,1.9693801740525618
2,-0.01715401938607848
-1,0.05405994003930145
1,1.0
0,1.9494455811800144
2,2.002967414585177
1,1.9806660712674957
2,0.14785495668927484
1,1.0
1,1.0
-2,-0.03179262729632508
-1,-0.04711348545910319
-2,-0.014273781493489355
3,1.9336327623711151
2,0.04490856203932983
-1,-0.006025151283855556
1,1.0
4,1.9647080508196455
1,1.0
-1,-0.02833954916293756
4,2.0100445561949893
1,-0.017396935295632517
1,1.0
0,2.331066342112133
1,0.0213381524124326
1,-0.01984067492278035
0,-0.02574300962046591
-2,-0.07387229493280016
0,0.07121987670897127
0,0.46939910849794875
1,1.9582065289122417
1,0.017916006099633328
1,1.0
-1,0.0011082383905043909
0,1.915146661295854
3,1.8860418565016548
1,1.0
-1,0.023871070225750825
1,-0.10069587421531334
0,1.9583878999143454
-1,0.008012957294116002
2,2.03285150733562
2,0.022741804069438324
1,2.0448186794825984
1,0.010160048378976777
0,2.018483715727144
0,0.03263817556223708
-2,0.005270619372147215
4,1.9621042845371877
0,0.4971400693814708
1,1.9938367085211826
3,1.985902124771161
2,0.001029180695300889
2,-0.020760692637579584
1,1.0
1,0.5438068709353694
2,-0.009583143644878212
-2,0.018459766097333328
-2,-0.009556012314237477
2,1.9829859866627368
1,1.8769213213463498
-2,0.001662901944050385
1,0.49785571660525885
2,0.029256691906444813
1,-0.007958128288298245
2,0.011454265805796676
-1,-0.006728039712921254
1,0.020231484552710996
2,-0.031417888947515536
-1,0.0001649331353750183
-2,0.010706820469018285
-2,0.020231484552710996
1,1.0
1,0.02664514693181423
-1,0.007487267293918226
1,1.0
-2,0.01615736620107344
2,-0.008366559747196502
2,0.018280096550814744
1,1.0
1,0.019896497992262282
3,1.9829859866627368
2,2.0696095075206897
2,-0.15997698797887513
0,0.013062582720189887
-1,-0.03017308472437543
0,2.0494431565766984
2,-0.06466812556705089
-2,0.01006918563640693
2,1.8728157679321888
2,-0.013533955464250553
-1,-0.004406078993046727
2,2.0155408973516056
-2,-0.004025417170949237
1,1.0
2,-0.08057993663959621
-1,0.006921226879439489
1,1.9540161804138458
0,-0.0025227303696404935
1,1.0
1,2.0417559761289095
-1,0.1001432802390101
0,0.02575409518002763
1,1.0
-2,0.004728283268795881
1,-0.008688819289845216
1,0.25997056749870134
2,2.0734404319570707
-2,0.02403329968789764
1,0.004878486362238688
2,0.06885001247877981
-2,-0.0259270138750086
-1,-0.022622250035536223
1,1.0
1,1.0
0,-0.07823948113205138
1,0.44887725946242396
0,0.4700791236890492
1,1.0
-2,-0.0001619929107793574
1,1.0
1,1.0
2,2.1879227863271735
0,0.008420363956053117
1,-0.030527068148258004
0,0.007354825112421291
3,2.0295524939554155
-1,-0.03002010445630245
1,1.0
2,-0.027331908432416528
0,-0.010086561233008114
2,-0.027208857894481627
3,1.9201091604638503
1,-0.011293551608083043
-1,-0.0268956162828102
-1,0.06660783752146593
-2,0.002047620475772863
-1,-0.0034342910341800315
4,2.033872697632641
-2,-0.029794416101058353
1,1.0
1,-0.010920671400798408
-1,-0.14792381909611885
1,1.0
3,1.9182033321618854
0,1.964928553375386
1,0.009153888736802597
2,2.071428991539634
0,0.47806416870845553
2,1.962831870347421
3,2.0918049885154995
2,0.01649986662048054
1,1.0
1,-0.004809084681674796
0,1.9896233688315368
1,-0.05895085547182208
0,2.042119349087519
0,-0.06216137883399915
-2,-0.03600654410229554
1,1.0
-2,-0.006986850974063982
0,0.017678814967973012
-2,-0.12417302384250878
-1,0.06846404386373965
1,0.54944434047624
1,-0.009949778550002451
1,1.0
1,0.017737988068622222
-1,0.029351672258857073
-2,-0.014070240855191868
-2,0.018206459509790003
1,1.0
2,-0.02302836822926296
-2,0.1001432802390101
0,0.45817318842359106
1,-0.052649956621026554
2,-0.06914409932386527
-2,-0.01574735363154379
-1,0.030364502206154307
0,1.9055682987589913
1,1.0
-2,0.0289274735405856
1,1.0
1,1.0
-1,-0.0330980914540423
2,-0.05769805748928301
-1,0.15937779571189437
-1,-0.019360847728132805
1,1.0
0,-0.04294728484802267
1,-0.08290180832969389
2,-0.013533955464250553
-1,0.012262131403270829
-2,0.014748475012093245
1,1.0
2,-0.015901481485326528
2,0.007487267293918226
-2,-0.020114704885466482
-1,-0.032693844163840885
0,0.4331392217439392
1,-0.062040421763930126
-2,-0.012171412217025019
1,0.519373725596282
-2,0.004165640318717461
-1,-0.017404028737069758
-1,0.03282776877895864
1,0.45753179410252676
2,1.9603166095444617
2,-0.03543548991862683
2,1.8344635297989447
1,1.9686474126959146
1,-0.004130949147704877
4,1.9763604845279366
0,-0.03667358242237266
1,1.0
3,1.9269965540016962
2,0.018637000499826827
1,-0.027487831156217085
0,-0.016399373110682916
0,-0.014273781493489355
1,2.003814317338197
2,0.027192439436998263
1,-0.22656319029555724
1,1.0
0,0.08143842489232009
1,0.021931957459513395
0,-0.06904847887992399
-1,0.03146629073342273
2,-0.006439559995060812
1,1.0
-1,-0.010765455774177255
-1,-0.01789689867145458
1,-0.0034027593510020824
0,-0.06914409932386527
2,-0.015363460761485655
0,-0.00041370948259053124
0,-0.02880434805127574
1,0.4474755647924605
1,1.0
1,0.05614984518952678
4,1.955300459958116
2,0.0011526402408111452
1,2.1624453284113274
-2,-0.02574300962046591
0,1.9849481857362767
4,1.949091867428258
-1,-0.05197794036747402
2,1.8176436718498965
-1,0.017487298920905246
1,-0.2927658859498039
1,0.33004073736601375
1,0.4061371286111139
0,-0.03586222054982616
1,0.015370357237400807
-2,-0.01088763003222009
1,2.0054148145158983
3,1.9656902529974887
-1,0.026457058685606372
4,1.9174949025420138
-2,-0.00917556748970762
1,1.0
-1,-0.009517882749513205
4,1.9950014804050287
1,0.5372527275776309
0,0.48562628479559905
1,0.014611546455899294
0,0.013536921755086823
-1,0.14765073819684038
0,0.004878486362238688
0,0.6256930060546988
1,1.9656808704472644
-1,-0.0036274000967628293
1,1.0
0,0.017316776667177413
-1,-0.006130676676605397
-2,-0.022629038072107043
1,0.014138793269743894
2,0.15111484627011887
1,1.0
0,1.949533043916452
2,0.03520197371922305
1,2.0160668411375204
0,-0.004124086523147993
0,1.9336063965701968
2,-0.009314781101609118
2,1.9730966485711914
0,0.004088572559183447
1,1.0
1,1.0
2,-0.0044351438888664205
-1,-0.05252805702850751
2,0.008492301110285058
0,-0.04724473214143663
0,1.8825084815265378
1,0.01434579031364489
2,0.03939585779039004
4,1.997480155191182
0,0.10982029266826906
2,1.9701571013217776
-2,0.035386791254870584
1,0.003719741476688899
4,2.240544627614952
0,0.010160048378976777
1,1.0
-2,-0.008799066985112253
1,0.01968784431276025
1,1.9401740403417131
1,1.0
0,1.806662317476401
0,-0.06914409932386527
2,0.0023422757498367287
0,1.9975411040819189
-1,-0.011995275087392947
0,-0.0086354403816192
-1,0.0034138228487587863
1,2.0422102143307814
-1,0.005114800878050163
0,-0.14007620671761287
0,0.029256691906444813
1,-0.03456844301077361
2,2.0869315242728246
3,1.9894158285562682
1,1.0
4,1.997396688310554
-1,-0.08011592437261271
1,1.0
-2,0.04886140256804079
0,0.47943894519364816
0,2.0122733803232635
-1,0.006510887113619382
-1,0.0018756196586733162
0,-0.0325504890448807
2,-0.03480284479372131
-1,-0.0053840945715891535
-1,-0.006986850974063982
-1,0.007625815458044983
-1,-0.019837613563863123
-2,-0.017362305967670792
1,1.0
2,-0.01530670584045707
-2,-0.02503411379143289
2,-0.016399373110682916
0,0.022796763685736927
1,1.0
-2,-0.14007620671761287
4,2.0211963763186436
1,1.8634863357506908
1,1.0
2,1.982996422109688
-1,0.02711396946219675
0,0.012303425384217661
1,1.0
1,1.9606279021164374
-1,-0.0034342910341800315
1,1.0
0,0.07468512404904488
1,1.0
2,-0.006086796009955896
4,1.8952900650743016
2,1.8899463526252516
1,0.4549026512267009
1,1.0
2,0.008885897229460366
-1,-0.05732141357475668
1,1.0
4,1.9562145182827861
-2,0.03092351948771953
1,0.4877329297779807
1,1.0
1,1.0
1,1.0
1,1.0
1,1.0
-1,-0.008439474456378883
0,-0.04046104453474876
0,0.036183756231127476
2,0.08902829534456796
1,2.0244875695815665
1,1.0
0,0.5456486954044822
1,1.0
1,1.0
-2,0.004878486362238688
-1,0.0023853913606774113
1,1.0
1,1.0
2,0.055690422450340164
-2,0.06885001247877981
0,-0.03346254225762456
-1,-0.01743100957035558
1,1.0
4,1.9247437860544547
0,0.15111484627011887
-2,0.020172489064996996
1,1.0
1,-0.03443370034476011
1,1.0
1,1.0
0,-0.034868704401211835
-2,-0.03271438283995666
-2,-0.02314301825168884
-2,-0.08266984165384308
2,-0.05220080988094054
0,0.4260350304622601
0,-0.02480167824669537
0,-0.006494575289905225
2,-0.010332757577539287
1,0.5227736522690006
0,1.9818566395494346
0,-0.006006936174954198
-2,0.019636489110514046
1,1.957357197288042
2,0.03365248881468666
4,2.038353736860976
0,0.5054365187597096
-2,0.3180645557184311
0,0.5041713558346586
1,0.05275604616820737
1,0.07413994263979186
-2,0.015788100876284038
2,1.9815478187358833
1,1.0
-1,-0.045896252207555756
1,1.0
2,0.001695634901261788
3,1.979385226756431
3,2.0126596404793635
1,1.0
-2,-0.01681266618582352
1,1.9030026783084333
1,1.0
2,-0.006988995949327833
1,0.019296324315372572
-1,0.013062582720189887
1,1.0
1,1.0
-2,0.011956334273681818
-1,0.016675259836029157
1,0.02765284771756462
1,1.9526098293610614
2,0.006900341378776913
-2,-0.011895654318939988
-1,-0.008498930612090767
2,0.023871070225750825
4,1.9185459150726476
0,0.5507776094246435
1,1.9582065289122417
-2,-0.05288973896971192
-1,-0.007460238224495581
-1,0.23616754604523177
-2,0.01646461028708217
2,-0.01349665519129246
-2,0.009943623934073068
1,-0.014764677072100408
1,0.4757479902352412
2,2.1519385792356154
1,1.0
1,-0.0027937021886297315
-1,-0.020634011702834156
1,-0.04025948910676843
2,-0.05113097172685181
1,-0.003329292778855678
3,1.9622663712949124
2,0.01752617703895739
1,0.008883225895619297
1,2.0185837314030617
1,0.05991273220487727
2,-0.01659841650413073
-2,-0.00956263016956069
1,0.4564076311007127
0,-0.0012650125616840758
1,1.0
1,-0.006414579125856365
2,0.018834208114401813
1,0.010160048378976777
-1,0.09133577029370236
-1,-0.0708417217162849
-1,-0.00824326813520766
-1,0.02019694239647577
1,1.0
1,1.0
2,-0.015553540063001641
1,1.0
0,-0.007063298916726547
2,0.008544046896117177
1,0.118442899616991
0,-0.018161822517407646
1,-0.033123328701603255
-2,0.04741303334090819
2,1.9675896452356563
1,1.0
-2,0.008386844852448276
0,0.012262131403270829
-2,-0.06101344497548155
0,0.5344206669124135
-2,-0.0023143492477900396
0,-0.05617650808484824
1,1.9503561566503287
1,0.023936725474487032
2,0.013103791544030581
0,-0.025773072694211266
0,0.17594907444688787
1,0.007411209357140738
1,1.0
1,-0.0010885527220404337
0,-0.015901481485326528
1,2.0132081828269377
-2,-0.042230169845382616
1,1.0
2,0.05063371934406089
1,-0.2685339249541153
4,2.064396551672342
1,1.0
1,2.0684859940142895
2,-0.02726231930684305
-2,0.0037262491774852093
1,1.0
2,0.007539611946045276
0,2.1603339416652823
1,1.0
0,-0.052649956621026554
-2,-0.002575515920724142
3,1.9527414625382848
1,1.0
1,1.0
0,0.0022695324566115384
1,-0.0013789659727180966
-2,0.00898265504394392
1,0.008759914965508426
4,1.989114049499082
-1,0.02259128281492133
-1,0.03939585779039004
1,0.0433281446387984
0,0.5753774781341008
-2,-0.05371238122936294
0,1.8512143956988023
1,-0.004162528875529827
2,2.048240269359298
2,1.9583309512762883
-2,-0.0251009567125654
0,1.9697107684738284
1,-0.005641886639611852
1,1.0
2,0.04167501779977461
2,0.006165802901780854
1,0.20729263167142745
2,0.0004085560361317139
2,2.0228763380234174
1,-0.23335592652648582
0,-0.012094663642206413
1,1.946897063796058
-1,0.02575409518002763
0,1.9117160120973804
-2,-0.040668637782253846
-1,0.004671203226012063
-2,-0.04724473214143663
0,-0.11358980496377928
3,2.078784336901727
1,1.0
1,1.0
0,0.49224614332123795
0,0.41023348415000627
-1,-0.05019626655758688
2,2.065791221441243
-1,0.059481568844382195
-2,-0.04897054341839785
-2,-0.033123328701603255
2,2.004862542912272
4,1.9401740403417131
2,-0.028076560288962184
-2,-0.005014881401871555
0,2.0058755937907313
2,2.0581543023982225
2,-0.04903585975458769
0,-0.004124086523147993
-2,0.006900341378776913
1,1.9588668828831715
1,1.0
-2,0.0022201071142745766
-1,0.004878486362238688
1,1.956108577713387
1,0.009059392864947583
-2,0.01148450808673597
3,2.2080425589653605
-1,-0.0029832032557617384
3,2.084880923073274
-2,-0.008366559747196502
1,0.4662866065053963
1,1.0
1,0.4394888683828564
1,-0.011198886838780777
-2,-0.010250719145417668
1,-0.023929478735040807
-1,-0.04526874911393888
1,-0.05019626655758688
1,0.5212012337522988
1,1.0
1,0.00898265504394392
1,1.0
0,0.00578215129385085
-1,0.005101364232484794
1,-0.03162033044530451
0,0.011956334273681818
-1,0.024966383854501638
0,2.0160663968798542
1,-0.0035824123099847003
-1,-0.04681516388069339
0,0.49687435580686484
0,-0.02002999406777025
1,-0.0095280499596867
2,-0.014702705833410686
-1,-0.01984067492278035
0,1.9871691642122662
2,-0.008948190297060064
0,-0.0013066313495663459
1,1.0
1,1.8455048495583528
3,1.997820770397632
1,2.0078069025659415
-1,-8.694983204302156e-05
0,0.40592779761065956
2,1.9608650982197364
1,0.013341703966789076
3,1.9277696157548698
0,0.03438595359593211
2,0.02949764980850903
0,-0.003598666218873224
-1,-0.004605542375346453
-1,0.07953341366599881
1,0.5542036761845622
2,1.9191324114726884
-2,0.11327738742550109
2,0.053094714426377324
1,2.0631050874078656
1,-0.0060262828885065825
1,-0.025283932377742672
2,0.037572319362360405
2,1.8728157679321888
2,1.9277696157548698
-1,0.2773622016946706
4,2.0404300763295784
2,-0.12959730666866362
3,2.126505122533026
1,1.0
-2,-0.09567575979786141
-1,-0.006086796009955896
1,1.0
0,0.44135091782359204
1,1.991731867886665
4,1.9586299965054923
1,0.038580901107847454
2,-0.013712630793434901
-2,0.004465901554199215
0,0.059481568844382195
1,1.0
-1,0.01509369804296053
2,-0.01040225402274853
-2,-0.013509681450486503
0,0.39605956898410455
0,1.9917293876413018
1,1.0
1,0.016426475422581892
-2,0.0038621661841662493
1,-0.028585965320400385
2,0.004778342921297203
2,0.007817315300137061
0,1.9829859866627368
0,0.3978800414852053
-1,0.036183756231127476
0,1.9619580818337747
-1,0.018280417805054013
-2,-0.03279929966558866
0,2.074310811949821
1,1.0
1,1.0
-1,0.03084866845250242
0,1.9191324114726884
-1,-0.036491347266896394
1,1.0
0,0.0038208898707391757
0,-0.039973223314685266
1,0.0028053059939205506
2,-0.012206389024798434
-1,0.01849311941028551
1,1.0
2,-0.012171412217025019
2,-0.025967610386891722
1,1.0
-1,-0.009086131652157815
1,1.9585198837572437
-1,-0.03794371123158983
-2,0.003537992482877943
-1,0.022651000800327347
1,-0.02302836822926296
0,-0.0060680003018978275
-2,-0.010250117825249514
0,-0.05197794036747402
-1,-0.015459640426566446
1,0.016392478059097854
1,0.6124147479405216
0,1.9285380037988702
1,0.4862625403959216
1,1.0
0,0.01837098790384313
-1,-0.08057993663959621
0,0.002236094674775907
1,-0.009632510356589477
3,1.9825132459491082
1,1.0
2,-0.021556543449340656
0,0.0019977222038350248
0,1.9735367386481888
0,2.0963992569619037
1,0.5857219705613593
1,1.0
-1,0.005284751940043231
1,-0.005776325480372214
2,-0.07253088497586534
1,0.5028625809535034
1,1.0
3,1.9957737989876552
-2,-0.02488839986541915
1,-0.0423158416838949
-1,0.007126171616321151
2,1.949577147828408
0,0.0125753179719218
1,1.0
0,-0.0075647988369793836
-1,0.001695634901261788
-1,0.0019977222038350248
1,1.0
-1,0.15663450098792447
1,1.0
1,1.0
4,1.9592343630983295
1,1.9647080508196455
0,-0.008948733636069118
-2,-0.009249747930525165
-2,-0.023655658550751028
1,1.9807668548206336
0,0.5952487676593073
0,0.48518328741329164
0,1.6189875696099327
3,1.8634181878886835
2,0.016409847019597773
0,-0.029797247016661182
0,1.898235057054586
-1,-0.022554118300437517
-2,-0.01795017737036225
-1,-0.06480096974622121
0,0.47906251631203
-1,0.05396715496949374
-2,0.0019977222038350248
2,2.0100445561949893
0,-0.024654795788507367
1,1.977849808151865
1,1.0
2,-0.01625847190905952
1,1.0
1,1.0
1,0.3994511455768682
0,0.009443809731617814
-1,0.0008962046681657268
2,0.0028053059939205506
2,2.044119707822851
1,1.0
1,1.0
3,1.993699353763053
-2,-0.002554247230255416
1,1.0
0,-0.0310258033253869
1,1.0
0,0.03200281938220964
1,1.0
0,-0.06259374903152785
1,0.043100154840221803
-1,-0.026413637866106402
-1,-0.00917556748970762
4,1.9588128007346481
1,-0.017899237890410622
4,1.926962476899021
2,-0.0013993792443390027
2,0.04971102365551871
0,0.06872757780452679
1,0.0026559387450066883
1,0.02575409518002763
4,2.0323370279198643
2,0.0357642605601322
1,-0.02742331269436147
0,0.001695634901261788
0,0.018834208114401813
2,0.0021467554969258743
0,0.02838089678819612
1,1.0
2,-0.04849608595663582
3,1.9396989162725007
1,1.0
1,1.949533043916452
1,0.02015582671873233
-2,-0.010516437763087692
-2,-0.006494575289905225
-2,-0.11458175366356754
1,0.005864212575913384
1,0.4737072136105471
2,-0.0850316724462211
1,-0.024632577303535155
1,1.0
2,-0.0040217840579525425
1,1.0
1,0.39460934195521163
0,-0.05461398371405976
-2,0.0289274735405856
-2,-0.09259565215330942
0,0.5691612660277523
3,2.0058532839281575
1,-0.03504953358270164
2,-0.003329292778855678
1,1.0
1,-0.028585965320400385
1,1.0
-1,-0.011238673609254776
1,-0.001177893720921398
1,-0.04390361527417922
2,0.030363724444119562
-1,0.09930686309353383
0,1.983222375813773
-2,-0.024161521999413287
2,-0.08165848006167853
2,1.9622663712949124
1,-0.021131957386070255
1,1.0
1,0.45714446817475524
0,1.9718714665589
1,1.0
1,1.0
-2,0.0686856373023649
2,1.8701252014432483
2,0.05275604616820737
-1,-0.07152369429152008
0,0.4284341822363463
2,0.01002846067125013
1,1.9970162143022676
3,2.060184755505798
-2,-0.01118019879972549
0,1.9627417175771833
-2,-0.019837613563863123
2,-0.01399799082469516
2,1.9863179013537442
2,-0.11608776401101834
1,1.0
0,-0.0036545801440507554
1,-0.0093064789331992
0,-0.010516437763087692
2,1.9970426640485115
-2,0.0022201071142745766
4,1.9435981408234675
0,0.019208137373792046
2,-0.008791975143306601
-1,-0.012171412217025019
2,1.2108780715262086
-2,-0.010713909976095093
-2,0.06964649162798303
1,1.0
-2,-0.040418077101203806
-1,0.023972230238934536
1,1.0
0,0.0038208898707391757
2,-0.0036545801440507554
2,1.9817710201097287
2,0.036183756231127476
2,-0.05754566399804755
0,1.923498171094265
0,0.512357968338923
1,1.0
2,-0.024618838605772554
1,1.0
1,1.9386841041531055
1,1.0
2,-0.04619855854302411
0,0.051953977219432054
-2,-0.007710276175914046
-1,-0.03480284479372131
2,-0.07823948113205138
-2,-0.01040225402274853
1,1.0
1,0.0041884579096739824
1,1.0
1,-0.02104750360749319
2,1.6981940325532765
1,-0.04025948910676843
3,1.8703313822475254
1,1.0
2,1.9390084254729618
1,1.0
-1,-0.0048409073335294525
0,-0.0276617496156616
2,-0.009314781101609118
1,1.0
2,0.03216375229968028
-1,-0.01096195089120319
1,-0.026122277966896555
-1,-0.02358909674564899
2,-0.0034027593510020824
1,-0.09609732162057545
2,-0.007095203498831997
1,1.0
0,0.3180645557184311
4,2.0170164219860682
-2,-0.21077922352902204
0,0.02919148495865214
-1,0.04149231207621027
-1,-0.03232952402510007
-2,-0.013509681450486503
2,-0.016999234459157728
0,-0.0036274000967628293
0,-0.014638767704459398
1,-0.16355155076665667
1,1.0
0,-0.07151533968068988
1,-0.008439474456378883
-1,0.014013081682903798
1,0.01473071168439582
2,-0.02095915169591603
0,1.9763604845279366
2,0.0140371573951618
-2,0.005229199118006764
1,1.9701571013217776
-2,-0.01642610672721694
3,2.030536717282038
0,-0.14409002305125976
2,-0.005776325480372214
0,-0.003651020686343291
2,0.013170373905898263
-2,-0.02104750360749319
0,-0.04944646722719967
2,-0.003510253297678276
0,-0.02199834020832305
-1,-0.04273404204472252
1,1.0
2,-0.03898467652562053
-2,-0.002647419725520188
1,0.010932892005362294
1,-0.13365156437407838
1,1.8762119880977288
2,2.182847081352952
0,2.0337172187457027
3,1.977751996745209
0,0.5356406111139101
-2,-0.0017388082687536922
1,1.0
-2,-0.008301763981843104
2,-0.010138588395433747
4,1.988913276753288
4,1.9845730140531554
-2,0.007487267293918226
-2,0.013940112465032099
1,1.0
0,1.973304851641761
-2,0.042836072401722006
0,1.9734666692595988
0,0.0026559387450066883
-2,0.013574990626149402
2,-0.046377318961593535
1,0.017151237254652153
2,0.020901864480191983
1,0.47782044606797475
0,0.05329010125713119
2,1.7919562622111733
0,0.5016623627077202
0,-0.005078439712053028
1,1.915146661295854
1,1.0
0,1.986275949463155
-1,0.08709943897185206
4,2.0346935026238895
-1,0.06688604041361906
1,0.5114911293076545
1,1.0
0,0.00838910182954182
0,-0.012950579780722594
0,0.47569870047260787
1,1.0
1,-0.040418077101203806
1,-0.010708048144535395
0,0.0041884579096739824
-1,-0.025773072694211266
1,1.0
-1,-0.005648167048327328
-1,-0.011238673609254776
0,-0.040668637782253846
1,0.002775384863289336
0,-0.019837613563863123
0,-0.002426760533904831
1,0.4302461329853637
1,2.010466190757694
2,0.018206459509790003
0,-0.07959806229778382
-2,-0.016999234459157728
2,-0.012171412217025019
0,1.9739662052828009
0,-0.02295071028823433
2,0.06428215474774504
1,-0.0010885527220404337
1,1.0
2,1.9760909375413191
0,-0.027165791152187525
1,2.0473930864595435
2,-0.029508442771428545
2,0.00762098735267537
0,-0.004361649245056334
1,0.5005576246249468
0,0.029036578406394953
1,-0.016356814634678803
0,2.0019587049395597
4,2.0138353173537453
1,1.8307176350043821
0,0.01006918563640693
1,-0.006724223169133297
1,1.0
1,0.03092351948771953
1,1.0
1,1.0
2,2.041467024566833
0,2.0131788166134283
-1,-0.02631236644440785
0,0.0010396414661573083
1,1.0
0,1.9493664427018433
1,-0.17291897174337495
1,1.0
2,-0.012004231635563318
1,1.0
0,-0.04639019683613184
0,-0.048363439739383944
-1,-0.023205460672979822
2,0.037883414589021266
-1,0.013103791544030581
1,1.0
-1,0.004088572559183447
2,-0.003901380915753627
1,1.0
-2,0.17507791348341128
0,0.027243693974194353
0,-0.004561803412462253
1,0.4624392936218748
2,2.0404165693494614
1,1.975176804887056
0,-0.04168857608065878
-1,-0.004932956614569617
2,0.02477220099352016
-1,0.026049289778522985
2,0.09314716139172537
-2,0.009547127257507363
1,-0.02893701708292221
1,0.4872314706759208
-1,-0.03032875082722958
0,-0.018924709776009022
1,-0.0026794731709637626
1,-0.028076560288962184
1,-0.022622250035536223
-2,-0.02574300962046591
1,0.007971604914132732
1,0.06428215474774504
1,-0.05019626655758688
1,1.0
2,-0.38934308657191935
0,-0.02289664120750759
1,-0.010544835250565248
3,1.903185076052693
2,0.01387494643826332
0,0.46597826007600623
3,1.9664096907967832
1,-0.020760692637579584
1,1.9684050487865687
1,0.3930378419303569
1,1.0
0,0.5099434415926921
0,1.9571861459312414
-1,-0.014273781493489355
0,0.5324975497419474
1,1.0
-1,-0.019837613563863123
-1,0.010389350840588335
-1,-0.02051918675579132
1,1.0
-1,-0.005135353746471236
1,0.0017040802776025787
1,1.0
0,-0.020360649431310024
-1,-0.03811810677342825
0,0.0289317925310652
0,0.09297307656805559
1,0.44722303319802414
2,-0.02742331269436147
1,2.0398985826455815
2,-0.0504661695636632
1,0.00578215129385085
4,2.031830406411199
1,1.0
1,1.0
-1,0.001695634901261788
4,2.0051643034367617
0,0.0019977222038350248
2,2.211418292373431
0,0.017487298920905246
1,1.0
-1,0.003838579180459281
0,0.03368816434178682
-2,-0.02976296787397564
1,2.07624998847297
-2,0.0275448693770951
-2,-0.002575515920724142
-1,0.013404032633355935
4,1.9843799352857556
1,1.0
2,-0.02488839986541915
1,2.188307176217291
2,1.984524222032
2,2.232534302560653
1,1.0
1,1.0
0,0.4396448548524104
-1,-0.034915416744391366
2,-0.0093064789331992
1,1.0
2,-0.028076560288962184
1,1.9284912727384522
-1,-0.0330980914540423
1,1.0
-2,0.004373695199208652
0,0.432545436390024
0,0.08420968088317102
-1,-0.0023143492477900396
-2,-0.007710276175914046
3,1.9333447375750754
-2,-0.031078057153382785
1,0.0289274735405856
4,2.001401395666841
2,2.0440011249717154
1,-0.028373150063614686
0,-0.010484157126683704
0,-0.012950579780722594
1,1.0
-2,0.023411219417244906
1,2.0943765100138476
-2,-0.040668637782253846
0,-0.035852835506456265
-1,0.056557844682926135
-1,0.007625815458044983
0,0.001437689679167306
-2,-0.0026794731709637626
3,2.0085361105018644
1,1.0
4,1.9201951723032362
0,0.030933177584656045
-1,-0.007751243642956695
1,0.002548931168069406
1,0.48760222572135836
-2,0.0289274735405856
4,1.9938545779266645
1,0.01961793325712319
1,1.0
3,1.8080200151740227
2,-0.02758317345508973
1,-0.1741980114080698
1,0.002548931168069406
0,0.0213381524124326
1,1.0
0,0.020581280668737757
-1,0.0034366557935962615
2,0.005374091863869716
0,0.0289274735405856
-1,0.2681085075966702
-1,-0.03362176130407122
1,-0.06399305497476986
1,1.0
1,-0.022716430774678272
2,0.07216016391212605
1,-0.0036274000967628293
-1,0.014148373414574422
0,2.2044903910542515
3,1.9559296574330909
-1,-0.04944646722719967
4,2.0052041509659775
-1,-0.0027693930787494408
0,-0.016316792243372034
1,0.014138793269743894
-1,0.0026559387450066883
-2,-0.07823948113205138
-1,-0.03504953358270164
2,-0.02631236644440785
-2,0.0012501148881276006
1,1.0
1,1.0
2,0.06885001247877981
0,1.8917598878659083
2,0.07018627904908657
-2,-0.03468468688595327
1,-0.024589326396137402
-1,0.007566440334452978
0,-0.11608776401101834
-1,0.0022695324566115384
1,0.013127587003203179
1,1.0
2,-0.018910905086338983
4,2.0431394011794564
-2,0.018118545653572005
1,1.0
1,2.0542829468689354
0,-0.17291897174337495
2,-0.03316804963051305
4,2.1472810111652123
2,0.02765284771756462
-2,0.026661900845452682
1,1.0
0,2.0228763380234174
-1,0.11410072976146239
1,0.02931211974004417
0,-0.057754442576436714
-2,-0.020713874673809873
1,0.07330882547256291
2,-0.020026419076530896
-1,-0.008306672840785236
-2,-0.026413637866106402
3,1.9869278417211313
4,2.0486111359287817
1,1.0
1,1.0
0,-0.001999846994382528
1,1.0
0,1.9363187226473508
1,0.4971578042248831
-2,-0.025721406725321434
0,2.293009715845266
1,0.46321065546575824
1,1.0
1,-0.163058791545271
0,0.5191330096646258
1,0.03307354766393288
0,0.1470680287033314
2,-0.01401621494162288
1,-0.0187070981017648
1,-0.02650903340861602
0,0.4457903798772208
2,-0.006986850974063982
1,1.0
1,1.0
1,1.0
1,0.4814259902486716
-2,-0.01494826229188232
1,-0.01386313519086686
1,1.9322078619066392
4,2.0007951224395204
2,-0.009658687611464252
1,1.0
1,1.0
-2,-0.022189823277386597
-1,0.018388974329656537
4,1.9539118791164518
1,0.5460887667071213
-1,-0.02302836822926296
2,0.010160048378976777
1,2.015578885188577
3,2.0337172187457027
3,1.9245214878729235
1,2.003214527092125
1,-0.014997679660532387
2,0.00615376322485859
1,1.0
0,0.022429622646939998
1,1.0
1,-0.24683400550348708
0,0.006890423347408572
2,0.007411209357140738
4,1.9680344824793807
1,1.9698494864251157
0,-0.02000563113322153
0,0.0041884579096739824
2,-0.06838451097673595
0,0.03767931983232374
0,0.0023680484270587527
0,-0.017527247261183772
1,0.01849311941028551
1,0.0019221921013433544
1,0.04250025605971488
3,1.9487061639924672
1,-0.03411399873449245
1,1.9381257093177078
1,1.0
0,-0.008301763981843104
3,2.015339130675249
-1,-0.03439814143848003
-1,-0.025277234756910124
1,1.9946382695126998
1,1.0
0,-0.020760692637579584
-1,-0.085857266408179
-1,-0.0220188764951689
4,2.1155974976464975
2,0.039284742477449515
0,-0.026487969723335777
1,0.0038590535055777957
-2,-0.006494575289905225
-1,0.030544914588025995
1,-0.0053840945715891535
0,0.012286934700204968
2,2.0090114060005746
1,1.0
3,2.1502439679476466
2,-0.35302194964080624
0,-0.039184340159931136
0,-0.06394129904427204
1,1.0
-1,-0.024775351453764277
3,1.9338213886246205
2,2.014046109934857
2,-0.04711348545910319
-2,-0.023930445759096072
0,-0.005428974399172286
3,1.984524222032
1,0.15443619873863615
0,1.9760647084626215
0,1.9247437860544547
1,1.0
0,-0.019837613563863123
2,0.02191935931658056
0,-0.01494826229188232
2,0.03365248881468666
-1,0.022477278896092624
1,1.0
-2,0.02765284771756462
1,1.0
-1,0.011668585814578684
0,-0.01795017737036225
1,1.0
-2,-0.01615205265213192
2,1.9986686667252371
0,0.36623796224487315
-1,0.024635730928282397
-2,-0.024589326396137402
1,1.0
0,-0.07959806229778382
1,-0.02158712812737329
-1,0.10931746614502512
2,-0.040668637782253846
1,1.9535712468878221
0,0.4077233853431899
1,1.9061695653133253
2,1.9950114519671829
2,0.22389857486258502
1,1.0
4,1.9618358667732982
0,-0.1114847965254848
1,1.0
-2,0.007251080347788255
0,0.5456486954044822
1,1.9570942453365257
1,1.0
1,0.5316754847595824
-2,-0.033590309777913996
1,-0.0033650632451801194
3,1.9909879879017047
1,1.0
1,2.0448186794825984
-1,0.02765284771756462
4,2.022724402348371
1,1.0
1,0.004497117933398857
1,-0.14592041828741492
2,0.06885001247877981
-1,-0.03017308472437543
3,2.0256221062384174
-2,-0.014273781493489355
1,0.008502874206302158
2,0.0008681559861151432
1,1.0
-1,-0.014638767704459398
-2,-0.007505133621389219
0,-0.039973223314685266
-2,-0.01121499918369622
2,0.003309226426811961
-2,-0.02627547846189032
1,1.0
1,1.0
0,0.5122135123191209
3,2.0147265713620706
1,1.0
3,1.9333447375750754
1,0.045566950984985165
0,-0.0417848260414908
2,-0.05088144784848888
-1,-0.009315411231986469
-2,-0.005438752356636359
1,1.0
1,1.0
1,-0.008439474456378883
-2,0.004465901554199215
0,-0.05113097172685181
1,1.0
1,1.0
-2,0.004728283268795881
2,0.007971604914132732
-2,0.011956334273681818
2,0.01634501211664677
-1,0.022722142964056263
1,0.002236094674775907
1,1.0
-2,-0.018846323854302155
1,0.05981954790160427
1,1.0
1,0.005374091863869716
1,1.0
0,-0.018025014923989148
0,0.12038811600375282
-1,0.005864212575913384
-1,0.03495326596005749
1,-0.04211975131503151
3,1.9274255169922614
-2,0.029256691906444813
0,-0.003267509122781168
1,1.0
0,0.4485990752446699
0,0.05546639293371261
2,1.9770687319651052
2,2.0404300763295784
1,1.975710531569809
3,2.022380824629169
1,1.0
-2,-0.01642610672721694
1,0.42381074487809484
1,-0.01952170929724642
-1,0.0034982975960865404
-2,-0.008710306411321074
1,1.0
4,2.068108611032868
1,-0.006086796009955896
1,-0.012206389024798434
1,1.0
0,0.03717988330224339
1,1.0
0,2.1072063835063113
1,1.0
1,1.0
-2,-0.039973223314685266
1,-0.013008606739808809
0,1.9854145645576966
1,1.0
-1,-0.01386313519086686
1,1.0
2,0.0023680484270587527
1,1.9993091012557145
0,0.4351487643570712
-1,-0.06914409932386527
2,-0.0086354403816192
0,1.9753971290141752
1,1.0
2,-0.011817114133830955
1,1.0
1,-0.039184340159931136
-2,0.003719741476688899
-2,0.11130853675600642
0,2.024898595664639
1,-0.02650903340861602
1,1.0
-2,0.022477278896092624
0,0.011782580916051806
1,1.0
-2,-0.01711422056076077
0,0.0289317925310652
3,1.8304648999483952
1,1.8769526849673832
-2,0.006921226879439489
1,1.0
1,1.0
4,1.9493664427018433
1,-0.0044351438888664205
1,-0.04724473214143663
1,-0.07846595957157064
-2,-0.02650903340861602
-2,0.007126171616321151
1,0.41869955211929033
1,1.0
-2,-0.027025179059229368
2,0.0524880750016199
1,-0.013533955464250553
2,-0.11934304882527247
2,-0.006915136388924143
0,2.0218404507045182
1,1.0
1,1.916907658658451
0,1.9361254838846833
-2,0.09009017650413448
2,0.006900341378776913
3,2.0641964104454376
-2,-0.043042762840831125
1,1.0
0,-0.03362176130407122
2,1.973854667387142
2,-0.01894567391082451
2,0.031488951166038934
2,0.03371341659233795
1,0.04807306998128965
1,1.0
1,1.0
1,0.007126171616321151
1,1.956218283472448
2,-0.016999234459157728
0,0.027325102201065436
1,1.0
0,-0.05288928115497594
1,1.0
1,0.4785753999600906
0,-0.01984067492278035
2,0.022174597901214295
1,1.0
1,1.0
0,0.018637000499826827
0,0.6607761269616702
1,0.5075171503552501
1,1.0
0,-0.05986354874695588
1,1.0
0,1.9817443010380558
1,1.0
2,0.021133774277070968
1,2.0194605598685413
3,1.9975411040819189
1,-0.012171412217025019
2,0.026457058685606372
1,1.0
1,1.0
0,0.04012933953804964
1,0.026661900845452682
4,1.9340420370388747
1,1.0
2,-0.04150802409047328
1,1.9870432024066362
3,2.0042374940404857
3,1.999841407830034
1,0.04812875111919453
-2,-0.008371542450236224
1,1.0
-1,0.0615262746385472
1,1.0
1,1.0
-2,-0.012206389024798434
0,-0.047885217434902726
-1,0.01148450808673597
2,-0.0034027593510020824
3,1.997820770397632
2,0.03247792805869775
4,2.050073843922884
2,-0.04849608595663582
2,0.043497260250131446
1,1.0
1,-0.01795017737036225
1,1.9686276598795465
2,0.021319018287605816
4,2.0752524080625268
1,0.0038137043291141043
0,0.46627889111461
1,0.41716272989767633
1,1.0
0,0.02055726886081581
-2,-0.08057993663959621
2,-0.02302836822926296
0,-0.1259392625276825
1,-0.006086796009955896
1,1.0
1,1.0
2,-0.004304319500277182
1,1.0
-2,-0.007240509603280273
-1,-0.026839472422803653
1,1.0
-2,-0.02051136660144534
0,0.043644733609770545
1,1.0
1,1.0
0,-0.012444009500695854
-2,-0.010765455774177255
1,1.0
2,0.007487267293918226
4,1.9434685526111692
0,-0.0029832032557617384
1,1.0
4,2.0437198688647813
0,-0.022189823277386597
0,1.972969174681005
-2,-0.08057993663959621
1,-0.02104750360749319
2,-0.042230169845382616
1,-0.04898418939384484
0,-0.0006800777520906551
-1,-0.0044351438888664205
2,-0.033123328701603255
2,1.9251634808135412
1,1.0
1,1.0
0,1.8714642481034238
3,1.9883588795926748
-1,9.62699206121011e-05
-1,0.10289727135142884
1,1.0
1,1.0
1,1.0
0,-0.05584910796316214
1,1.0
2,-0.003267509122781168
0,-8.694983204302156e-05
-1,-0.040542717329795884
0,1.9267814807822001
-2,-0.013607049515743985
2,1.9800736284323373
0,1.9540834114412293
-2,0.030363724444119562
-2,0.026014101387261124
0,0.014155079096181848
0,0.0663750527790548
2,-0.006086796009955896
0,0.6005360590960293
-2,-0.010516437763087692
-1,-0.0006113265503545223
1,0.003091606559736371
0,0.009128359038156026
0,2.0295524939554155
2,-0.009753425643601014
2,-0.015901481485326528
3,1.8930467947710008
1,-0.02836172011787478
-2,0.022325625014917656
1,1.0
-1,-0.029794416101058353
-1,0.0011082383905043909
4,2.003814317338197
0,0.5285785218261905
1,1.0
0,1.9763604845279366
-2,-0.009463171126247089
2,0.004728283268795881
2,2.038320587473556
2,2.018055867997775
-1,0.05396715496949374
2,0.045569314291181565
2,0.01849311941028551
-2,-0.008405403129115963
1,1.0
3,1.9845730140531554
2,0.029910664967745953
4,1.8728157679321888
2,0.014148373414574422
0,2.026719505408832
-2,9.62699206121011e-05
-1,0.0013669077546642362
-2,0.028697121723343662
3,1.8548764116271215
2,2.0761090868767855
-2,-0.004130949147704877
-2,-0.02104750360749319
1,1.0
2,-0.05288928115497594
1,1.0
1,0.4689149954480723
1,-0.02488839986541915
4,2.003814317338197
2,-0.07262273198967936
1,1.4266583999725204
1,-0.028215009865584593
0,0.005864212575913384
1,-0.0006286160657992437
2,2.0692135394240116
0,0.4996832401642413
2,0.030471426578532242
3,2.0051643034367617
1,1.0
-1,-0.052649956621026554
-1,-0.011982301570407581
0,-0.1259392625276825
-1,-0.04917301624024508
1,1.0
-1,-0.0029832032557617384
-2,-0.012206389024798434
-1,-0.03966102313297991
-1,-0.013401423396679414
1,2.1322251185187744
1,0.07795179893890619
0,-0.022622250035536223
4,1.9950114519671829
1,1.0
3,1.9584161522583927
2,-0.0036274000967628293
0,1.980377609672795
1,-0.005036572855993679
-1,0.061811940553279224
1,0.03387623127194538
2,-0.0015795289941101314
-1,-0.004304319500277182
0,1.9532895817438185
-1,-0.0034374221959277934
1,1.0
1,0.4509191105248632
0,-0.013869215923292837
1,1.0
1,-0.025443929342881182
2,1.9265389380800804
0,0.025953928560531733
0,-0.006481301214429457
0,0.48268415062752856
0,2.001853062089316
-2,-0.016399373110682916
1,2.364400568817155
3,1.9714029850370707
4,1.8835466093941327
0,-0.0046686968054183466
2,-0.004860331400860989
-1,0.023502583431468525
-2,-0.03227981548228474
0,0.03133876177128323
1,2.0425479914524747
2,-0.024618838605772554
0,0.501702011072284
0,0.39693031342667345
1,0.03407504633967055
0,-0.013512349850974324
1,1.8869156655904975
4,1.9628508276347696
2,0.013336898038149723
-1,-0.022188438392951357
0,-0.03073575169006516
0,-0.024632577303535155
-1,-0.043931844151103974
0,0.0016065398108482062
1,1.0
0,1.9048529781096126
-2,-0.0330980914540423
2,1.9868312982386278
-2,0.03021377930805934
1,0.41956932016650755
0,0.0033452942483815904
2,-0.038045423120363714
-2,0.2029635248158461
1,0.4839057361439263
1,0.4645786752719839
2,2.0194868940118913
1,1.0
1,2.0021026984529007
1,2.0995567158685366
0,0.45108686976422385
-2,-0.0417848260414908
0,0.5037470548954687
0,1.9770687319651052
1,1.0
0,0.47053279981928264
1,1.0
-1,-0.023929478735040807
1,1.0
-1,-0.575205778320457
-1,-0.006507297476653421
-2,0.008229137200023755
-2,-0.0086354403816192
1,-0.004870851186091206
0,1.9863854014058662
0,0.4740338520803958
4,1.9493664427018433
1,1.0
-2,0.0007837822248061482
-2,-0.006585826032229226
2,0.03612011831053537
-1,-0.008439474456378883
2,0.036183756231127476
2,-0.006988995949327833
1,0.024764795205172493
-1,0.12163908080660443
0,0.4557062083779149
-2,-0.0095280499596867
0,0.007487267293918226
-2,-0.05895085547182208
-1,-0.0036545801440507554
-1,-0.00021374949986360965
1,1.0
1,-0.018114875943686885
1,1.0
2,1.806662317476401
2,-0.012339171194060576
2,1.903865780297989
1,-0.006790194698363442
0,0.4259405878551028
1,1.0
2,0.013949860119892507
1,-0.02302836822926296
1,0.47711569839159884
1,-0.08301819801347518
-2,0.018459766097333328
1,-0.020360649431310024
1,0.03939585779039004
0,0.46829856601499514
-1,0.0011971389356314295
1,-0.0251009567125654
-1,-0.006293344214284754
0,-0.025447375652408875
-1,0.18106915521548622
-1,0.08528160548444338
1,-0.037267074731367845
1,1.0
1,0.059481568844382195
1,-0.028585965320400385
1,0.00578215129385085
1,-0.028585965320400385
0,0.4971578042248831
1,-0.04211975131503151
1,1.0
0,-0.0014779122891491097
-2,0.02774123560714927
0,0.002488590698656822
-1,-0.0022499901416534757
2,0.01646461028708217
1,1.0
0,-0.015067521355943324
0,-0.032222499168646966
1,0.4534870328266009
2,1.9764236721858663
1,1.0
1,1.0
1,1.0
1,0.0289274735405856
1,-0.012820583707840047
2,-0.03279929966558866
0,2.4012027692680817
1,1.9385496784193252
-1,-0.010138588395433747
2,2.0571816674489956
1,1.0
1,1.0
2,-0.007095203498831997
1,1.997480155191182
2,1.9433287120135752
1,-0.003598666218873224
0,0.4831921785852646
1,1.0
1,-0.01743100957035558
-1,-0.020760692637579584
0,0.013940112465032099
2,0.01387494643826332
0,-0.005014247448979127
-1,-0.04211975131503151
-1,-0.04273404204472252
1,-0.016356814634678803
1,1.0
2,-0.005631934455601015
0,-0.014638767704459398
2,0.09817794828989172
2,-0.015459640426566446
1,1.0
1,0.028140718181294683
0,0.009447701562512617
-1,-0.0044351438888664205
1,1.0
2,2.1498290248340273
1,1.0
0,-0.20082209730569647
-2,-0.009086131652157815
1,1.0
0,0.012303425384217661
1,1.0
0,1.9685656992474043
0,0.1089376119337006
0,2.061414258844579
0,1.9507443993851614
0,0.022325625014917656
-2,0.013940112465032099
0,-0.008301763981843104
4,2.2545246908130228
1,-0.05820185832265715
0,0.01124910745847739
0,0.010932892005362294
0,0.018670790408401264
-1,0.004878486362238688
-2,0.001662901944050385
-1,0.011782580916051806
1,1.0
-1,0.010830482686007607
2,-0.04944646722719967
2,1.9752345257419457
0,2.027250779142358
0,-0.007473786550768988
-2,-0.0069738590098409395
0,1.7096201580263977
0,-0.0389884596649067
2,-0.020760692637579584
1,1.0
1,1.0
3,1.9975411040819189
4,1.9680344824793807
2,0.02607953252207708
0,2.047893602463725
2,0.024084612491444665
-1,0.030544914588025995
4,1.8703531020877342
2,0.010588794489311978
1,0.4820290296366123
1,-0.03271438283995666
1,1.0
4,1.903175321843556
0,2.01103907539524
1,1.0
3,1.9106403231701892
2,-0.040418077101203806
-1,0.018834208114401813
3,1.9685656992474043
0,-0.04724473214143663
1,0.003838579180459281
2,2.2146588116247035
0,0.015275308462497871
1,1.0
2,1.8512143956988023
0,2.048240269359298
1,1.0
-1,-0.046377318961593535
3,1.9843672256311193
4,1.894592826857294
-2,-0.008811518440057835
0,1.9531785554386087
2,-0.028076560288962184
2,-0.016597014042686323
-2,-0.0212072339612796
-1,-0.013937184288562889
0,0.39252408517559884
-1,0.007396578392728911
-2,-0.03693235867194735
1,1.0
-2,-0.0015795289941101314
1,-0.036262378711118474
2,-0.012094663642206413
1,-0.012206389024798434
0,0.4444628543237432
1,1.0
1,0.02403329968789764
-2,-0.02002999406777025
-2,0.08616019999865579
2,-0.03431429215861749
0,-0.010991573196438278
0,0.0069373903962980064
4,2.0061406109418733
2,1.9479716240377871
1,-0.015901481485326528
4,1.9352252469160651
1,1.99463244960959
1,1.0
0,0.5715004969375497
-2,-0.016377626283999892
1,1.0
0,0.01357474656922609
0,-0.010845009412345034
-2,-0.003267509122781168
1,1.0
1,1.0
1,1.0
0,1.9986686667252371
-1,-0.05732141357475668
0,2.0972203359130077
0,0.039392825411655445
2,-0.18758703290599338
4,2.0416935009135355
0,-0.027440525148393995
0,2.0972156179864445
1,-0.0029832032557617384
0,1.9620187676557919
2,-0.0014443543488946117
-2,-0.01118019879972549
3,1.9540161804138458
0,-0.0016512008724038352
0,-0.01952170929724642
1,-0.05113097172685181
0,-0.025721406725321434
2,0.03326291964869501
0,-0.004102736970129719
0,2.018849952683347
1,1.0
1,1.0
-1,-0.013401423396679414
1,0.46812424219122
1,0.520166482289994
0,0.0288167437875713
3,1.9284486910751306
1,-0.006401638939690879
-1,0.15173034714842143
1,0.0004085560361317139
1,0.04746124233217043
4,1.9764236721858663
1,0.022389191055212056
1,1.0
-2,-0.017763739182420402
2,-0.019406354918340998
0,1.9916341819713799
0,0.016013899492651737
1,1.0
2,2.0477866322532012
-2,0.004728283268795881
2,-0.020357097963555813
0,2.015717148343171
0,-0.03910847992809281
1,1.0
1,2.0090114060005746
4,1.9142935612642822
1,1.0
-1,-0.06101344497548155
1,1.9797604155621484
0,2.33189100333874
4,1.8632837115459244
-1,-0.3413110245890799
-1,0.021326343218596257
1,-0.01268992378852675
0,-0.011995275087392947
4,2.04672010189657
2,-0.0027693930787494408
1,1.0
1,1.0
2,-0.02430092681635427
1,-0.05584910796316214
1,2.0123080675555496
1,1.0
1,-0.003329292778855678
2,0.022429622646939998
0,-0.007751243642956695
1,0.4719260110299367
-1,-0.10056386563017165
1,1.0
2,0.0671934455220876
0,0.12397854989464757
0,-0.02289664120750759
1,1.0
2,0.017553896302812014
-2,-0.02742331269436147
-1,-0.008366559747196502
1,2.015717148343171
1,1.0
0,-0.011195711117358731
1,0.03520197371922305
1,-0.02104750360749319
1,-0.005806610628349878
2,-0.03498913819349523
-2,-0.035556277836241
1,1.0
0,1.8492268508148433
4,1.933549568283337
2,1.9006322527697663
1,-0.03718702089786699
2,-0.007798768800414673
1,-0.017803199499949334
0,0.4600039676269951
2,0.008502874206302158
2,-0.026413637866106402
1,-0.06616859506865361
4,1.8891589235111157
0,1.9734785488702997
1,1.0
2,1.9487186909588265
0,0.0017790805173349834
-1,0.0038590535055777957
1,1.0
2,2.0098597090442762
-2,-0.030434176824914328
-1,-0.004304319500277182
1,1.0
0,-0.03179262729632508
-1,0.17594907444688787
0,2.071428991539634
1,1.0
0,0.024140020738929607
0,0.00456663796589336
1,1.0
-1,-0.010945688712762625
-2,-0.0014779122891491097
-1,0.036183756231127476
1,1.9247437860544547
-2,0.012723378396147627
2,0.03520197371922305
1,1.0
1,1.0
1,1.0
-1,-0.008000096185884794
0,0.011458523650112412
1,-0.02932985584790643
2,1.9916341819713799
4,1.976405344355849
1,1.0
0,-0.033160551821384866
0,1.9950114519671829
-2,0.019443697732377287
-1,0.160731341589344
1,1.0
-1,-0.046377318961593535
1,-0.02726231930684305
2,-0.008637432222462873
-1,-0.0699936989558468
4,1.9687423481841138
-1,0.01634501211664677
-1,-0.09609732162057545
1,-0.05088144784848888
1,1.0
-2,-0.009067569825910242
1,1.0
1,1.0
-2,-0.009517882749513205
2,0.025443688543761972
0,-0.023341755126270913
3,2.00026977715694
-2,0.08420968088317102
1,0.4458586198341246
2,-0.009036047656946626
2,0.03154636718905163
-1,0.0010737938336243507
1,-0.04711348545910319
1,1.0
1,0.486932199107871
0,0.342991186017056
-1,-0.034551364034456876
2,-0.02051136660144534
0,1.9756113178735686
4,2.054208229971145
1,-0.005377089533122863
1,0.07086752369220668
0,0.03021377930805934
4,1.9640258206119026
2,1.9829859866627368
0,-0.022054412923180458
2,-0.005377089533122863
1,1.0
0,1.9749714994171672
1,0.5028625809535034
-2,0.0068541360366089895
3,1.9862882513157112
0,0.5168392775126467
3,1.8444460361079478
1,9.62699206121011e-05
0,0.49804045098318656
0,-0.023002484912611035
0,-0.03043744727114242
2,0.027868246295580917
1,1.0
2,-0.012171412217025019
-1,0.0289274735405856
-1,0.01038730242000492
-2,-0.04724473214143663
2,-0.1599265280125284
1,1.0
4,1.9915013295897201
1,-0.035852835506456265
-2,-0.025948353072132918
4,1.956700438982465
-1,-0.017408333284400196
1,-0.0060680003018978275
1,2.0110454084984473
-2,-0.03705057983821099
0,0.07024411054531815
2,1.9622663712949124
1,0.04807306998128965
0,0.0017403345110070978
2,0.0028053059939205506
2,0.011928808830779812
2,-0.02199834020832305
-2,0.03591756474649714
2,0.013341703966789076
1,2.0347867102537545
1,0.007424208848030863
1,-0.1040045401144002
4,1.903185076052693
-1,0.002968656512080424
0,-0.10953840402737695
1,1.0
0,1.9535712468878221
2,0.0017403345110070978
1,0.05255770761433363
0,2.017758924380756
0,0.4731297738025642
-1,-0.007240509603280273
1,1.0
0,-0.05581369567216097
1,0.02765284771756462
2,1.8545814619930665
0,2.0157563232806748
-2,0.012510567283780251
4,2.011414433672753
-2,0.045635144843823736
1,1.0
1,1.0
0,0.03939585779039004
2,0.001695634901261788
1,1.9917293876413018
-2,-0.009066345884612234
3,2.011529660785023
2,-0.008498930612090767
-2,0.010988131522015346
1,1.0
0,-0.031030501899291196
0,0.4647860343337149
0,1.9997694491473752
0,0.0357642605601322
-2,-0.02692557951163686
1,1.0
-2,0.019208137373792046
0,-0.0034027593510020824
1,1.0
1,1.0
0,-0.039184340159931136
0,0.6545745126490661
-1,-0.009314781101609118
1,1.0
1,-0.09941574353375479
0,1.9883588795926748
0,-0.11244342294513071
1,1.0
1,0.0038208898707391757
2,2.0431394011794564
1,0.059481568844382195
2,-0.0699936989558468
0,1.9683954656617808
1,1.0
1,1.0
-2,-0.022205839717088113
1,-0.018543129454594943
0,0.01180375642688038
-1,-0.03505812218572227
3,2.015717148343171
-2,0.0038590535055777957
0,-0.019837613563863123
1,0.46407618734681805
0,0.4410283904952433
2,1.9396769921157624
-2,0.03501175443017635
1,1.0
1,1.0
1,0.46460353972579105
-1,0.027186315564463114
1,0.0041884579096739824
4,2.029892131158562
0,-0.003329292778855678
2,-0.023087606970043587
3,2.041074677694768
0,0.030363724444119562
2,-0.02295071028823433
-1,0.0062831780981483865
1,1.0
1,1.0
-2,0.036752062629592415
1,-0.019837613563863123
1,-0.04211975131503151
1,0.0014346878518939103
0,-0.006507297476653421
1,-0.013509681450486503
-1,-0.03107334471400053
1,0.44957301971065766
2,-0.032222499168646966
0,0.03874488758909492
2,-0.06356307779214798
-1,-0.008710306411321074
-2,0.0022695324566115384
-2,-0.030894870261758994
-2,-0.011343640001197858
-1,-0.00803393599733564
0,1.992308404188844
1,0.0019977222038350248
-2,-0.0086354403816192
1,-0.010357376332145835
-1,-0.029871316361760478
-2,0.017399635229505828
1,0.005180461434138715
1,1.0
0,2.3197154209690947
1,-0.004910051289386801
1,0.5315766940121294
-2,-0.023191053765512656
2,-0.02726231930684305
-2,-0.009468072215395487
1,1.9816548326170866
-2,0.0038650814732446638
1,-0.02330192802045474
1,0.49641399795569585
0,0.4379032225975662
0,-0.010516437763087692
4,1.5809320532017883
-2,-0.0023143492477900396
2,2.0642078127159946
1,1.0
0,-0.008430298894715176
-1,-0.04526874911393888
0,0.44447335747374206
-2,0.006900341378776913
2,-0.02480167824669537
0,-0.04652161552877164
-1,-0.0007986529921150903
4,1.9685656992474043
-1,-0.025773072694211266
-1,0.0253619804290171
0,2.29157039282333
-1,0.010064833017550399
1,1.0
0,0.03861964529710708
1,0.0433638892277247
-2,-0.03377165979076525
2,0.04799182766551463
2,2.1319281614183314
1,-0.0010425707000761375
1,1.0
-2,0.0041607512524426725
2,-0.0367883600515308
1,1.0
-2,-0.02289664120750759
1,1.0
2,-0.07889495943292939
2,-0.02002999406777025
1,-0.06659971552469902
2,0.0021182382902214638
2,-0.04724473214143663
2,2.1040703590694076
1,1.0
1,1.99463244960959
1,-0.020495755375852166
1,2.0191153853221944
-2,-0.002647419725520188
-2,-0.006006936174954198
1,1.0
3,1.999765753239833
2,1.8519739366400605
3,2.0408731746564395
1,-0.005190764171590915
1,-0.0037704789122529215
2,0.0275448693770951
1,2.0087477202393225
-1,-0.016999234459157728
2,-0.018439677064147827
3,2.0116306998892117
-1,-0.026413637866106402
2,-0.0093064789331992
0,-0.014702705833410686
2,0.0671934455220876
-2,0.0022695324566115384
1,1.0
1,1.0
-1,-0.028076560288962184
1,0.4728973121644035
1,1.0
-2,0.007566440334452978
0,-0.04590808399332611
1,1.0
-2,-0.052649956621026554
1,-0.04224529747557204
1,0.024167155255792758
1,0.001662901944050385
1,-0.03362176130407122
-2,0.03092351948771953
1,-0.03883745994737457
1,-0.08943500144594826
1,0.44743781828083684
3,1.9307597675300434
0,0.015666521257127218
1,-0.01659841650413073
2,0.0671934455220876
1,0.5764709193477602
1,-0.03164796724329881
0,0.0017790805173349834
2,0.00578215129385085
1,-0.0044351438888664205
2,0.004909887047037396
-2,-0.08266984165384308
0,0.500931431914628
2,2.226927299896288
0,2.133045255273838
0,0.0054954782139082625
1,0.007880364355475707
1,-0.006507297476653421
2,-0.005303579805613724
1,0.010160048378976777
-1,0.004897352567266171
-2,-0.046824543922756076
3,1.9896466042160244
2,-0.03693235867194735
0,-0.02314301825168884
0,0.4469000022150768
0,-0.0053840945715891535
2,0.006942358113663318
1,-0.040668637782253846
-2,-0.024707342665631155
0,2.1825423908987727
1,1.0
-2,0.01357474656922609
-2,-0.004025417170949237
-1,-0.008588778579324855
0,1.9632931400883045
0,0.030933177584656045
1,1.0
0,0.4564076311007127
1,1.0
-2,0.03770206121631812
2,0.025443688543761972
-2,0.007898019486597558
1,1.9633511100452685
3,1.956108577713387
3,2.0976709910560603
2,0.006204941652442136
1,0.007126171616321151
-1,-0.020596380183466517
1,1.0
1,1.0
1,1.0
0,2.1541379332109614
1,0.0037262491774852093
1,-0.06914409932386527
-1,0.008492301110285058
1,0.5800120633950516
1,1.0
1,-0.009923876141235088
-1,0.006942358113663318
1,0.5456486954044822
-1,0.002301328049778427
1,1.0
1,-0.11352152555626129
0,0.008165344044651503
-1,-0.001177893720921398
3,1.9913324319986063
1,1.0
1,1.0
-1,-0.02302836822926296
2,-0.05539048844724606
1,1.0
1,1.0
2,-0.02104750360749319
1,-0.052255714115644614
0,0.0005977078397812036
2,0.07414080853006802
1,-0.012498504702226257
1,-0.0220188764951689
-2,-0.03066968618121527
2,-0.03316804963051305
-2,-0.003329292778855678
0,0.30131030718512997
1,1.0
1,0.002301328049778427
1,1.0
2,-0.10934584119724987
-2,0.0005439310989375744
4,2.047893602463725
1,0.016013899492651737
0,0.4700791236890492
1,1.0
4,2.0571746956955717
0,1.6766199914587465
1,1.0
1,-0.007710276175914046
2,0.043537996903524216
0,1.930617255618242
-1,-0.01795017737036225
-1,0.006942358113663318
0,0.5356203193368522
-1,-0.036536555033114426
0,-0.016999234459157728
-2,-0.007862916125369608
1,1.0
-2,0.010559820705179641
-1,-0.016999234459157728
4,1.9982732654424271
1,1.0
1,1.0
0,0.001437689679167306
-2,0.035470232658521
0,-0.01655775848336431
2,0.03452673918695912
0,-0.052098489714548245
1,-0.018790748403212973
2,0.018891039614380937
1,2.0155408973516056
1,-0.06914409932386527
1,1.0
0,-0.0246724290014695
1,-0.017842540355084167
2,0.04741303334090819
1,-0.008152494972876151
2,-0.007958128288298245
-2,-0.044427798743184595
1,1.0
-2,-0.016128430008649296
-2,-0.003329292778855678
2,0.18300658013661278
1,0.0036483526092309588
1,1.0
2,2.0440371615914
0,1.9540161804138458
1,1.0
1,1.0
2,0.01394986178178318
4,2.0126216690464314
2,-0.004860331400860989
1,1.0
-1,0.14217860528495527
-2,-0.30541459333754895
4,2.184610776538438
1,-0.0423158416838949
-2,-0.006790194698363442
1,0.49804045098318656
2,0.007396578392728911
1,-0.006293344214284754
0,2.4117384961481645
-1,-0.01659841650413073
0,0.007814905249928483
1,0.5589692724925183
2,0.0013210849120716215
2,-0.012094663642206413
1,0.46143070325292385
1,2.04672010189657
1,1.0
1,0.07757805967562606
-2,0.00010466437261963807
0,-0.02095915169591603
1,1.0
1,1.0
1,1.0
0,1.9885896249961683
4,2.0006748818854496
-1,-0.01574735363154379
-1,0.0140371573951618
-2,0.08420968088317102
0,-0.17108984946848402
1,0.42459263948796516
0,-0.005508621020536452
0,1.9819442056204075
1,2.002163073846839
-1,-0.07823948113205138
1,1.0
2,2.0256221062384174
2,0.12693201832573586
-1,-0.00765132115969551
1,-0.008616902864181451
3,2.094832502970122
1,0.08124368247220276
1,1.0
3,2.0189255411398093
-1,-0.0020509611832584753
1,-0.009066345884612234
0,0.08578456304686873
-2,-0.011089457002661045
-1,-0.0009194372634221831
2,1.997820770397632
4,2.003017447078844
-2,-0.02650903340861602
1,1.0
0,0.012808629285006024
2,-0.030479735530724025
-1,0.06571226966625199
1,1.0
1,0.47423764348837816
-1,-0.0033650632451801194
2,2.0084784696081335
1,1.0
1,2.0057731460773227
-2,-0.008688819289845216
0,1.9656083677497855
2,0.05875940185527612
1,0.4141713127656513
-2,0.00578215129385085
0,0.5757517875097836
1,-0.1159598242347054
-2,-0.0475785980065581
2,2.022380824629169
2,-0.04887206833633481
0,1.7919562622111733
1,-0.02920277744606069
0,0.4331392217439392
3,2.0225851264233494
1,1.997820770397632
2,-0.036491347266896394
-2,0.014171899510828036
-2,-0.06259374903152785
-1,-0.03756548729750326
-2,0.0034982975960865404
0,-0.006790194698363442
2,-0.00011817819712351039
2,-0.010861835861077675
1,0.47518334500165443
-2,0.03939585779039004
-1,0.059481568844382195
1,-0.08352231322214472
1,0.004165640318717461
1,1.0
0,2.075128089754695
2,0.15191529440210455
1,1.0
2,0.13548194123720925
0,-0.013439481440023757
1,0.0012501148881276006
2,0.09658499088674204
1,1.9480460366992145
1,1.0
-2,-0.039184340159931136
0,1.9519493626891102
1,1.0
2,1.9300687486094683
0,-0.016999234459157728
0,-0.036974631712616765
0,-0.022716430774678272
1,1.0
0,-0.044427798743184595
1,1.0
-1,0.002775384863289336
0,0.47295095106489116
2,-0.23655654056241304
1,0.5055027319739651
1,-0.08057993663959621
2,-0.00644992651432377
0,2.1593295330099163
0,2.030547091086455
1,1.0
-1,0.002236094674775907
1,1.9675896452356563
1,1.0
1,1.0
1,2.0007951224395204
-1,-0.009093960200406917
1,1.0
1,0.009166988513338388
1,0.44727997800873387
2,0.01006918563640693
2,-0.020574824146896802
1,2.015570273485543
-1,-0.03604121954065717
-2,-0.018543129454594943
1,0.07473643850650696
0,-0.010281234141735967
-1,-0.14903915336754733
-2,-0.03708649409341535
-1,-0.0076313907759917934
0,0.3930378419303569
1,1.0
2,-0.0023143492477900396
2,-0.03423389264821785
1,1.0
1,1.9687127287046078
2,-0.0246724290014695
2,-0.1732122107258804
3,2.0507216228417127
1,0.004728283268795881
0,0.01635582077424255
1,-0.025283932377742672
-1,0.013062582720189887
0,0.019296324315372572
1,1.0
0,-0.0007056180573955636
0,0.47711569839159884
2,-0.05895085547182208
1,1.0
0,0.41753769595144846
2,0.07338692918327536
-2,-9.617989229952217e-05
-1,-0.020712693209141916
-2,0.14624635297417243
0,-0.09294333097437489
-1,-0.013450272779111351
0,-0.08057993663959621
-1,-0.03271438283995666
-2,-0.018543129454594943
-1,0.009762491904257105
0,0.4836394369822654
-2,-0.027857923198279594
-2,-0.00257220176167043
1,1.0
-2,-0.05231976028427269
1,1.0
-1,-0.03043744727114242
-1,-0.022716430774678272
3,2.049416132128946
2,-0.025443929342881182
4,1.9251634808135412
1,2.0295524939554155
-1,-0.04117521534498004
-1,-0.04711348545910319
0,0.5028713297246576
3,2.0026499155327158
1,-0.007658900958998582
2,-0.013533955464250553
1,0.43890215530800275
0,-0.001177893720921398
0,-0.025609338609581863
2,0.06680307711429571
1,1.0
1,1.0
-1,-0.02775572475270836
0,0.001662901944050385
-2,-0.012171412217025019
0,0.061124499308008895
4,2.0168835254365556
2,1.9434599779105333
1,1.996927161509464
2,1.9896086479241801
1,0.003309226426811961
-1,-0.011185406517663431
-1,-0.006365271332127018
2,0.017487298920905246
1,1.0
-2,0.08990215470271043
0,2.0117234171735263
1,1.0
1,1.0
0,-0.00656438736812756
2,1.9065797369949324
1,1.0
0,0.019942351561681514
-1,-0.05267815398473791
-1,-0.044515978248483405
1,-0.010745699690553046
-1,-0.0417375175017625
4,2.022380824629169
-1,-0.002575515920724142
2,-0.039184340159931136
1,0.4622975730882017
-1,-0.020712693209141916
2,0.10977972051096009
0,0.4811255598606031
-2,-0.03362176130407122
-1,-0.11910366338551805
0,-0.008439474456378883
0,1.9590321457904687
-1,-0.029508442771428545
-1,0.0289274735405856
-1,-0.020760692637579584
2,1.959842421791276
2,-0.02932985584790643
0,-0.005078439712053028
1,2.0018632196882766
-2,0.08420968088317102
1,0.5403064654417779
0,0.02711396946219675
-1,0.014022934447583407
-2,0.005284751940043231
1,-0.09511323365132915
2,-0.06101344497548155
-1,0.019208137373792046
2,-0.07959806229778382
1,-0.05088144784848888
1,1.0
-1,-0.034868704401211835
-2,0.041346579630339025
-1,-0.020596380183466517
1,2.0444205857853595
-1,-0.016410157117746408
1,1.0
2,0.012063380280813026
1,0.011307521769651652
-2,0.02575409518002763
0,-0.04711348545910319
2,-0.037793233992566566
2,2.0218397936752557
-2,-0.006724511211290926
3,2.177118123426064
2,-0.020415669659865843
-1,-0.013369443797598156
1,1.9065797369949324
1,1.0
-2,-0.04483796183518844
-1,0.0038590535055777957
-1,-0.015459640426566446
0,0.4929466098449297
4,1.9798362822907212
0,0.012046482052683929
1,0.006921226879439489
0,0.44458488806226837
1,0.028553112084152402
2,0.01180375642688038
1,1.0
1,2.048240269359298
1,1.0
0,0.42226933343882445
2,0.0007837822248061482
2,-0.029584100907689804
-2,0.005864212575913384
0,0.5224284152579277
1,1.9672818308343076
2,-0.022716430774678272
1,0.04873741822630937
-2,-0.01562991926339298
1,1.0
2,2.1920079395084775
-2,-0.0216036062438887
0,0.4904195975591126
2,-0.0013993792443390027
1,1.9655868756494836
1,1.0
-2,0.22143115670623684
2,0.11378976388442412
-2,-0.0020755692425638763
0,0.10458701390463884
1,2.0058755937907313
2,-0.02051918675579132
0,0.022429622646939998
1,0.447553452958807
1,0.47561275834532807
-1,0.009195327946554626
1,1.863066158334652
1,1.0
0,0.07685910688321625
1,1.0
1,-0.0036545801440507554
1,0.08847674031556124
4,1.9999241504203464
0,-0.03600654410229554
0,0.49335363463166365
1,0.06356843131089987
1,0.04490856203932983
0,-0.0048409073335294525
2,-0.034757673876296136
4,2.5077937831028616
1,1.0
1,1.0
1,1.0
1,1.0
1,1.0
-1,-0.02411809239918795
1,0.48794744431965886
2,-0.009463171126247089
1,0.5830862494210557
1,0.0054900391863058565
-2,-0.023929478735040807
-1,0.011434535470566196
-2,-0.05019626655758688
1,0.000617466935425724
3,2.025428474013746
0,1.9565510576237097
1,-0.0193872971913467
0,2.240544627614952
-2,-0.03586222054982616
-1,-0.024722495494452747
1,1.0
1,0.5053758418421732
0,0.5203107793026697
1,0.48472464542173965
0,9.62699206121011e-05
1,0.5335061266725628
1,1.0
2,0.02660387317090153
1,1.0
1,1.0
-2,0.017990797751503477
3,1.9583878999143454
-2,0.003276702137122244
3,1.8341406136759417
1,0.5019773004614752
-2,-0.04887206833633481
0,-0.020545971458718667
0,1.8512143956988023
1,1.0
1,-0.04898418939384484
-2,-0.010138588395433747
-1,-0.00993762144872817
1,0.0638668878305194
2,1.9957737989876552
1,1.0
-1,0.020155335567609033
-2,-0.04875383630945815
2,-0.0029832032557617384
1,0.42826332923976707
1,1.0
1,-0.02002999406777025
3,1.9344578344252716
1,0.10097228193052643
1,0.018834208114401813
1,0.17507791348341128
1,-0.039184340159931136
1,0.039980339947627154
0,0.046991604603080946
1,0.008728181356278458
-1,-0.04046104453474876
2,1.9849481857362767
1,0.01394986178178318
2,1.9123772318000964
0,-0.04163191963221845
-1,0.0017916798371736663
2,1.9749714994171672
-1,0.003898442735124019
0,0.03939585779039004
-2,-0.006915136388924143
1,1.0
1,1.0
1,0.0837321401045382
3,1.9247437860544547
-2,0.007625815458044983
-1,-0.04711348545910319
-1,-0.014273781493489355
2,0.01142772035984103
-2,0.007652355617560657
1,1.0
-2,-0.039184340159931136
1,0.0041884579096739824
1,1.0
2,0.02774123560714927
0,-0.027208857894481627
-2,-0.05019626655758688
1,1.0
-2,-0.036491347266896394
3,1.9680344824793807
0,0.5760995109116107
1,1.0
4,1.9915013295897201
2,-0.009183398002569542
0,0.5372527275776309
1,0.5002323251701387
1,-0.0914633839656801
3,2.1541379332109614
3,1.971333423272174
2,1.9760647084626215
-1,0.27025150046623986
-1,-0.0014780255362001086
1,1.0
2,-0.01215891330828427
0,-0.02480167824669537
2,0.00041561294087357826
0,0.05609010692130848
0,0.4454526011132487
0,1.9884842177084172
1,1.0
-1,0.0289274735405856
0,-0.013008606739808809
-1,0.03603767155165347
1,1.0
3,2.0212843569372363
-2,0.0140371573951618
0,-0.01301305345290709
0,0.01357474656922609
1,0.008498041111698147
1,-0.0093064789331992
1,-0.011841615891723327
0,0.026014101387261124
1,1.0
2,1.9874441209948372
0,2.0381515309809224
2,0.11206286161346465
0,0.0008962046681657268
0,0.0034366557935962615
0,1.9887117828037995
1,1.0
-1,-0.005074300062161603
-1,0.007424208848030863
0,0.0019101940054457223
0,-0.0276617496156616
-2,-0.019837613563863123
1,1.0
0,0.5074939648290793
-2,-0.4117209945895891
-1,0.0041884579096739824
1,-0.03439814143848003
1,1.0
2,2.002851147306906
-2,0.001805903822880136
1,-0.03586222054982616
-2,-0.05578375595408259
1,1.9474258432035902
0,-0.008840771803313878
0,0.5170708690977164
-2,-0.05191726524319803
2,1.9055682987589913
0,-0.022716430774678272
3,1.8148688092363963
-2,0.0038208898707391757
1,1.8696819013113983
2,1.8344635297989447
2,0.013341703966789076
0,-0.14592041828741492
1,1.0
1,-0.00028212949129002206
4,1.9348184056931077
0,0.5436689222716272
-1,-0.012851713978334725
2,-0.01096195089120319
1,0.004744938879628492
1,1.0
3,1.919018996097888
2,-0.04598759669601807
2,0.18614759601994435
1,1.0
1,1.0
1,1.0
-1,0.018280096550814744
0,1.9975471208343694
0,-0.004162528875529827
1,1.0
0,-0.030685145854207403
0,0.004728283268795881
-2,-0.0014779122891491097
0,1.8652900215539356
3,1.905246523363232
4,2.0124105430446777
-2,-0.026487969723335777
2,-0.004443551729866207
0,0.06428215474774504
2,1.4836043199002438
-2,-0.035852835506456265
1,1.0
1,0.469439405971389
1,-0.04007873982995673
4,1.9792021246967033
2,-0.0475785980065581
0,2.00522280180327
1,1.0
1,0.025443688543761972
-2,0.0020632257139431925
0,-0.07540051942959317
1,2.003338067776977
1,-0.03179262729632508
1,-0.0187070981017648
1,1.0
1,1.9999241504203464
4,1.9786249655026342
1,1.0
0,0.0638668878305194
3,2.0246255948093603
0,0.10613687378385579
-1,0.004497117933398857
1,-0.005876926079767916
0,-0.017001413933008476
-2,0.029036578406394953
1,0.03874488758909492
1,1.9398102171418492
0,1.997820770397632
1,1.0
-1,-0.03002010445630245
0,-0.026487969723335777
2,-0.006724223169133297
1,1.0
2,0.005374091863869716
1,1.0
1,1.0
-2,0.20050842126427615
0,-0.0661021904275792
-2,-0.0363604271729503
1,1.0
1,0.016825104144524795
1,2.0378083471381907
1,1.0
-2,0.0012501148881276006
2,0.026833983418131164
0,-0.011817114133830955
1,1.0
0,0.4918107538816288
0,0.45194499826408113
2,0.013940112465032099
1,1.0
0,2.089045691930428
0,2.050073843922884
2,-0.015901481485326528
4,2.019173153259183
1,0.004854682278973705
-2,0.035386791254870584
-2,0.0038208898707391757
1,-0.011043070106376928
0,1.9770687319651052
1,1.0
2,-0.11231240744748551
1,1.0
2,-0.01810785683676748
1,0.47941807516499113
2,-0.01121499918369622
-2,0.019403399262634423
0,-0.03073575169006516
1,-0.0010425707000761375
4,1.8860806722174683
1,-0.004162528875529827
-2,0.02232768679562772
-1,-0.008498930612090767
0,-0.034915416744391366
0,0.011782580916051806
2,-0.006310740553089583
0,-0.07364180176612854
1,1.0
2,0.055371280659484136
3,1.9975411040819189
1,1.0
0,-0.01697596629723246
-1,-0.04163191963221845
1,1.9760647084626215
1,-0.07175211585132202
2,2.0265684267620325
1,2.0115498357200674
2,2.031830406411199
3,1.9565510576237097
2,-0.008616902864181451
-2,0.00578215129385085
1,1.0
0,-0.043931844151103974
1,1.0
-2,-0.009463171126247089
4,1.9959057210954105
2,-0.033160551821384866
1,2.002724045271283
4,1.896722605460515
2,0.012219948702886929
0,0.5224284152579277
0,-0.05019626655758688
-1,0.02664514693181423
0,1.875533809656642
1,2.003362466524467
-2,0.06747429160136251
-2,-0.05288973896971192
1,0.05988902818693255
-2,-0.015534244391479742
0,1.980377609672795
1,1.0
-1,-0.02503411379143289
-2,-0.036262378711118474
1,1.0
2,0.01387494643826332
3,1.946897063796058
1,-0.013607049515743985
2,-0.0054295465253504345
0,2.0378246938219213
1,1.0
1,1.0
-1,0.013341703966789076
1,-0.08436399286332304
-2,0.043100154840221803
-1,0.004497117933398857
1,0.4087946706728564
-2,-0.003329292778855678
0,0.342991186017056
-1,-0.029716964649853735
2,1.986275949463155
1,2.0006748818854496
1,1.0
1,1.0
1,1.0
1,1.9586299965054923
-2,0.001970542619036666
0,0.5402489910367756
-1,0.020163114191274714
-1,0.030876515630863677
2,0.04577160659962177
2,2.1113347042843804
1,-0.02911481359007023
-2,-0.009183398002569542
-2,-0.00028212949129002206
1,0.021163857096536124
2,-0.025284215689448608
1,2.0475909317112366
2,-0.009086131652157815
0,0.059481568844382195
3,1.9253734486792453
-2,0.03520197371922305
0,0.01615736620107344
1,1.8711455901864706
4,1.9344578344252716
-2,-0.015376833542860688
2,-0.005133265557190111
-1,0.02765284771756462
0,0.5800423681391227
0,-0.0036545801440507554
1,-0.031078057153382785
-1,-0.021969322461832294
1,0.025443688543761972
1,-0.14261818108337548
0,-0.017458780829497873
1,-0.0297134733495468
2,-0.02234532594770451
0,0.006900341378776913
-2,-0.03179262729632508
2,2.030547091086455
1,1.6981540491920017
2,1.9970426640485115
0,-0.007710276175914046
1,1.0
1,-0.045969824203045954
2,-0.020760692637579584
0,-0.025290805947110858
4,2.0242081198188107
1,1.0
0,-0.022716430774678272
2,0.005864212575913384
0,2.0666369044376247
0,0.45529780338709464
-2,-0.0664446529239192
4,2.0172496067286834
-2,-0.0029832032557617384
-2,0.010009508398804512
-1,-0.016356814634678803
1,0.4992723557657564
0,0.02664514693181423
4,1.917129082710942
0,0.46108344507617305
1,1.8986396256519478
1,0.06078909575009241
1,2.0571816674489956
2,-0.02726231930684305
2,-0.048629214856035476
4,2.0058532839281575
1,1.0
1,1.0
2,2.022774084239396
2,0.006204941652442136
1,-0.0504661695636632
2,-0.08978953069851875
0,-0.009086131652157815
1,1.0
2,-0.0004959160752281656
1,1.9251634808135412
1,1.0
2,0.05991273220487727
3,1.8401919621308889
-2,-0.006086796009955896
0,1.9403793216646343
1,1.0
1,0.01849311941028551
-1,-0.0026593713532557244
0,-0.03084636906034698
1,2.000413446967933
-1,0.014153327100088663
1,1.9191324114726884
-2,0.02232768679562772
2,1.9845730140531554
1,1.0
1,1.0
2,2.1398491664403294
3,2.002735434155728
0,0.05682149237001483
-2,-0.0220188764951689
4,2.136945580127396
-2,0.010559820705179641
-1,0.02859343984507824
2,-0.012171412217025019
0,1.943063991562465
0,0.006204941652442136
-1,0.007126171616321151
-2,-0.05051552308604948
1,2.1966716547435237
-1,-0.03255049386389296
1,-0.0004959160752281656
0,2.055834350574841
3,2.0734449773684984
4,1.9720931076397432
0,1.8756998458175949
1,1.0
2,-0.046238769634357135
-1,-0.012385643524643069
3,1.9640258206119026
-2,0.02688002196510133
1,-0.034915416744391366
0,-0.02836172011787478
-1,-0.03419140164147611
1,0.029910664967745953
1,1.0
0,-0.022479151633026856
-1,-0.07320640862051192
-2,9.62699206121011e-05
-2,0.03339925946290172
0,0.010009508398804512
2,1.9142935612642822
-1,0.02510439509397249
-1,0.21874783006548895
1,0.013045640471777697
1,1.0
0,-0.057560491726505535
2,0.022411691665592363
1,-0.0325504890448807
-1,0.07592685930649411
1,0.03452673918695912
2,0.08396754399922197
0,-0.019837613563863123
-2,0.018280096550814744
-2,-0.018636015653125736
1,1.0
3,2.055834350574841
0,0.48629301292215465
0,1.9597118441076882
0,-0.045507516012735304
-2,-0.0742826748461555
1,0.014138793269743894
1,1.0
0,-0.034318242527649916
2,0.024237222878963703
1,0.013242086351134184
1,1.9817443010380558
4,1.990264475633224
1,1.0
1,-0.0049212976900669244
-1,0.013823219883581489
0,-0.003329292778855678
2,-0.009290206242995463
1,0.4888241140208799
2,2.0345229297971734
0,-0.013904659563619344
2,-0.046842545050009274
3,1.9597118441076882
-2,-0.03377165979076525
-1,0.0033452942483815904
-1,0.03179846694346644
1,0.5735732776636739
1,0.016372057975176543
4,2.029892131158562
-2,-0.04711348545910319
1,1.0
3,2.025004441964808
0,0.5260175281129332
1,0.5567290065687135
-1,0.013823219883581489
0,0.4877329297779807
1,1.9647080508196455
0,0.062295683886284196
1,0.12087958107015628
1,1.0
-1,-0.003329292778855678
1,-0.009517882749513205
1,0.0037262491774852093
0,-0.06493431458118115
-1,0.009059392864947583
-2,-0.048922434846589445
0,-0.044038886210714924
1,1.0
-1,-0.15195291134971572
4,2.1124348933891173
0,0.05410403598188677
-2,0.020150102826637963
1,1.0
1,1.0
-1,-0.025284215689448608
1,-0.03443370034476011
-1,-0.007145758790657646
0,-0.01655775848336431
-1,-0.03235635241380048
1,0.0014802650279894993
1,1.0
3,1.8306569496311473
1,1.0
-1,-0.0031754411085496478
1,1.0
1,1.0
1,1.9830565586111542
1,1.0
0,-0.012458668050356505
2,0.0289274735405856
2,-0.09854798348897532
2,-0.04211975131503151
2,0.006285666565641982
-2,0.013951243398534851
1,1.0
0,-0.06207711056091008
2,0.029256691906444813
0,0.10550473981445699
4,2.001401395666841
1,0.02143528698711848
1,0.01357474656922609
1,1.0
4,1.8864309996654702
1,-0.014323201222481714
2,-0.037842896639427574
-1,0.006608513776858783
-1,0.0008776042457636807
1,1.0
-2,-0.0040506296565233245
1,0.44437513565884224
0,0.02510439509397249
2,0.010565021686989464
-2,-0.001663632529375368
-2,-0.008301763981843104
1,0.043100154840221803
1,0.02688002196510133
-2,-0.020134467981042486
1,-0.012339171194060576
-2,-0.01349665519129246
0,-0.006861660375082237
2,2.0042374940404857
0,-0.014003771229430317
-2,0.0019977222038350248
1,1.9352252469160651
-2,-0.016597014042686323
1,1.0
-2,-0.012004231635563318
0,-0.00843450012400468
0,0.0034138228487587863
1,-0.004945336139439815
1,-0.04526874911393888
4,2.0081157969151007
1,2.035205893935634
2,0.015555512736318335
1,-0.028073971240985148
1,0.3330248003262244
4,1.8794913503410273
1,1.0
1,1.0
1,1.0
0,-0.016128430008649296
0,-0.026691705944003847
1,2.0378083471381907
4,2.0027748240938186
0,0.07663993624147286
0,0.00615064500801781
2,0.0021983606059816363
-1,0.15191529440210455
1,1.0
-1,0.03194747820568554
0,0.0014802650279894993
1,1.0
3,1.9625391550251106
0,2.2401295276246147
-2,-0.03981747254782539
1,-0.011817114133830955
-1,-0.00041370948259053124
0,0.01593148495081756
0,0.370737007619351
3,1.8808504412077522
1,1.0
0,0.4851666060576848
1,-0.03160502376570316
-2,0.15191529440210455
1,-0.007958128288298245
-1,-0.1565016762016035
1,1.0
-2,-0.017408333284400196
0,0.47994176033413416
1,1.0
-2,0.04077979557050835
-1,0.006224310680097382
1,1.0
-1,-0.0843783862913632
1,-0.03973590965031128
-1,0.019942351561681514
-2,-0.0036274000967628293
2,-0.0450133504712078
1,1.0
2,0.02403329968789764
0,0.00898265504394392
1,0.004728283268795881
1,1.0
-1,0.07473643850650696
1,-0.026837153189897246
-2,-0.011343640001197858
1,0.03452673918695912
2,-0.03160502376570316
-1,0.0019977222038350248
0,-0.020760692637579584
1,1.0
1,1.8117701431774031
0,-0.008366559747196502
3,1.9169228912826117
2,0.026049289778522985
-2,-0.006414579125856365
2,0.005428700406283452
3,2.019507443997588
1,-0.011995275087392947
-1,-0.02179463609092065
1,1.0
0,-0.001663632529375368
-1,-0.026837153189897246
-1,-0.04163191963221845
0,0.053094714426377324
0,0.0038208898707391757
1,-0.013129380375253267
0,1.973969740710985
-2,0.05625815094969115
-1,-0.015901481485326528
2,-0.026824725736481855
1,0.006608513776858783
1,0.007424208848030863
1,0.017553896302812014
1,1.0
1,1.0
1,1.993699353763053
-1,0.02950691289810593
1,0.4888241140208799
1,-0.04211975131503151
1,1.0
-2,-0.009086131652157815
1,-0.03498913819349523
1,0.013574990626149402
2,2.0395808531978816
3,1.99615517731627
0,2.0381515309809224
-2,0.004165640318717461
-2,0.019709974468549368
2,0.016675259836029157
2,0.06718189040872695
1,1.0
1,1.0
1,0.016013899492651737
3,1.988913276753288
2,-0.0038621347654635304
-1,0.027028303958444338
-2,-0.11790005584201096
2,2.014293863140024
2,0.015450391027570723
-2,-0.027025179059229368
1,-0.012609075666485631
0,-0.057560491726505535
1,0.035386791254870584
1,1.92682055518171
-2,-0.028076560288962184
1,1.0
1,1.0
0,-0.00028212949129002206
1,1.0
1,1.0
2,0.008373816472382906
0,2.0752524080625268
-2,-0.04887206833633481
-1,0.007898019486597558
0,-0.02226774918857228
2,1.7703967019175157
1,1.0
1,0.016428706650639405
1,1.0
0,0.5114931128697714
-2,0.007561374125588957
4,1.9896262003973806
0,1.949682520316335
2,0.030837751290910195
-2,-0.0040217840579525425
0,2.013670614066086
-1,-0.0036274000967628293
0,0.006890423347408572
-2,-0.011817114133830955
-2,0.01752617703895739
-1,0.05315198456725844
-2,0.018637000499826827
1,1.0
1,1.0
2,1.9147791244718328
0,-0.02632906894398287
-1,-0.025948353072132918
2,-0.020913249202727528
2,1.9199806331657225
-1,-0.018352730979566138
0,0.465096103234558
2,1.8920739284569503
1,1.0
-1,-0.0046339742205970536
3,1.9741239044989667
0,0.5363671010215159
1,1.0
1,1.0
1,-0.017763739182420402
0,-0.01636032379420288
1,-0.014585239898705386
2,0.03961527852134272
1,-0.022532011417674965
-2,-0.049679819014231644
0,-0.05497118969761722
4,1.9862627068885113
1,1.0
1,2.077602633088526
1,1.0
1,1.0
0,1.9413611985650687
-2,0.0004085560361317139
3,2.0423050384554444
4,1.854721469032174
-2,0.10979634453103616
-2,-0.001177893720921398
2,-0.026413637866106402
-1,-0.024467111028670895
2,-0.03480284479372131
-2,-0.1259392625276825
-1,-0.02911371876020398
0,-0.03443370034476011
-2,-0.020596380183466517
1,-0.02081724809715116
-1,0.02403329968789764
3,1.933649088084288
1,-0.03377165979076525
0,1.99978447980445
-2,-0.010250117825249514
2,0.026701752108281164
-2,-0.005481079141901622
3,1.9730966485711914
1,1.0
0,1.9800260316386713
1,-0.034551364034456876
4,1.977751996745209
1,-0.01659841650413073
1,2.2146588116247035
3,2.07624998847297
2,-0.05461398371405976
1,1.0
0,-0.009249747930525165
1,-0.05088144784848888
1,-0.1401282487868756
1,-0.024189667747235452
1,1.0
-2,0.06428215474774504
1,-0.006414579125856365
1,1.0
1,0.4143661994660493
2,1.915146661295854
2,-0.17751850032858696
-2,0.00898265504394392
1,1.0
4,2.0295524939554155
-1,-0.040668637782253846
2,0.0038208898707391757
1,1.0
1,1.0
1,1.0
0,0.02126583080040802
1,1.0
0,1.9207550343274349
1,1.0
1,-0.03696182487434768
2,0.005956448726509841
3,1.9233072937086098
0,1.9742712227625103
1,1.0
2,0.0004516252309004658
0,0.005916540099015372
0,-0.008000096185884794
-2,-0.0048409073335294525
-2,-0.005641886639611852
1,0.017075984286468508
1,1.0
1,1.0
1,2.0810322732215782
1,-0.008791975143306601
-1,-0.10540394228214939
4,2.0852482531641585
0,0.4737254716511829
-1,-0.06904847887992399
1,1.0
0,-0.039184340159931136
1,1.0
0,-0.21155832419568146
1,1.0
0,0.008012957294116002
0,0.47711569839159884
1,1.0
2,0.010830482686007607
0,1.9008836145954917
2,0.00578215129385085
-1,0.006942358113663318
1,1.0
1,1.0
0,0.42722224999041664
0,1.9954176768109146
0,-0.040418077101203806
-2,-0.0030459130599469054
-2,0.006380373855380029
0,1.8802434017732443
2,-0.03316804963051305
0,0.0319597600468795
0,-0.02480167824669537
1,1.0
1,1.0
1,1.0
1,-0.1342335005051992
-1,-0.0696215458899216
0,-0.06101344497548155
2,-0.012206389024798434
2,-0.12821841150339824
-2,-0.01628771457392521
-1,-0.0049212976900669244
1,2.0167476523096184
1,1.0
1,0.35631644602702806
1,-0.08057993663959621
1,0.4491371693228863
1,2.077602633088526
3,2.114695874878881
1,0.016013899492651737
1,1.0
4,2.1201821084126924
3,1.9147791244718328
1,1.0
-2,-0.003901380915753627
-1,-0.05479914065596241
1,0.4650564864445384
1,1.0
2,-0.1599265280125284
-1,-0.014009142390621407
-1,-0.024750655894539297
2,-0.00993762144872817
0,0.59384235460029
-1,0.016733747179526047
0,0.03368816434178682
0,0.008544046896117177
1,0.005864212575913384
2,0.0020135226651092704
0,1.9775159682874817
1,0.5665377613271029
2,1.9185459150726476
-2,0.06428215474774504
1,2.0465621471920046
2,-0.016356814634678803
1,1.9831573227141723
1,1.0
1,1.0
1,1.0
-2,-0.04473172277749206
0,0.481900093518202
0,-0.0251009567125654
0,-0.001663632529375368
1,1.0
-2,-0.008158025272907368
0,0.027036020134402827
1,0.01148450808673597
1,-0.09864680299816792
1,0.5065537968799293
1,1.9320154642783323
0,-0.006401638939690879
1,1.0
1,2.0579748775274194
0,0.0022695324566115384
1,-0.032263842992253905
1,-0.0841103978193465
-2,0.0030418875590908197
-1,-0.003774096084534403
0,-0.015422097420656334
0,2.1794001422029594
1,1.0
1,0.041346579630339025
1,-0.04526874911393888
0,0.02997846512226527
3,1.9758610566740649
2,-0.01711422056076077
1,0.01947885514374408
1,1.9674580588529356
1,0.509160689492678
1,-0.16800439138233444
2,-0.01883826671867661
1,1.8548820045354295
2,0.02403329968789764
0,0.03996345925153662
-2,0.002789703125590848
1,0.0017790805173349834
-1,-0.02302836822926296
-2,0.006921226879439489
-1,0.030363724444119562
1,1.0
1,0.00615376322485859
-2,-0.006986850974063982
1,2.1376871141341987
1,1.0
2,-0.0015622841505143975
-1,-0.04619855854302411
-2,-0.03468468688595327
4,2.1514110287516477
2,-0.04681516388069339
0,0.13963080915970344
0,0.051476778417132385
1,1.0
0,-0.0261070912104417
-2,-0.012918785256693616
2,-0.08074906268908162
1,1.0
0,0.0014134663330675964
1,-0.02742331269436147
1,1.0
0,1.9656808704472644
0,0.004501012679281772
2,2.135515778837277
1,1.0
4,2.01103907539524
0,-0.04711348545910319
2,0.029256691906444813
1,-0.0157229290870604
2,-0.07959806229778382
0,0.4218130003284728
1,-0.005858490844282246
1,1.0
1,1.0
2,-0.046824543922756076
-2,0.026139865238157683
-2,-0.001484570782736851
-2,0.043644733609770545
1,1.0
1,0.020172489064996996
-1,-0.0036289686197859745
-1,0.021163857096536124
0,0.4952760849255345
4,1.9452239408237648
-2,0.039347622269071264
-1,-0.02793821198155028
1,1.0
4,1.9703182599385334
-2,-0.10184752175671606
0,1.988675092503689
4,1.9527819261470816
1,0.11230245305358552
0,-0.023050640295983887
1,1.0
2,-0.03559165773603087
0,-0.004130949147704877
2,-0.08549978988938356
-1,-0.005776325480372214
-1,-0.006790194698363442
1,-0.01386313519086686
2,-0.011195711117358731
-1,-0.04480102605099173
3,2.0073318853578535
-2,0.03021403629982749
1,1.0
1,1.0
2,-0.020360649431310024
1,-0.007460238224495581
1,1.0
-2,-0.025773072694211266
1,2.082527363724533
-2,-0.0014779122891491097
0,-0.02880434805127574
-2,-0.03705057983821099
0,2.058685056845313
2,-0.01822772580127466
3,1.943500606673672
1,-0.002575515920724142
1,-0.029998049684402162
1,1.0
2,1.971333423272174
0,-0.016999234459157728
-1,-0.011198886838780777
-2,0.011940094703006294
1,-0.024618838605772554
2,-0.036262378711118474
-2,-0.040418077101203806
2,-0.03214555514874206
3,2.175267049136196
0,-0.02411809239918795
-2,-0.018161822517407646
1,-0.012676431717839743
-2,0.06036393165682395
1,2.021333302868615
-1,-0.01349665519129246
0,0.06350986429249325
1,-0.03712716881395245
1,2.0297637300036926
1,2.0206670562229068
1,2.019173153259183
1,-0.04115201822883864
1,1.0
0,0.06246161862931482
2,-0.053868381135035254
-2,-0.005776325480372214
2,-0.04224529747557204
1,0.5261485688998336
-2,-0.07959806229778382
0,0.5132887324068135
2,1.8548764116271215
1,1.0
2,0.035470232658521
-2,0.05049787625657109
1,1.0
1,1.0
1,1.0
1,0.00478106543037021
1,1.0
-1,0.0018409241781793464
4,1.9472409336492875
4,2.025587469490809
1,-0.001258985859507945
1,0.5224266673120243
1,0.008180066905238294
3,2.013009776585467
1,0.023344430206166947
1,1.0
-1,-0.014529615817967826
-1,-0.006585826032229226
1,1.0
0,0.028378753828253236
1,1.0
1,1.0
4,1.8930467947710008
2,-0.07911941055627125
2,-0.032693844163840885
1,1.981945595966125
1,2.231545269943213
2,0.005374091863869716
-2,-0.011343640001197858
2,0.3787571031774406
-2,-0.0187070981017648
1,1.0
3,1.9331747628095892
1,1.0
0,-0.0013789659727180966
3,1.94658445210834
2,2.1515250735351614
-1,-0.06606233887632582
4,2.065791221441243
2,-0.02932985584790643
0,-0.022188438392951357
-1,-0.0010425707000761375
2,-0.005438752356636359
1,1.0
1,0.4716221584177911
-1,-0.025773072694211266
4,1.8883160750102923
1,1.9469864461588062
2,-0.022205839717088113
0,-0.03174467570813897
1,1.0
0,0.030363724444119562
1,2.0126216690464314
0,-0.009314781101609118
1,2.0421508828272756
1,0.46338993202379897
-2,-0.006414579125856365
2,0.011956334273681818
1,1.0
-1,-0.008710306411321074
1,1.0
4,2.131006299835271
0,0.4244500630977284
0,0.03939585779039004
1,1.0
1,0.007658778570362393
-1,-0.013607049515743985
1,0.0019101940054457223
1,2.0354347695643393
1,1.0
1,2.0381515309809224
0,-0.02302836822926296
-2,-0.04673251054295257
0,0.009327013621887793
1,1.0
0,-0.022169047030785753
-2,-0.12246665456789418
1,1.0
1,-0.02069132932057843
-1,-0.14424895481285802
1,-0.03137704327314171
0,0.5012978469077685
-1,-0.469220980140125
1,-0.013869215923292837
0,0.009702088675595905
1,1.9353940220070485
4,2.015717148343171
1,0.005229199118006764
1,0.008165344044651503
2,-0.020712693209141916
-1,0.03154636718905163
2,-0.017527247261183772
1,-0.014638767704459398
2,-0.01759500538785147
0,-0.0029832032557617384
2,-0.016999234459157728
2,-0.004258639239227954
2,0.018206459509790003
0,2.0256221062384174
2,0.0393624726155363
-2,0.02388852122406815
3,1.9896233688315368
2,0.018670790408401264
1,0.021163857096536124
1,0.5222483868518902
2,2.0442874329544516
2,0.007709077067399705
-1,-0.07823948113205138
1,-0.02947161483228803
1,2.0085361105018644
2,-0.10325256693540677
2,2.0395808531978816
-2,-0.011995275087392947
2,-0.14427353937055437
-2,0.01752617703895739
-2,-0.0220188764951689
-2,-0.019880433301992226
1,1.8480365539122672
1,0.034412814827009
4,2.0061512379321114
0,-0.002575515920724142
2,0.03364509507585258
1,1.9312057036549888
-1,0.0051614949569185106
-1,0.052746876598682144
1,-0.03232952402510007
1,2.023542896091767
4,1.9884842177084172
2,-0.06984083944977665
-1,0.00578215129385085
-2,0.019636489110514046
1,1.0
1,1.0
1,-0.04845623868757282
2,-0.02253177641218989
0,0.0008776042457636807
-2,0.007208359603372945
1,0.04886140256804079
-2,-0.02742331269436147
1,1.0
1,1.0
4,1.9744991252941761
-1,0.0038208898707391757
1,1.0
-2,0.22591071730909795
-2,-0.039973223314685266
-1,-0.13365156437407838
3,1.9593614888010518
1,0.013728907017830996
-2,-0.03107334471400053
0,0.009341317681253014
0,2.0212149774984445
0,2.433251239310884
-2,0.055690422450340164
-2,-0.012004231635563318
0,0.0037189449886660276
0,0.0019569859717643422
4,1.9733966252964523
1,1.0
0,-0.01683912960727004
0,-0.016271007096466936
0,-0.0006286160657992437
-1,-0.005858490844282246
1,1.0
2,0.00037392451829011886
-1,-0.0023143492477900396
-1,0.023709002419452174
1,0.04551437771577944
1,-0.006988995949327833
1,0.014899229464044116
3,1.8742657685602009
-1,-0.011740257290046758
1,1.0
1,1.0
1,1.0
-1,0.0022695324566115384
0,0.022478776840516496
3,1.865518201991103
0,0.4627809213221324
-2,-0.009249747930525165
1,0.03169297821386873
1,-0.03032875082722958
0,0.016013899492651737
3,2.015717148343171
2,-0.18340462130179136
-2,0.0024045365657589393
0,0.013341703966789076
1,-0.0022994496363612
1,-0.01386313519086686
-2,0.013341703966789076
0,0.017316776667177413
0,-0.03847193162811251
-1,-0.040668637782253846
1,-0.02545379335237799
1,1.0
3,2.0321095338484776
1,1.0
0,0.1001432802390101
1,1.0
1,0.4007136841258021
2,-0.022716430774678272
1,-0.014593898675720014
1,1.0
-2,0.001695634901261788
1,0.5177436132933615
2,-0.040668637782253846
1,0.02575409518002763
0,1.9999241504203464
-2,0.02838089678819612
2,1.9202863310995204
-1,-0.010516437763087692
-2,0.0068541360366089895
1,1.0
0,0.5107684128402216
-1,-0.0928193617893272
1,1.0
2,0.035185787623416
2,1.9501849708633399
2,-0.04724473214143663
-2,-0.14454464821419266
1,1.0
-2,-0.0023143492477900396
-1,-0.07823948113205138
2,-0.12771283935760314
1,-0.005074300062161603
1,1.0
1,0.007413555210168756
1,2.0126216690464314
0,0.0002495242748969627
2,0.0024045365657589393
-2,-0.020760692637579584
4,2.077602633088526
1,2.153762534264833
2,0.005229199118006764
-2,0.026014101387261124
1,1.9819442056204075
-2,0.0031551235603534704
-2,-0.0014779122891491097
1,0.00026203465884801436
-2,0.033182445694067864
2,0.07950479166394159
-2,0.011489840128894589
0,1.949533043916452
0,-0.03179262729632508
1,1.0
0,-0.07470436968211308
2,0.0002815284900660159
0,0.004820690619247831
-1,-0.03162033044530451
1,0.03158864631000616
2,0.01392279527377044
1,0.014899229464044116
2,2.0422102143307814
2,2.0058532839281575
1,0.3642731011335211
4,2.0006748818854496
2,0.0019977222038350248
0,0.04873741822630937
1,-0.009263420476152822
0,2.02474680121238
1,-0.02330192802045474
-2,-0.05581369567216097
-2,0.014899229464044116
-1,0.003276702137122244
2,0.01961793325712319
-1,-0.014070240855191868
1,-0.04711348545910319
1,0.004089280545480498
0,2.1319281614183314
1,-0.019807603495429787
0,0.05396715496949374
1,1.0
1,1.0
1,0.6867253675571672
-2,-0.0076313907759917934
2,1.9825132459491082
1,1.0
1,1.9361254838846833
-2,-0.005438752356636359
0,0.022325625014917656
2,-0.006861660375082237
0,1.9501849708633399
-1,0.03520197371922305
-1,0.011434535470566196
0,-0.07823948113205138
-1,-0.06771994250098898
0,-0.016128430008649296
1,0.0652843398474402
1,-0.05076572868803161
1,-0.0504661695636632
2,1.9622663712949124
3,1.9433287120135752
1,0.016013899492651737
1,1.0
1,1.0
1,0.4759299821120425
1,1.0
0,0.014138793269743894
1,1.0
0,-0.05019626655758688
1,0.034036626069125914
0,0.01038730242000492
0,0.02575409518002763
-1,-0.007514545177191264
2,1.7784615931278782
2,-0.05088144784848888
0,0.46374863186772236
-1,-0.009067569825910242
0,-0.2345512729817686
-1,0.006140843562462795
2,-0.012004231635563318
4,2.0812127875625435
1,0.06196762511233006
0,0.4903428943654044
3,1.9061695653133253
2,1.8276696347331294
1,0.45911422284857806
-2,0.00578215129385085
-2,-0.00028212949129002206
2,-0.007751243642956695
2,0.034966441040956274
0,0.48226014118899146
1,1.0
1,1.0
0,-0.03229714906724884
1,2.0204800645501946
1,1.0
1,-0.004869545796451342
0,0.5191123092807043
-1,-0.013829004799103463
-1,-0.031259856032040546
-2,-0.02932985584790643
2,0.02403329968789764
0,-0.06259374903152785
-1,-0.0497043929021297
0,-0.040418077101203806
1,-0.011995275087392947
1,-0.004837116855697782
1,-0.0423158416838949
1,0.5372527275776309
4,1.959581912311289
-1,0.059132727084574774
1,1.0
-2,-0.02947161483228803
-2,-0.007706214965080408
1,2.043351667371854
4,1.985902124771161
1,0.021931957459513395
-1,-0.02494392805072774
1,0.03896530416918953
0,1.9105012300031896
-2,-0.010226667448910041
1,1.0
-2,-0.03084636906034698
-1,-0.013509681450486503
-1,0.003719741476688899
1,0.4557410181969789
0,0.47651043788338654
1,-0.03316804963051305
2,0.055371280659484136
1,0.029969106179649634
0,0.018834208114401813
-1,0.04239987257162944
1,1.0
-1,-0.03505812218572227
-1,-0.06466812556705089
-2,0.01752617703895739
1,-0.0022417746140195806
-2,-0.0042709543815342395
1,-0.01626514729380318
2,1.8548764116271215
-1,0.0022695324566115384
2,-0.006414579125856365
0,2.023329004065553
0,-0.025447375652408875
0,9.62699206121011e-05
4,2.0117234171735263
1,1.0
2,-0.02095915169591603
0,2.0010828069180544
1,0.42444039543148876
1,0.003898442735124019
2,-0.07823948113205138
-1,-0.040668637782253846
1,-0.002246196816887347
2,0.004778342921297203
-1,-0.05902147766000986
1,0.009719808491712426
1,2.015717148343171
3,1.9688963578503473
1,1.997480155191182
1,-0.11608776401101834
4,1.8961620734218803
-2,0.12537228399837802
3,2.172983611640168
0,0.4840527954465256
0,2.0994543986374152
1,-0.06259374903152785
-1,-0.008371542450236224
-1,-0.005078439712053028
-2,0.015951033603524747
1,2.013670614066086
2,-0.014997679660532387
-2,-0.020545971458718667
1,-0.06216137883399915
1,1.0
0,2.0365200967347743
-2,-0.015067521355943324
2,1.994447528911725
-1,0.001695634901261788
4,1.9142935612642822
4,1.9523467894834141
1,-0.0033628453509074513
0,0.4862779030243864
1,0.003050411213763264
1,1.0
1,1.9688963578503473
1,-0.011238673609254776
0,2.019173153259183
1,1.0
-2,-0.004443551729866207
0,0.0022695324566115384
1,0.36155499347326453
1,-0.0417375175017625
1,0.4747715187632331
1,1.0
1,1.0
0,2.1379651134608224
1,-0.05003013609973579
2,-0.08212778413472409
0,0.5223648400609013
-1,-0.0628701446329088
1,1.0
-1,-0.025284215689448608
0,1.9637004668900622
2,1.931477810511687
1,1.0
2,-0.007664751555339454
1,1.0
4,1.9433657421040453
2,0.02388852122406815
-1,0.013940112465032099
1,1.0
-1,-0.06417024122011802
-1,-0.011293551608083043
3,2.182090263447024
4,2.0085337344158622
-1,-0.005133265557190111
-2,0.0317072610112426
1,1.0
-1,-0.0843783862913632
0,-0.0053840945715891535
2,1.9869367589539164
0,0.0008272756872416498
-2,-0.008439474456378883
1,0.006267977161075505
-2,0.02688002196510133
1,0.042836072401722006
0,0.48060545693852846
1,1.8869036973920492
-2,-0.034551364034456876
2,1.9798362822907212
-2,0.02917182723841805
-1,0.0006763557117422861
1,-0.13063124681340577
0,-0.10184752175671606
1,1.0
4,1.956700438982465
0,-0.012136941411849598
2,-0.016513929045919667
1,1.0
2,-0.12079503903249973
1,1.0
3,1.9734666692595988
-1,-0.02480167824669537
0,0.05991273220487727
-2,0.0019977222038350248
1,1.956218283472448
1,1.0
2,-0.014140147457744359
1,1.0
2,1.988913276753288
-2,0.018637000499826827
0,1.8835466093941327
0,-0.0044351438888664205
1,1.9269965540016962
1,1.0
0,0.5016623627077202
1,1.9684050487865687
0,2.0168835254365556
1,2.1396836963664447
1,0.035386791254870584
1,0.5319478949625626
0,-0.0093064789331992
1,1.0
1,1.9406896487724208
3,2.2082203641324387
-1,0.001970542619036666
1,2.1202808345392286
0,0.0289274735405856
3,2.041074677694768
0,0.03996345925153662
0,-0.032693844163840885
1,-0.03362176130407122
0,-0.034915416744391366
0,0.020374879038410044
0,-0.034868704401211835
0,-0.23368576747348666
-2,-0.025284215689448608
-2,0.03216375229968028
-1,-0.021556543449340656
1,1.0
4,1.9749714994171672
1,1.0
-2,0.013062582720189887
2,2.1866310222120955
1,1.0
1,2.228051659938113
3,2.0098597090442762
-2,-0.0009194372634221831
2,-0.004430739596422222
1,2.098903959198103
0,0.024247103344133717
0,-0.033160551821384866
1,1.0
1,-0.019837613563863123
1,1.0
0,0.001695634901261788
1,1.0
2,-0.040418077101203806
0,-0.028373150063614686
0,-0.0023143492477900396
0,-0.01960441590582582
-1,0.000617466935425724
1,-0.005135353746471236
2,-0.034238976492654595
3,1.9261060171539186
0,1.991731867886665
-1,-0.032095473466672166
-2,-0.0843783862913632
0,-0.05088144784848888
0,-0.03377165979076525
0,2.043398854417737
-1,0.028553112084152402
-2,0.003719741476688899
2,0.045635144843823736
1,1.0
-2,-0.0011001354945069748
3,2.1528220442693202
1,1.0
-2,-0.046377318961593535
0,0.5075727349197208
-1,-0.01571955716998946
-1,0.06917658859864326
1,1.0
0,0.4515349242406924
1,0.5438068709353694
2,0.007898019486597558
0,-0.0020755692425638763
-2,0.01406204601965466
1,2.068108611032868
-1,-0.03737026583492785
-1,0.026833983418131164
0,2.0459609469387887
3,1.9396989162725007
1,-0.02372104513175065
-2,-0.03362176130407122
-2,-0.003598666218873224
0,0.0012501148881276006
-1,0.015920810758805123
1,-0.0002228215195130248
-2,0.029256691906444813
4,2.017293628568641
1,-0.019837613563863123
3,1.9455583958047753
-1,0.02742235386269466
1,1.0
2,0.01947885514374408
-2,0.003719741476688899
-2,-0.05113097172685181
-2,-0.02244493010065498
1,1.0
0,-0.046824543922756076
1,1.0
1,1.0
1,1.0
0,-0.02777497321573855
-2,0.08050604880142873
1,1.0
0,-0.03505812218572227
-1,0.019208137373792046
2,1.9487186909588265
-1,0.004728283268795881
-1,0.010026590558075997
1,-0.01401621494162288
0,0.05275604616820737
2,0.018710069965686367
0,0.003309226426811961
0,1.9481018997532598
-2,-0.050768753629166705
-2,-0.010765455774177255
-2,0.030364502206154307
1,-0.025284215689448608
-2,0.08251182348740206
0,0.5479991202675587
2,0.03761832153505988
4,2.055834350574841
3,2.025587469490809
2,-0.03618982821852601
0,0.00884266307128326
1,1.0
-2,-0.008000096185884794
1,1.0
2,1.9372987665634016
-2,-0.02480167824669537
2,-0.03897080949360582
1,-0.046377318961593535
1,0.0028053059939205506
-1,-0.020557794007137975
0,-0.019453586440528435
1,1.0
3,1.9162422191098634
1,1.0
3,1.956108577713387
1,1.0
-1,-0.026374645349013733
-1,0.014899229464044116
-2,-0.005190764171590915
1,-0.01074684178914153
-2,-0.024046222886004682
0,0.469439405971389
4,1.9970426640485115
1,1.0
1,-0.016377626283999892
2,2.0168835254365556
1,1.0
0,0.017990797751503477
0,2.0752524080625268
1,-0.020647744259739986
-1,-0.023658340982707166
4,1.9816742415800734
-2,0.04666919353507788
1,0.009195327946554626
2,0.0020135226651092704
-1,-0.022205839717088113
1,-0.10579006338938352
-2,0.017487298920905246
0,-0.01759500538785147
3,2.0057503377364614
2,0.011297560188920051
-1,0.0357642605601322
2,1.9693243394794768
2,1.9645400510204873
1,1.0
1,1.0
-1,-0.01301305345290709
-2,-0.057560491726505535
0,-0.028510098381497317
1,0.43736551910316396
0,1.9892287132326374
4,1.943625516117166
1,1.0
0,-0.030126034831698484
1,0.5167301225461557
1,-0.009788802496308322
2,2.0972156179864445
2,0.0671934455220876
2,-0.024618838605772554
2,0.09729213766413691
1,9.62699206121011e-05
1,-0.02488839986541915
1,-0.020360649431310024
-2,0.04014409610905696
1,1.0
1,-0.05584910796316214
-1,-0.020545971458718667
1,2.1225926365122816
2,-0.012171412217025019
0,0.03520197371922305
-2,0.13798427621817128
-1,0.0043858328222811495
-1,-0.0044351438888664205
0,-0.046377318961593535
0,0.5282758996770831
4,1.960456626153443
0,0.013960583577913665
3,2.23688023174064
1,0.4684436742200298
2,2.0006944449587825
-2,-0.05008569486393651
1,1.0
2,-0.02372104513175065
2,-0.012206389024798434
1,0.5213357841631394
0,-0.0048409073335294525
0,1.9043285688270897
2,-0.0008671728206764098
1,1.0
2,1.9660190728126667
3,1.9464100698631264
3,1.9292122010333081
-2,0.0038909478638072576
-1,0.038807854840465096
1,-0.03387615008878553
0,0.6712678452735308
0,0.005864212575913384
0,0.0289317925310652
-1,-0.02179463609092065
3,1.8809790127886057
0,2.0131876951735013
0,-0.004869545796451342
0,0.003276702137122244
-2,-0.006494575289905225
3,2.106512081219178
1,1.8344635297989447
0,0.00579921828793301
2,-0.01658845852708766
-1,0.005374091863869716
2,1.9444437292805359
1,1.0
1,2.0215977272302346
-1,0.046083707891268894
2,0.08767268376326824
0,2.1472810111652123
-1,-0.020357097963555813
2,-0.016595330584077982
2,1.9248075691878055
1,1.9207605534590024
-1,0.010160048378976777
-2,0.03365248881468666
-1,-0.007706214965080408
2,0.09508662166632664
0,-0.014273781493489355
1,1.0
0,1.9622663712949124
1,0.4175594115392679
2,0.018877560567192146
-1,0.04920232449094818
2,0.026661900845452682
-1,0.12939175722280022
2,-0.039973223314685266
-1,0.01837098790384313
1,0.008165344044651503
2,0.0226107890227082
1,0.001695634901261788
-1,-0.03400732098478049
2,-0.005846561136671679
1,1.0
2,0.003719741476688899
2,2.1791025782795383
1,2.0206670562229068
1,1.0
3,1.9696026891954546
-1,-0.025721406725321434
-1,-0.017396935295632517
-2,0.004728283268795881
2,-0.034567990700259205
0,2.04672010189657
2,-0.018747368664876307
2,-0.008371542450236224
0,-0.02667930971808195
3,1.9460666573373382
1,1.0
1,1.0
0,-0.021407612422379863
0,-0.024107032515021068
2,-0.010226667448910041
2,-0.010920671400798408
4,2.015239528085219
1,1.0
1,0.022325625014917656
1,0.008492301110285058
1,1.0
0,-0.11386946284892174
2,0.013581529300138319
1,0.049907276797947576
0,-0.10806557362087933
1,-0.009414635857412139
4,2.145732870453247
0,1.983858207238497
1,0.045566950984985165
0,2.6584749651446833
-1,-0.021469652581463713
1,0.45653937610053164
-1,-0.020760692637579584
2,0.004346653214440791
-1,0.01593148495081756
0,0.04854250486498474
1,1.0
1,1.0
0,0.023972230238934536
1,1.0
2,-0.007632070191947888
-2,-0.016387015855143027
1,1.0
-2,0.03200281938220964
1,1.0
1,1.9843799352857556
2,-0.004809084681674796
-2,0.017112391264763535
-2,-0.0014443543488946117
1,1.0
0,0.011137102675063031
1,2.0242060567450815
1,1.0
-2,0.017112391264763535
0,1.9830565586111542
1,0.3740606394223876
0,0.07964655461562796
1,0.7551853395730213
4,1.9382758233471447
2,-0.04117521534498004
1,1.0
3,2.0323370279198643
2,1.8548764116271215
2,-0.011740257290046758
0,-0.02002999406777025
2,0.029937787975354953
-2,0.010160048378976777
2,0.020374879038410044
-2,0.01148450808673597
3,2.0146604170471494
0,0.018637000499826827
2,-0.006401638939690879
2,-0.00028212949129002206
0,-0.04273404204472252
1,0.005428700406283452
1,1.953019904254781
0,-0.0499195144760138
2,0.004854682278973705
-1,-0.040668637782253846
1,0.01148450808673597
0,-0.013685083584832456
-2,-0.020774832956145472
1,0.5231145212126525
0,-0.012518208102007579
1,-0.011570520294152087
-2,0.043497260250131446
-1,-0.009556012314237477
4,1.9718714665589
1,0.001662901944050385
0,-0.0251009567125654
-2,-0.011043070106376928
4,1.9455954403208102
-1,-0.016999234459157728
1,0.3423712654710956
1,1.0
2,-0.016410157117746408
1,-0.039499076420070965
-2,0.00898265504394392
-2,-0.008688819289845216
-1,-0.008616902864181451
1,-0.03377165979076525
2,-0.008498930612090767
2,0.0011526402408111452
1,1.0
1,-0.04787636808641119
-2,-0.0006800777520906551
1,-0.03437971430791932
-1,0.048143372988936235
-2,-0.018507767262928188
0,-0.0023143492477900396
1,-0.02041435327792553
-2,-0.006025151283855556
-2,0.05991273220487727
1,-0.054449143369887765
1,1.9469864461588062
0,0.006741818839971943
1,0.5874132712008727
0,1.765441944773272
0,-0.03017308472437543
1,2.098397377030515
-1,-0.0013066313495663459
1,0.001695634901261788
0,1.9381314556559976
-2,-0.009314781101609118
0,2.065956811306053
-1,-0.0030058420589180934
2,1.9340420370388747
1,-0.05385677597735098
0,0.012820848512246652
-1,-0.004498083568580029
2,0.019636489110514046
3,2.079328676190446
-2,-0.013978864412649651
-1,-0.023658340982707166
-2,0.046991604603080946
-1,-0.025284215689448608
-2,-0.034868704401211835
2,-0.011659477821545132
0,0.018280096550814744
4,1.9938545779266645
1,1.0
-2,-0.05705518936110303
2,-0.014908130676923393
1,-0.001484570782736851
-2,-0.023796511017207634
2,0.003309226426811961
2,1.9175039407046344
2,-0.23368576747348666
-1,-0.023341755126270913
-1,-0.01268992378852675
0,0.06862396420899072
2,0.0289274735405856
1,0.4705853819078948
-1,-0.10700317012602274
2,0.16513004979689241
2,1.9606279021164374
2,0.01593148495081756
0,1.9193777776704266
0,1.8656395940392192
2,-0.0029832032557617384
2,1.9123772318000964
0,2.6106213813256165
0,2.1593295330099163
1,-0.04845623868757282
1,0.15079389446415634
0,-0.03941245597247054
0,1.9582065289122417
2,2.0403376129307635
3,1.9490645508615585
-1,-8.346082155448229e-05
2,0.08862291305351641
1,1.0
3,2.205749526193491
1,2.0057540886836716
1,1.0
1,-0.0027693930787494408
4,1.9095351308477815
2,-0.0251009567125654
1,1.9672984940048062
-2,-0.03377165979076525
-2,-0.06914409932386527
3,1.9162534187626212
1,1.0
2,0.015666521257127218
0,2.0581543023982225
-1,-0.02905893688071262
4,1.9630468729447594
1,0.5253324685378462
-1,-0.05113097172685181
1,1.0
-1,-0.048787363882264644
4,1.962831870347421
-2,0.0140371573951618
-1,-0.04002761624122293
-1,0.0275448693770951
4,2.2302157858024043
1,1.0
2,0.011956334273681818
0,0.011640884170006909
-1,-0.05578375595408259
2,0.0032939851784373375
-1,0.007971604914132732
1,0.4945180543464687
-2,0.05014750035886583
1,1.0
1,1.0
1,1.0
1,0.5286675074952324
0,-0.03480284479372131
0,1.9164732453192437
-2,0.027325102201065436
0,0.44006879660016446
0,0.03213860231000072
-2,0.051031098124403915
1,-0.020681788570847005
1,0.03520197371922305
2,1.8537509083135288
2,0.03985064251438348
-1,-0.01349665519129246
1,1.0
2,-0.02726231930684305
3,2.4012027692680817
0,0.001662901944050385
-2,0.0024045365657589393
0,1.9685656992474043
3,1.9428577496247417
4,1.9578092530381668
1,1.0
1,1.0
-2,-0.002942679291277801
-2,-0.03699704517771382
2,0.05271717504509186
2,0.010559820705179641
2,0.008012957294116002
-1,-0.0044351438888664205
0,-0.05447906185089302
1,1.9906819893771732
1,1.0
1,1.0
2,1.9162534187626212
1,1.0
1,1.0
-1,-0.006986850974063982
0,0.0011021088044138086
1,1.0
1,1.0
1,1.0
2,-0.040418077101203806
0,2.043398854417737
-2,0.009128359038156026
4,2.0322819603269364
-1,-0.16291476169248587
0,1.9507443993851614
1,0.01406204601965466
0,1.9774601094478097
-1,-0.03608377471993806
4,1.9885297794856251
1,1.0
1,-0.04711348545910319
1,1.0
0,2.0468791036845992
2,0.0008681559861151432
3,1.8995193560311736
-2,0.013404032633355935
-1,-0.23183838718320163
-1,-0.03669521973815563
1,-0.004498083568580029
-2,-0.02383797759189973
0,0.006942358113663318
2,-0.04724473214143663
2,-0.016316792243372034
-1,-0.012927381560026287
-1,0.0041884579096739824
2,0.0004085560361317139
0,-0.010516437763087692
1,1.0
2,-0.011043070106376928
1,-9.617989229952217e-05
1,0.5286675074952324
2,-0.003329292778855678
2,-0.005805135378324986
2,-0.057560491726505535
0,-0.030527068148258004
0,-0.04273404204472252
-1,-0.010861835861077675
-1,-0.004025417170949237
-2,0.0014346878518939103
-1,0.01123579432102499
2,-0.03179262729632508
1,0.16513004979689241
1,1.0
4,1.9444469348101092
-1,0.000617466935425724
1,0.4933988500480696
1,0.03270916112641596
1,1.0
-2,-0.02488839986541915
0,0.018206459509790003
1,1.0
1,1.0
0,2.04672010189657
2,1.882497894785416
-2,-0.012094663642206413
-2,-0.011995275087392947
2,0.014854197750244885
0,0.012219948702886929
1,2.084035580936692
0,0.15191529440210455
1,1.0
-2,0.008538349475484472
0,2.228072154575406
1,1.0
-2,0.0068541360366089895
1,1.0
0,0.02278939368187424
1,1.0
3,2.0237708707393547
1,1.9782220273808857
1,1.0
0,1.8573363371317626
-1,0.0614509589615662
0,0.0021467554969258743
1,-0.020103915002451265
-1,-0.0690794295813019
1,1.0
0,-0.017362305967670792
1,0.0028053059939205506
1,-0.010516437763087692
1,-0.06609627222766233
0,-0.07765531345645336
1,1.0
2,0.037539236961444004
1,-0.017410903505248244
2,0.0019977222038350248
0,0.07132780805841285
4,1.947585856565433
0,0.019296324315372572
-2,-0.41087851255836155
-2,-0.004130949147704877
1,0.06537058676842626
1,0.02949764980850903
2,-0.04273404204472252
1,0.46003482496013776
2,-0.007664751555339454
0,-0.0048409073335294525
1,1.0
1,-0.020647744259739986
4,2.065664349434467
-1,0.021931957459513395
1,0.010559820705179641
1,1.0
1,-0.02002999406777025
0,-0.005438752356636359
3,1.9465389525087244
1,1.0
-1,-0.05088144784848888
2,0.001879730667317186
2,-0.05476877555923397
1,1.0
-2,0.014420305071644096
-2,-0.0081470344051325
0,-0.025283932377742672
0,0.5316754847595824
-1,0.013581529300138319
0,0.019208137373792046
1,0.03327888574632073
1,-0.0044351438888664205
0,0.004508184521964491
1,1.0
-2,-0.046284943032232226
1,1.0
0,0.5193427957452086
0,1.9765710799312877
0,-0.009067569825910242
4,2.0078069025659415
2,0.06078909575009241
1,1.0
1,1.0
-2,0.030363724444119562
1,1.0
2,-0.022622250035536223
1,1.0
1,1.0
4,1.94658445210834
-2,-0.007958128288298245
1,-0.020568102455859688
1,1.0
1,1.9061606840919145
-1,-0.0027937021886297315
2,-0.04168857608065878
1,0.0007082876731028461
2,-0.028076560288962184
2,-0.007632070191947888
2,-0.06914409932386527
1,1.0
1,0.1089376119337006
0,-0.03419140164147611
2,-0.057560491726505535
-2,0.018118545653572005
2,-0.02197085358294654
1,1.0
1,1.0
1,1.0
1,1.0
1,1.0
1,1.0
-2,0.007817315300137061
0,0.4362493358055675
1,1.0
2,-0.035852835506456265
1,-0.011827905096388605
1,0.42489079377695765
1,1.0
2,0.026701752108281164
2,-0.004443551729866207
0,0.028097833453541058
2,1.9527414625382848
2,2.0139008595897936
2,-0.03991342795465511
-1,-0.01715401938607848
-2,-0.011238673609254776
-2,-0.0015795289941101314
1,1.0
1,1.0
4,1.9948146694265656
3,1.8512143956988023
0,0.07216016391212605
2,1.9248075691878055
1,1.0
-2,0.06356843131089987
-2,-0.0024490344543913805
1,1.0
1,1.0
1,-0.019880433301992226
1,1.0
0,0.02903588738754982
2,-0.02330192802045474
4,1.9887117828037995
4,1.8922222623431295
0,1.9169228912826117
-1,0.0034366557935962615
-2,-0.06914409932386527
0,1.983858207238497
2,0.027243693974194353
0,-0.0081470344051325
-1,-0.007572158982267704
-1,0.004778342921297203
-2,-0.011195711117358731
1,-0.08221245222365209
1,-0.07823948113205138
0,-0.02631236644440785
3,2.0812127875625435
2,-0.02002999406777025
1,1.0
1,1.0
2,1.9247437860544547
-1,-0.039973223314685266
-1,-0.02480167824669537
-2,-0.08057993663959621
-1,0.00898265504394392
0,1.9540161804138458
2,-0.024046222886004682
-1,-0.03279929966558866
-2,-0.014306185176517818
2,-0.010249679969717575
1,2.21511866465917
0,-0.009728283339750765
1,0.001437689679167306
4,2.2302157858024043
1,0.02575409518002763
1,0.015489582950523257
1,1.0
2,-0.04919988645847033
-1,-0.03227981548228474
0,0.4918107538816288
2,-0.005303579805613724
-1,-0.026487969723335777
1,1.0
2,-0.02411809239918795
1,2.0275415477715275
1,-0.03002849038862797
0,0.01849311941028551
-2,-0.009517882749513205
1,2.013670614066086
1,1.0
0,-0.014140147457744359
1,0.5974558567165685
1,1.0
0,-0.015587073565220093
2,2.224666493643856
0,-0.012004231635563318
-1,-0.009210458024987336
3,2.0147265713620706
-2,-0.017001413933008476
-1,-0.07640664187404562
1,1.0
3,2.06020815334752
1,-0.06101344497548155
-2,0.06428215474774504
-2,-0.00028212949129002206
1,1.0
1,1.0
-2,-0.0086354403816192
-1,-0.0044351438888664205
-2,-0.019712219618030727
0,-0.04083784681120042
1,1.0
1,0.019352233982146482
1,1.0
0,-0.018161822517407646
0,0.010704303556795964
3,2.3788548306351305
0,-0.006401638939690879
0,2.033872697632641
1,-0.07349942673784096
1,0.055518706715288975
3,1.972969174681005
1,1.0
1,1.0
-2,-0.016128430008649296
3,1.980103812532746
0,-0.012171412217025019
0,0.01552165560485217
1,1.0
1,1.0
4,2.0873226852862117
1,-0.008948733636069118
-1,-0.05288928115497594
-2,0.381829020549252
0,-0.04724473214143663
-1,0.11108540299269663
4,2.0440011249717154
0,0.005229199118006764
1,1.0
-2,0.0615262746385472
1,0.0060484570211779545
-1,0.014899229464044116
2,0.02711396946219675
1,0.4549261807192566
1,-0.0024291109977293067
0,-0.03043744727114242
0,2.0614491306157365
4,2.2051792804038985
2,2.2383986974233534
2,0.00043749343312345215
1,1.0
0,-0.03361716131694555
-1,0.0012501148881276006
3,1.9498348957417935
1,1.0
2,1.8573160635146717
0,1.9463755082820635
-1,-0.19392063318614794
-1,-6.673304114073665e-05
3,1.9961363299528256
0,1.9196104462161716
-1,0.0524880750016199
4,1.9583878999143454
-2,-0.003662856866392158
1,1.0
0,0.5460965698409158
1,0.48985817872996984
3,2.059916178415645
0,-0.0666036085174234
-1,-0.03111032724410337
2,-0.015901481485326528
0,-0.03708649409341535
1,0.5118581646730118
-2,-0.00028212949129002206
-2,-0.013312008107402771
1,-0.020360649431310024
1,1.0
2,-0.1758986859089805
1,-0.022169047030785753
-1,-0.07987895189033982
1,1.0
-1,0.0357642605601322
2,0.005229199118006764
1,0.06428215474774504
2,-0.010357376332145835
-1,-0.025609338609581863
1,0.47941807516499113
0,2.0143988313425423
-1,-0.0048409073335294525
1,1.0
1,-0.004561803412462253
0,0.030837751290910195
0,0.015788100876284038
1,1.0
0,9.62699206121011e-05
0,-0.04168857608065878
2,0.002236094674775907
0,0.0008993794049061332
1,0.018670790408401264
-1,-0.0072528990268326465
4,2.029900935741514
2,1.9593672731909875
-2,0.009327013621887793
-1,-0.04821043487095731
3,2.0437198688647813
1,1.0
0,-0.019837613563863123
-2,-0.03941245597247054
1,1.0
1,1.8643961991339837
0,0.017863255720686602
-2,-0.029998049684402162
1,1.0
1,1.0
2,-0.008498930612090767
0,0.4156533101879103
2,0.0671934455220876
2,2.0396345159756657
1,-0.0014779122891491097
-1,-0.04526874911393888
-2,-0.025560311180913266
-2,0.07140010625124829
2,-0.008953659133484693
0,2.048240269359298
2,0.004878486362238688
2,2.028164534837062
-1,-0.02372104513175065
4,1.9883588795926748
1,1.0
3,1.953564169660976
1,0.027036020134402827
0,0.40462634275170617
2,1.8632837115459244
0,0.5390855832858903
2,-0.006728039712921254
3,1.9433287120135752
2,-0.004258639239227954
1,2.0666789272895687
-1,0.005284751940043231
0,0.061811940553279224
3,1.949577147828408
1,1.8634863357506908
3,2.0395808531978816
3,2.154253143472497
0,0.03874488758909492
-2,0.019896497992262282
1,-9.617989229952217e-05
0,-0.024645505370022164
1,1.0
1,1.0
0,-0.009590656584974388
0,-0.008000096185884794
0,-0.01743100957035558
4,2.048240269359298
-2,0.07330590275148277
2,1.9703182599385334
1,1.0
0,0.5290979450267943
1,1.0
2,0.018637000499826827
-1,-0.03352422667206441
0,0.5122938333050435
1,-0.0048409073335294525
-2,-0.00044149109083645166
1,-0.027022121392803643
0,0.014490732710098549
1,1.0
1,-0.0034027593510020824
0,1.9586299965054923
-2,0.01583555884467281
2,2.0802997397515406
0,-0.01642610672721694
1,-0.01562991926339298
1,0.07757805967562606
2,-0.017763739182420402
-1,-0.0030459130599469054
1,1.0
1,2.194039479776527
0,-0.016356814634678803
1,1.0
1,2.0139008595897936
2,-0.004860331400860989
0,2.0123080675555496
1,1.0
0,0.011457815959866047
1,1.0
0,-0.012206389024798434
3,2.040743449767863
2,-0.04996711721891396
4,1.862248932452551
2,0.008502874206302158
1,1.0
1,1.0
0,-0.011198886838780777
1,1.0
1,1.0
1,1.0
1,0.36496704556788756
0,0.006942358113663318
2,-0.021969322461832294
2,0.024930728572229617
-1,0.02575409518002763
0,-0.01268992378852675
0,-0.01040225402274853
1,-0.009249747930525165
0,-0.005776325480372214
1,1.0
1,0.03520197371922305
0,-0.010991573196438278
2,0.037686511662112
1,-0.020561998932753362
2,0.031920130598108984
2,0.03126126657700974
1,2.0455265805296903
0,-0.03696182487434768
0,0.5041943264254656
0,-0.0276617496156616
1,0.0038590535055777957
3,1.856840281065952
2,1.996927161509464
0,0.01633443489012747
-2,-0.0012650125616840758
0,2.0404300763295784
-2,0.03327888574632073
4,1.941109245703135
-1,0.007625815458044983
0,0.44279821647458895
-2,0.0014802650279894993
3,2.796246142104897
1,0.006942358113663318
-2,0.0011866729594138643
1,1.8490608847358518
1,1.0
0,1.903287058809286
1,-0.07823948113205138
0,0.47055608356007306
-2,-0.0012650125616840758
2,1.9365878011779503
0,0.016716806875960392
1,0.01123579432102499
1,-0.025277234756910124
-1,-0.01215767255619457
-2,0.006921226879439489
2,-0.023087606970043587
1,0.009166988513338388
-1,-0.005312057815464185
4,1.949533043916452
3,2.0685914354846062
1,1.0
2,1.9686474126959146
0,0.45911422284857806
1,0.07216016391212605
-1,-0.08103292690512932
0,-0.006025151283855556
1,-0.08057993663959621
1,1.0
-2,-0.013651327609320689
1,1.0
2,-0.0007431084759306458
0,-0.0251009567125654
1,0.018670790408401264
1,1.0
2,1.9527414625382848
1,-0.03279929966558866
1,1.0
-2,-0.0076313907759917934
4,2.0465621471920046
1,1.0
1,1.0
0,-0.08630647474797272
1,-0.0095280499596867
4,1.9751289255464253
1,1.8995193560311736
0,2.1155974976464975
1,2.0211033380480727
1,1.0
1,1.0
0,2.036058922677766
0,-0.0040506296565233245
0,0.03861964529710708
1,1.0
1,1.0
2,-0.0330980914540423
-2,0.04534033464637689
-1,0.045566950984985165
-2,-0.0977524675056435
2,-0.02838829623768827
0,0.005097405738493332
2,-0.005438752356636359
2,-0.025609338609581863
1,0.00456663796589336
1,1.0
3,1.9751289255464253
1,2.1202726009811705
1,1.0
2,-0.037842896639427574
1,1.0
-2,0.0023680484270587527
0,-0.006096180297084777
1,0.4801583617003668
0,-0.10283915283259425
-1,0.08420968088317102
2,-0.0025498436535374715
2,0.006942358113663318
0,-0.12890681598911358
0,0.09664852068714845
1,0.49166206708664734
1,0.03130470094837172
0,0.04873167555152096
-2,0.10057912081215724
1,1.0
-1,0.008728181356278458
0,-0.016387015855143027
0,0.04472255209291537
1,1.0
-2,-0.019837613563863123
-2,-0.15238814910313705
-2,0.005864212575913384
2,-0.014273781493489355
-2,0.030363724444119562
0,0.029937787975354953
1,1.0
-1,-0.0025498436535374715
1,0.4430706553728379
-1,0.0034982975960865404
1,1.0
2,0.005284751940043231
-1,-0.0014779122891491097
2,-0.07845173934122432
0,0.47270617116301394
1,-0.13340650296161513
2,1.8548820045354295
2,-0.011698183081366418
-1,0.043537996903524216
2,1.9249533728463684
1,0.32240167972927686
0,-0.011343640001197858
1,1.0
2,0.05096514573677768
1,-0.010845009412345034
1,1.8690199472487203
0,1.9038647370618293
2,0.03216375229968028
-2,0.024930728572229617
1,1.0
-1,-0.04273404204472252
0,0.42432292527128856
1,1.0
-1,-0.1732122107258804
-2,0.016013899492651737
-2,-0.014144885037673544
0,-0.05019626655758688
2,0.05410403598188677
0,-0.14792381909611885
1,-0.051452010323148764
2,2.0210595060303493
1,0.014854197750244885
0,2.007068340757612
-1,-0.008498930612090767
1,1.0
1,1.0
2,-0.023087606970043587
-1,0.15191529440210455
1,1.9056626532842578
1,1.0
2,-0.023796511017207634
-2,0.02528529843423295
-2,-0.03111032724410337
1,1.0
1,-0.008158025272907368
-1,-0.04172411356586691
1,1.9318500362577469
1,1.865676496674061
0,-0.04443060843850601
1,1.0
1,1.0
0,0.026760969221686085
1,1.0
-1,-0.011246196454020056
4,2.0747396392523014
-1,-0.010845009412345034
1,1.0
-1,-0.0619762853444242
1,-0.05189477151979556
1,1.0
1,1.9946898633193613
-2,0.01597754236593972
1,0.4964766648507801
1,0.008165344044651503
2,1.9798362822907212
-2,-0.03400732098478049
-1,0.02880165329441786
4,2.0242060567450815
-1,-0.010215919373179982
-1,-0.0044351438888664205
2,2.055834350574841
1,1.9169228912826117
1,-0.03215177935469809
0,0.15416652464849273
-1,-0.011827905096388605
-1,0.06385461566940252
0,-0.15433813902519408
1,1.0
-2,-0.02650903340861602
1,1.0
-1,0.186929129814866
-1,0.01394986178178318
-1,-0.005438752356636359
-1,-0.04443060843850601
0,2.0501776286370386
2,0.059481568844382195
-1,-0.0022499901416534757
0,2.03285150733562
-2,-0.03708649409341535
1,1.0
1,0.03311179749388593
1,1.0
2,-0.039184340159931136
-2,0.14023568573532016
1,2.05243734527861
1,2.03804316341705
2,2.0439296973967496
0,-0.10275942729681158
2,-0.02905893688071262
-1,-0.009314781101609118
-1,-0.020760692637579584
1,1.0
1,1.9829859866627368
0,0.4872314706759208
0,2.0006748818854496
2,0.0054900391863058565
0,1.9662963825723585
2,1.9333447375750754
-2,-0.016999234459157728
-1,-0.022508632002847636
1,0.013804138650418064
1,1.0
-2,-0.0072528990268326465
1,1.0
-1,-0.02488839986541915
1,1.0
1,1.0
-1,-0.024589326396137402
-1,-0.032078287444936106
0,2.016063553312474
1,1.0
-1,-0.005036572855993679
0,0.44336332891987273
2,-0.05480021811096471
1,-0.003284896661018527
1,0.055690422450340164
3,1.9433657421040453
2,-0.0040217840579525425
-2,0.019942351561681514
0,1.8115619047317693
1,1.0
1,0.043100154840221803
0,0.5344206669124135
-1,-0.03073575169006516
-1,0.0357642605601322
1,1.0
1,-0.009621989448763378
0,-0.0022417746140195806
0,-0.020760692637579584
0,0.4926137201786107
1,-0.048570717856606944
-2,0.030933177584656045
-1,-0.15266791464813007
2,0.0011971389356314295
-1,-0.015013434323042736
1,1.962504309674533
1,1.0
-1,-0.05895085547182208
-2,-0.0690880798521516
0,0.5071986427659624
1,-0.034915416744391366
1,1.0
1,2.2146588116247035
0,-0.010544835250565248
2,0.026014101387261124
4,1.915146661295854
0,0.5996830180367683
2,-0.07045928440444199
2,-0.008439474456378883
1,1.0
1,2.049598554523423
1,1.0
0,0.5743984105683896
2,-0.03084636906034698
4,1.9844155289339238
-1,-0.009249747930525165
4,1.9687423481841138
4,1.9782011094921002
2,0.018459766097333328
1,1.0
0,-0.028585965320400385
1,1.8512143956988023
0,-0.1599265280125284
-2,0.0033452942483815904
-1,0.004508184521964491
1,1.0
4,1.960492533698291
0,-0.015901481485326528
4,1.9759221197217807
1,-0.010250117825249514
3,1.981945595966125
0,-0.036491347266896394
3,1.9540161804138458
1,1.0
0,0.01006918563640693
1,1.0
1,2.1111865881956065
1,1.0
-1,0.009128359038156026
1,1.0
4,2.047743580521734
1,-0.009183398002569542
1,-0.014162312734842218
1,-0.0086354403816192
-2,-0.034868704401211835
0,0.026661900845452682
2,0.007126171616321151
1,1.9656083677497855
1,0.005097405738493332
1,0.5323612407624642
0,-0.025773072694211266
1,1.0
2,0.008684799222301184
0,0.5917036988666424
-2,0.002236094674775907
3,1.9050033835686646
1,1.9317036808068755
1,1.0
-2,0.0037944546514151567
-2,0.023344430206166947
0,0.022018824446455004
-1,-0.012385643524643069
1,1.0
1,0.045269359043753114
-1,0.0140371573951618
1,1.0
2,2.0457020025839183
1,1.0
-1,0.211533887238047
-2,-0.0048409073335294525
-2,-0.01969691234969295
-2,-0.005303579805613724
-1,-0.024532583743279934
1,1.0
3,1.9647080508196455
-2,0.061124499308008895
0,0.03455778628186085
2,2.0416935009135355
-1,0.03127401051951958
0,-0.027091272705336032
2,-0.0330980914540423
2,-0.004247132668355906
0,1.7439356677965296
1,1.0
1,0.0071429705240301546
1,-0.01715401938607848
1,1.0
-2,-0.004869545796451342
2,-0.015901481485326528
0,-0.0020421784818163862
2,-0.019837613563863123
4,1.9618358667732982
4,1.993740821287187
-1,-0.011089457002661045
-2,-0.017408333284400196
1,-0.0013066313495663459
4,2.0809190695620643
-2,-0.046377318961593535
0,0.44045223002535744
1,1.9030026783084333
0,0.5065537968799293
0,-0.0024291109977293067
1,1.0
1,1.8307176350043821
-1,0.001695634901261788
2,-0.0754941878678559
3,1.9551418973187131
1,1.0
3,2.016608871670284
-1,0.0011526402408111452
-1,-0.09910591858977774
0,-0.055777221878905964
2,0.055371280659484136
1,2.0688832340590406
1,-0.03952565159817167
1,0.030363724444119562
-2,-0.03218029815945064
-2,-0.014273781493489355
0,-0.022561871179227592
-1,-0.053565515571093174
0,2.0395808531978816
1,0.022411691665592363
4,2.023616981583188
0,1.920109480339213
1,1.0
-1,-0.0093064789331992
1,1.925772064864054
-1,-0.04291566524189317
1,0.07338692918327536
-1,0.0037896833897839745
1,1.0
-2,0.0031551235603534704
1,1.0
0,0.0012501148881276006
0,0.3262578548706395
0,1.8953322172628455
2,-0.0707905543938755
0,-0.008439474456378883
0,0.0275448693770951
-2,9.62699206121011e-05
1,1.0
1,1.0
-2,-0.02838829623768827
1,1.986700733820145
1,1.0
0,1.9819442056204075
2,-0.20692703064283002
0,0.02974671414465897
2,-0.03718702089786699
3,1.9142935612642822
0,-0.004247132668355906
1,0.46460353972579105
1,0.42982046296194976
1,2.0085337344158622
-1,-0.29988692520132937
-1,-0.07753024955951597
0,0.49546844074046503
-1,0.01849311941028551
-2,0.05005261192685067
0,-0.06914409932386527
-1,-0.01088763003222009
2,0.05431337775126774
0,-0.01401621494162288
-2,-0.02880434805127574
2,-0.03214555514874206
2,-0.0260630393064673
1,-0.04788086329259203
2,-0.009753425643601014
2,-0.012171412217025019
3,1.962831870347421
-1,-0.015901481485326528
-1,0.0021983606059816363
4,2.1173376882468147
1,-0.025773072694211266
3,1.8690199472487203
-1,-0.11006086988596016
1,1.0
1,1.0
2,0.0879633107239429
0,-0.021469652581463713
1,-0.03468468688595327
0,0.0021983606059816363
3,1.9455583958047753
3,2.035249323638414
-1,0.02015582671873233
-2,-0.03811810677342825
0,0.4367250821694126
1,1.9969502033326358
2,0.002236094674775907
2,0.0006763557117422861
2,1.9915013295897201
-2,0.017837450800638092
0,-0.057560491726505535
0,-0.008301763981843104
1,-0.07845173934122432
-2,-0.06643917984578396
2,-0.0009194372634221831
2,-0.0014779122891491097
1,1.9199806331657225
1,0.0041884579096739824
1,0.4895896260858718
2,-0.08455537375341303
-2,-0.06889448702088136
0,0.014148373414574422
0,0.0012501148881276006
2,-0.08756198036548084
-2,-0.06216137883399915
2,0.09968703104470826
1,1.9251634808135412
0,-0.010516437763087692
1,0.4742907509353585
0,0.422237398000533
1,-0.03229373584642374
-2,0.001437689679167306
4,1.93065012435887
-2,0.015951033603524747
-1,-0.005508621020536452
2,0.00456663796589336
4,1.9265389380800804
1,1.0
1,0.0014802650279894993
1,1.0
2,-0.005846354933789023
0,-0.020760692637579584
-2,-0.014162312734842218
1,1.0
0,0.42432872241730996
2,-0.013509681450486503
-1,0.0023853913606774113
-1,-0.022054412923180458
1,-0.0014779122891491097
1,-0.009923876141235088
-2,-0.013607049515743985
-2,-0.0822419260603739
0,0.0037896833897839745
3,1.9444469348101092
-1,0.022325625014917656
1,1.0
-1,-0.021260108878080507
1,1.821118182306747
-1,0.03368816434178682
1,0.005616338145857356
2,-0.03586222054982616
1,0.06026985821467603
1,-0.015901481485326528
2,-0.03604121954065717
2,-0.0310258033253869
1,1.0
-2,-0.02880434805127574
0,-0.00887204854241235
1,1.987561583054955
2,-0.03419140164147611
0,-0.054099877125634466
1,-0.08000807434485256
2,0.03213960999231019
2,0.0614509589615662
1,1.9685656992474043
0,0.4952524146617826
-2,-0.016638895670963896
0,-0.01118019879972549
-2,0.08616019999865579
3,2.0519665499487822
-2,-0.039973223314685266
1,0.10166248224577902
1,0.010323944714579949
2,1.8769213213463498
1,1.0
2,-0.045969824203045954
1,1.9989097462672654
2,0.005114800878050163
4,2.1139856501277867
3,1.890630971148393
-2,-0.07470436968211308
0,0.007465923206109364
-1,0.02765284771756462
-2,-0.04211975131503151
2,0.010755342246162689
2,2.020909263512248
0,-0.0015795289941101314
1,1.0
3,1.9807921075309283
-2,-0.08231253342579309
0,-0.02230032935521953
1,1.0
1,-0.10547066477313521
1,-0.01118019879972549
2,2.1970780920612505
0,1.8498774472838204
-1,-0.0062943780519357055
3,2.0462502030107514
0,0.4339624825300738
0,0.00579921828793301
-1,-0.020712693209141916
2,1.9937321454903318
-1,0.018637000499826827
2,-0.09632253962439848
0,-0.02650903340861602
0,0.03387623127194538
4,2.030239430599019
1,1.0
0,0.011956334273681818
1,1.0
1,0.007251080347788255
0,0.46209201769911856
0,1.9887117828037995
-2,0.0686856373023649
1,0.46234329903130644
0,0.4636189272831955
-2,-0.016999234459157728
-2,-0.03137704327314171
-1,-0.03017308472437543
1,1.0
-1,0.05998821114662354
-2,0.029713353667027254
2,-0.017408333284400196
1,1.0
2,1.9597982872805064
-2,-0.028076560288962184
2,-0.040668637782253846
3,2.031852812284128
4,1.9975411040819189
-2,5.3145271440453095e-05
1,0.16952393329670895
-1,-0.0780860887797987
-1,0.05396715496949374
0,1.9361254838846833
0,0.54147496541212
-1,-0.02488839986541915
2,1.9456452531484758
-1,-0.023796511017207634
4,1.9680344824793807
1,1.0
1,1.0
1,1.0
1,1.0
1,1.0
-2,-0.004839482597204122
3,1.996716968420188
-1,0.013341703966789076
1,0.18737587153197527
1,-0.006585826032229226
2,2.0246255948093603
0,1.9809081907034654
-2,0.009166988513338388
-2,-0.0587621072226474
-2,-0.0276617496156616
-1,0.026760969221686085
1,2.0006748818854496
3,2.075330170466141
-2,0.020901864480191983
3,2.055834350574841
1,1.0
1,1.0
1,0.0037189449886660276
-2,0.004744938879628492
1,-0.03279929966558866
2,0.029036578406394953
1,1.0
0,0.4785753999600906
0,-0.020760692637579584
1,1.0
-2,-0.14869966415066774
4,1.9331747628095892
1,-0.006494575289905225
1,2.058685056845313
1,1.0
1,1.0
1,1.0
1,0.0615029336185998
3,2.0298130904150384
0,0.45696258276277996
1,-0.024618838605772554
0,-0.00917556748970762
0,0.06862396420899072
0,0.03110492098684344
-1,-0.13937554646977157
-2,-0.06317221097580283
0,0.018670790408401264
-1,-0.12417302384250878
1,0.01148450808673597
0,2.006630258052634
-2,0.05517975869015746
1,0.008502874206302158
1,1.0
2,2.055834350574841
-2,-0.013450272779111351
1,1.0
2,2.00026977715694
2,-0.0012650125616840758
1,1.0
-1,0.009660137614354665
4,2.073759606530231
1,0.026661900845452682
-1,0.05749975220527511
1,1.0
0,-0.01530670584045707
2,-0.07815626913861898
-1,-0.019837613563863123
1,1.0
1,-0.0655251055083723
2,0.005374091863869716
1,1.0
1,2.077602633088526
-2,0.04938717774838608
4,2.0268020970531166
4,2.013670614066086
-2,0.0014346878518939103
4,1.905867470728289
1,1.0
-1,-0.004837116855697782
1,0.42826332923976707
1,1.0
1,0.005284751940043231
-1,0.030363724444119562
-2,-0.04835376487558127
-2,0.07392529674232093
0,-0.00956263016956069
3,2.018849952683347
0,-0.01894567391082451
-1,0.06885001247877981
1,0.1661229928819238
1,1.0
-1,0.013823219883581489
-2,-0.026985111148522378
0,0.5995710124034955
1,1.0
-2,0.055371280659484136
1,-0.02488839986541915
4,2.0012827943892284
2,0.018670790408401264
1,0.02838089678819612
0,-0.012206389024798434
0,0.5203004823121349
-1,0.0019569859717643422
1,1.0
-2,0.02259128281492133
1,1.0
-2,-0.0014443543488946117
1,1.0
2,-0.03498913819349523
2,0.006942358113663318
2,1.9161162170928556
-1,-0.007473786550768988
1,1.0
-1,-0.015013434323042736
1,1.0
1,2.4012027692680817
0,2.1082932550481104
3,1.9986686667252371
1,-0.01525188707851875
2,-0.06900082723345567
0,0.014955843362153318
2,0.00898265504394392
-1,-0.0033628453509074513
0,-9.617989229952217e-05
1,1.0
-2,0.0037262491774852093
1,1.7081572890513592
0,0.019896497992262282
1,1.0
1,1.0
-2,-0.00021374949986360965
0,0.4304152629609775
1,1.0
3,1.9785634318127194
0,0.004253660703409272
1,2.0087477202393225
1,1.0
1,1.0
-2,-0.014323201222481714
0,0.0071429705240301546
1,1.0
1,-0.02430092681635427
0,0.45714446817475524
4,2.042751395063213
1,1.0
1,1.0
2,0.0047010518293487515
1,0.03270916112641596
2,0.05991273220487727
1,-0.03793754637088411
2,-0.05584910796316214
-1,0.18104088711514998
1,0.09968703104470826
1,0.036183756231127476
4,2.0423050384554444
-1,0.044563696076531
1,-0.0423158416838949
2,1.9517871316945117
2,0.02397310557314019
2,-0.01988812552370114
0,-0.012385643524643069
1,1.0
2,0.19263671337652863
-2,-0.03498913819349523
1,1.0
1,1.0
-2,-0.014003771229430317
0,2.0242297065015404
0,-0.022716430774678272
1,1.0
0,-0.037842896639427574
0,-0.04724473214143663
-1,-0.02631236644440785
1,1.914519079003413
0,0.011956334273681818
1,2.0423050384554444
2,-0.0007056180573955636
0,0.012889739359714283
1,1.0
-2,0.08420968088317102
1,0.4918107538816288
1,1.0
1,1.878566180164248
2,-0.10082863187292045
-1,0.03257487085331348
2,-0.027022121392803643
-2,0.02575409518002763
1,1.0
1,1.0
-2,0.019073603796707205
3,1.9759221197217807
1,0.06078909575009241
0,0.016975884052490363
0,1.9840717417465341
1,0.01597754236593972
1,1.0
-1,0.007817315300137061
0,2.2096807437142534
-1,-0.032222499168646966
-2,0.02859343984507824
2,0.019687591330249384
2,1.8864309996654702
-2,-0.04681516388069339
2,2.0423050384554444
1,0.011434535470566196
-2,-0.01728196755475238
0,1.9354761301485208
1,1.0
0,-0.0384483178767898
1,0.07663993624147286
2,1.9788519085055907
2,0.05669661250559777
1,1.0
0,0.5048957003393724
2,2.0403376129307635
-1,-0.029871316361760478
2,-0.13381137041070368
-2,0.001695634901261788
-2,-0.022386989372264417
2,-0.015901481485326528
1,0.46019974178904477
3,1.981945595966125
0,-0.012094663642206413
0,0.028159069620723218
-2,-0.02480167824669537
-1,-0.02295071028823433
0,-0.006494575289905225
0,2.0416542290198505
1,1.0
-2,0.012936976062976328
0,-0.03699704517771382
2,2.072072100733424
3,1.9460227732442623
0,0.5911162822373587
3,1.9050033835686646
2,-0.05895085547182208
0,-0.032222499168646966
2,-0.02179463609092065
2,1.9906891173926902
0,-0.034868704401211835
1,2.0087477202393225
3,2.1111865881956065
-2,0.014155079096181848
-1,0.004778342921297203
-2,-0.002644932725728174
1,-0.001177893720921398
2,1.7648601242712547
-1,-0.006096180297084777
2,0.013062582720189887
2,1.9988290767390018
1,1.0
-2,-0.11383414706723556
1,1.0
2,1.9668195751125217
1,-0.0060680003018978275
1,0.0022695324566115384
1,1.0
3,2.0711883686993136
-1,0.02880165329441786
2,0.009327013621887793
-1,-0.015901481485326528
1,-0.036974631712616765
1,-0.00045937363937285756
1,-0.03214555514874206
1,0.5070463759679175
1,1.0
0,-0.06254357436833588
-1,-0.0416292792535614
-1,0.002968656512080424
1,-0.015459640426566446
1,1.0
2,-0.0026794731709637626
2,-0.06466812556705089
2,0.0433281446387984
4,1.907728229233384
0,2.0408731746564395
0,2.408020690410125
1,1.0
2,0.01406204601965466
0,-0.01659841650413073
1,1.0
0,-0.007996948655422746
1,1.0
2,1.9885896249961683
2,-0.008439474456378883
-2,0.019333114251221903
1,1.0
1,1.0
1,1.0
1,0.03282776877895864
-1,-0.005441554695765777
1,2.0155408973516056
-1,0.08891610416692401
1,2.0321744297852073
1,-0.047773530270261724
0,0.30730459643982777
-2,-0.0015795289941101314
2,0.04112533644620221
3,1.8401919621308889
2,-0.0023143492477900396
0,0.031488951166038934
1,1.0
2,1.9885297794856251
2,-0.05705518936110303
0,0.01394986178178318
-1,-0.010708048144535395
-1,-0.05584910796316214
1,1.0
3,1.9322078619066392
4,2.0085210691808637
1,1.0
1,1.8840075032636323
2,-0.04639019683613184
0,0.013949860119892507
1,1.9683954656617808
1,-0.037842896639427574
0,1.9487573850531856
1,1.0
-2,-0.0034027593510020824
-2,-0.07460683849516564
3,1.9398102171418492
2,-0.019644618216451325
2,-0.009463171126247089
2,2.0788384348340916
0,1.9699560221996513
1,0.3744641954894376
0,0.5118581646730118
4,2.019507443997588
0,1.9621042845371877
4,1.9269449678428807
0,0.0289274735405856
-1,-0.03708649409341535
0,1.9593614888010518
3,1.8548764116271215
4,1.9817443010380558
-1,0.09729213766413691
2,0.002236094674775907
2,0.00456663796589336
-2,-0.007798768800414673
2,0.014155079096181848
2,0.0034982975960865404
0,0.021163857096536124
1,1.0
1,0.6266690454062308
1,1.9314380172282497
0,-0.04713531584826052
2,-0.010250117825249514
2,-0.017001413933008476
2,-0.011350961699355148
2,-0.04561810981888291
1,0.0362201436374576
-2,-0.011198886838780777
3,1.9493664427018433
0,1.9354761301485208
1,1.0
-1,-0.003651020686343291
2,-0.011765171730286078
1,1.0
1,1.0
0,2.0133874553845374
1,1.0
3,1.9948146694265656
4,2.0972156179864445
0,-0.02274938482823015
4,2.018214995838691
1,1.0
1,1.0
1,1.0
1,0.0063435146313211635
-1,-0.004498083568580029
4,2.025494110352072
-2,0.0038872609633530037
-1,0.010588794489311978
-1,-0.0247315767706132
-2,0.0041884579096739824
0,-0.01952170929724642
1,1.9140968646035805
0,-0.05191726524319803
1,1.0
1,1.0
-1,0.03438595359593211
0,0.026122964652551484
-2,0.009327013621887793
-1,-0.046377318961593535
0,0.05005261192685067
2,-0.06101344497548155
1,1.0
2,0.07473643850650696
1,1.0
3,1.988913276753288
1,0.07159467084053067
1,1.0
1,0.47468034856818114
2,0.06428215474774504
0,0.02403329968789764
-2,0.005497907219628373
1,0.4604851109879206
0,-0.021591776225930545
1,2.025004441964808
2,-0.008498930612090767
2,-0.05515814489118061
2,1.9099685730904563
2,-0.009217222814066403
2,0.002548931168069406
1,1.0
-2,-0.023050640295983887
0,-0.0233461168753919
2,-0.015459640426566446
-2,0.0007244905495975318
0,-0.017697249000351505
-1,-0.009468072215395487
4,2.0210595060303493
0,-0.008710306411321074
0,0.03559122958792938
2,1.9845730140531554
-1,-0.012206389024798434
0,-0.022716430774678272
1,2.0149674260396764
1,-0.0357202806567037
1,0.5134879549289775
2,0.028553112084152402
1,1.0
1,2.019173153259183
0,-0.01600628973671217
4,2.005887371885994
1,1.0
0,0.6712678452735308
-2,-0.0076313907759917934
0,0.4747715187632331
1,1.0
-1,0.009943623934073068
2,-0.09294333097437489
-2,-0.12703001658288957
0,-0.05461398371405976
0,-0.02838829623768827
4,1.9801845849930435
0,0.05049787625657109
3,2.004862542912272
-2,0.034036626069125914
0,-0.007473786550768988
-1,0.17559642999772243
1,1.0
1,1.0
1,1.0
0,-0.03575777096766303
2,2.0228763380234174
4,1.9938367085211826
-1,-0.033160551821384866
1,1.0
-2,-0.05461398371405976
0,2.105027801976074
0,-0.02289664120750759
1,1.0
2,-0.0247315767706132
-1,-0.012094663642206413
1,1.0
-2,-0.05088144784848888
-2,-0.04898418939384484
0,0.40214490903787153
0,0.6495811936835578
0,0.019208137373792046
1,0.0275448693770951
1,1.0
-1,-0.02532827635094764
-1,0.021406627324746793
1,1.0
2,0.0021598606203018
0,0.461829876740447
-2,0.006900341378776913
2,-0.01659841650413073
1,1.9265389380800804
1,1.9896466042160244
1,0.5023259659175295
-1,-0.03160502376570316
1,1.0
2,0.018118545653572005
1,1.0
1,1.9081931484769996
0,-0.022697686266879222
1,1.0
1,0.5134655721055259
1,0.49671119098615213
2,-0.07889495943292939
-2,-0.029761407363052935
1,1.0
0,1.9486778880736835
1,0.04239987257162944
1,0.5834746862446923
1,1.0
0,-0.0502129979777974
-1,0.00578215129385085
-2,0.003784257412568829
4,1.962831870347421
-2,-0.022188438392951357
-1,0.0289274735405856
-2,0.011956334273681818
-1,0.06368412490164455
-1,0.010559820705179641
1,1.0
2,-0.006986850974063982
1,1.0
1,-0.01780912836902398
0,-0.019731326234043067
0,-0.06809585123025565
0,2.06020815334752
0,0.011956334273681818
1,1.0
-2,-0.04273404204472252
-1,-0.008498930612090767
2,0.024317205420039317
1,0.043100154840221803
2,-0.002575515920724142
0,1.9585198837572437
2,1.9640258206119026
2,0.03939585779039004
1,1.0
1,1.0
1,1.0
1,1.0
2,-0.021071141567327794
-1,-0.09609732162057545
1,-0.1033854314093627
1,1.0
1,-0.0048409073335294525
1,1.0
1,1.9301132639878003
2,-0.011198886838780777
0,1.9240760003416444
-2,-0.01784449516853669
1,2.022126087974064
1,1.0
1,1.0
4,1.908544006911285
-2,0.015473801360874515
3,2.0265600099625147
0,2.133045255273838
0,1.9435981408234675
-2,0.006905102122267016
0,1.9061606840919145
0,-0.000378160791596462
1,2.1566371756564715
3,1.9669475539321661
-2,-0.05473421732864759
-2,-0.014273781493489355
0,-0.006514032572443815
1,1.9928265179848454
0,0.47546761223284323
-2,0.004497117933398857
1,-0.015676108507348865
1,0.01579024439466141
3,1.9796367162141022
2,0.0011082383905043909
0,0.0357642605601322
1,1.0
1,-0.03431429215861749
1,1.0
0,-0.09259565215330942
-1,-0.0006286160657992437
4,1.9863854014058662
1,1.0
2,-0.022655299501594405
1,1.8789988343172634
1,-0.04614981034222525
0,0.48023577305348886
1,1.0
1,1.0
-2,0.005229199118006764
0,1.9354761301485208
0,2.0050672213335914
0,-0.0025227303696404935
0,0.4966785736518861
1,1.0
1,1.0
2,0.001662901944050385
3,1.9928838459083413
-2,-0.008439474456378883
2,0.020150102826637963
0,0.025443688543761972
-2,-0.011771967447812486
-1,0.007126171616321151
1,1.9403793216646343
1,1.9226258343915055
1,-0.006414579125856365
1,1.0
1,1.9761077445297248
-2,0.0054900391863058565
0,0.03452673918695912
1,1.0
2,-0.15195291134971572
0,-0.015459640426566446
0,1.9684050487865687
1,-0.010332757577539287
-1,-0.03667358242237266
1,1.0
1,-0.02231886568834494
1,0.5279075576070348
1,1.0
0,0.42982046296194976
1,0.009153888736802597
-1,-0.009249747930525165
0,0.01583555884467281
-1,-0.010898528020723304
1,1.0
0,0.5023259659175295
-1,-0.030753444777559476
-1,0.03371341659233795
2,0.013940112465032099
0,2.039524926155339
2,1.98392910073411
0,2.0873226852862117
2,2.140149503995249
0,0.006900341378776913
0,0.008499173121693517
2,0.0433281446387984
0,0.00478106543037021
-1,-0.019453586440528435
0,-0.034238976492654595
-2,0.039347622269071264
1,-0.010516437763087692
1,1.0
0,-0.04473172277749206
0,-0.0022994496363612
1,1.0
-1,-0.022640874296938632
1,1.0
1,1.0
0,1.9884842177084172
-1,-0.10184752175671606
1,1.0
-2,0.00022484745129323187
-2,-0.022189823277386597
2,0.0837321401045382
0,-0.046284943032232226
1,1.0
1,1.0
4,2.1201821084126924
2,-0.030527068148258004
2,0.0137745845681831
-2,-0.04117521534498004
2,-0.03400732098478049
1,-0.04007873982995673
4,1.9170850433622857
-1,0.013814488276572879
-2,0.011457815959866047
0,0.028531647106963223
-2,-0.07823948113205138
1,-0.14869968847616774
-2,0.045635144843823736
2,-0.0034698179149716636
1,1.0
0,0.3484643132742877
-2,-0.041790778982443974
1,0.04873167555152096
0,2.011850422174375
-2,-0.021407612422379863
0,0.1681823198954639
1,-0.0015795289941101314
1,1.0
1,-0.0261070912104417
2,2.0489145396121926
1,1.9497390672832182
1,1.0
-1,0.017052924494973417
2,-0.005481079141901622
2,1.955682152103404
0,1.9986651442538883
0,1.991731867886665
-1,0.14785495668927484
0,0.0019977222038350248
2,2.0691725775979957
4,2.0007951224395204
-1,-0.009841641632335845
-1,0.026252616570297614
-2,0.019942351561681514
0,1.9340420370388747
-2,-0.03788772023291517
1,1.0
2,0.008738537108535747
-2,0.03270916112641596
-1,0.06368412490164455
1,1.0
0,-0.010321850445085571
1,1.0
-1,-0.14843147029569814
-1,0.03327888574632073
-2,0.02919148495865214
-1,-0.020712693209141916
1,0.4907692663895066
1,1.0
-1,0.013341703966789076
1,-0.003651020686343291
2,0.022961782102602045
-1,-0.01215891330828427
0,0.007487267293918226
4,1.9621478878463723
1,-0.006481301214429457
2,0.02240416834229857
1,1.0
0,-0.01118019879972549
0,0.449197548981331
2,-0.022676996938964314
1,2.0375184384253604
-2,-0.002246196816887347
4,1.997480155191182
2,-0.0020755692425638763
-2,-0.02742331269436147
2,-0.003662856866392158
-1,-0.012150962360843448
1,2.2225918051040634
1,1.0
4,1.9769141344092611
0,-0.03517537853264872
1,0.45018654008141956
0,-0.005858490844282246
0,2.0372009117694603
-2,-0.04211975131503151
-1,0.00898265504394392
-2,-0.008301763981843104
1,-0.04273404204472252
0,0.523204484070741
0,1.9684050487865687
1,1.0
0,1.925772064864054
1,0.4892340785006435
0,-0.025072172889655922
-2,0.059481568844382195
0,-0.025560311180913266
4,2.0354347695643393
1,1.0
0,2.293009715845266
1,1.0
-1,-0.01960441590582582
4,2.0013625161422532
1,1.0
1,0.014171899510828036
2,1.9807921075309283
1,1.0
1,1.0
0,-0.06360618573006023
2,0.0614509589615662
2,-0.18549181561188668
2,0.005229199118006764
-1,-0.05789472123647541
2,0.05288491947402237
1,0.12799344034181726
1,-0.1082167513628215
0,0.022325625014917656
-1,0.008085132078318135
0,-0.04747376745436147
1,1.0
2,0.02808221237366028
-2,-0.10410593204087566
2,-0.0072528990268326465
1,1.8734425451263346
2,1.9694256561237358
1,1.0
1,1.0
1,1.0
1,0.002124765431811629
4,2.0611506859502096
3,2.0013625161422532
1,1.0
3,1.956700438982465
0,-0.020774832956145472
2,0.029256691906444813
1,1.0
1,0.01038730242000492
1,1.0
2,-0.025773072694211266
-1,0.00578215129385085
0,-0.21683565266854068
2,0.017863255720686602
1,-0.011513994076220004
-2,-0.028585965320400385
1,0.0012501148881276006
0,0.4302223482096894
2,0.014039559748470067
-1,0.02257630414917783
1,1.860006865696815
1,-0.013312008107402771
1,-0.028215009865584593
2,-0.007473786550768988
2,2.0212149774984445
0,0.4568976770554612
-1,0.00478106543037021
-1,-0.020415669659865843
-1,0.053094714426377324
-1,0.01148450808673597
-2,0.031021990098486024
2,-0.021969322461832294
1,0.06473587461933727
1,-0.0357202806567037
1,2.0138353173537453
0,2.071428991539634
1,1.0
2,-0.012004231635563318
2,-0.046377318961593535
1,-0.016999234459157728
-1,-0.05473421732864759
2,-0.01659841650413073
2,0.024635730928282397
0,-0.02002999406777025
2,2.0587171178316663
1,0.01615736620107344
4,2.04929095047253
0,-0.034868704401211835
1,0.02433326093386142
1,1.0
-1,-0.004945336139439815
1,1.0
1,1.0
0,1.9583878999143454
2,1.9269965540016962
3,1.8858984571352158
-2,0.009547127257507363
1,2.0012694990919933
2,-0.003901380915753627
2,-0.010047299216564592
0,0.48456610690452423
1,1.0
2,0.021790808194467135
1,1.0
2,-0.007710276175914046
2,-0.040418077101203806
1,1.0
2,-0.0076313907759917934
-2,0.02650544160099427
1,1.865518201991103
0,-0.010138588395433747
2,-0.058110638178276976
1,1.0
-1,0.023709002419452174
2,-0.012676431717839743
0,1.8933518193917203
0,0.03603767155165347
-2,0.01006918563640693
0,-0.010708048144535395
-2,-0.06101344497548155
1,1.0
2,-0.01401621494162288
1,-0.047174981631050515
4,1.9808214129017394
-2,0.010389350840588335
-1,0.018388974329656537
2,-0.010281234141735967
2,0.0289317925310652
-1,-0.006494575289905225
0,0.45150857091610724
1,1.0
1,-0.01952170929724642
1,-0.011699253561176168
2,-0.05088144784848888
0,1.9460227732442623
-2,-0.02002999406777025
-2,-0.14869966415066774
-2,-0.024001215787337497
0,1.9434454363671179
-1,0.052746876598682144
1,-0.014273781493489355
-2,-0.0007056180573955636
2,1.8908651927783304
-2,0.015666521257127218
2,1.6683176651060443
2,-0.03498913819349523
1,-0.006585826032229226
-1,0.013951243398534851
1,0.4845352935728299
1,0.5647713033885812
2,-0.0022994496363612
1,-0.008111214787247552
1,1.0
0,0.5256563771901632
4,2.018483715727144
0,0.011137102675063031
2,-0.014593898675720014
1,1.0
1,-0.09819159652395673
1,0.008492301110285058
1,0.0041884579096739824
0,-0.03213832444259813
1,-0.011688766051650394
1,2.095523403680245
-1,-0.0016507677796595754
0,0.00578215129385085
0,-0.0076313907759917934
3,1.967169918427008
2,0.0022695324566115384
2,0.06078909575009241
1,1.0
-2,0.0014134663330675964
1,-0.006790194698363442
1,1.0
1,-0.007862916125369608
0,0.45753179410252676
0,0.022018824446455004
-1,0.029256691906444813
4,2.019507443997588
1,1.0
0,1.915146661295854
1,0.005229199118006764
1,0.13463642171409276
0,0.0011082383905043909
1,0.1333006372728131
1,-0.0009194372634221831
0,2.0057540886836716
1,1.0
0,0.031995137322077906
-2,-0.004443551729866207
1,1.0
3,2.0593079082858896
-1,-0.026487969723335777
0,0.007126171616321151
-2,0.0029236183175230333
0,0.2663495357784501
-2,-0.001177893720921398
0,-0.005650020144078377
0,2.015578885188577
-2,-0.006086796009955896
1,-0.03600654410229554
2,2.177118123426064
-2,-0.0330980914540423
3,2.2302157858024043
1,1.0
-2,-0.007396145147398561
0,0.02388852122406815
3,2.0133874553845374
1,2.115133928321268
1,1.0
1,1.0
1,0.010208432286256635
0,-0.012206389024798434
2,-0.049679819014231644
1,0.0008681559861151432
-1,-0.017362305967670792
1,1.0
1,-0.052649956621026554
1,1.0
1,0.013170373905898263
0,0.49058939474079283
2,1.9527414625382848
2,-0.016128430008649296
2,0.016013899492651737
1,-0.05371238122936294
0,2.075330170466141
-2,-0.0699936989558468
-2,-0.10410593204087566
0,0.5528564168321812
2,1.8858984571352158
-1,-0.0009387823102381658
3,1.862082085500201
0,-0.021407612422379863
-1,-0.02480167824669537
0,0.014664910194031777
-2,-0.012950579780722594
-2,-0.02199834020832305
-1,-0.040668637782253846
2,0.00579921828793301
-2,0.0005451499106077683
1,-0.03727367476028072
-1,-0.020198133215668976
-2,-0.1159598242347054
2,0.036183756231127476
1,1.0
2,-0.009078385512042262
-2,0.09729213766413691
3,1.9902220064081664
2,-0.011512747503237268
1,1.0
3,1.9616998723517265
3,2.0380451177528736
1,1.0
1,1.0
0,-0.024161521999413287
-2,0.017487298920905246
0,0.02271696399555267
2,0.014472200046198957
0,0.0289274735405856
1,1.0
2,2.0117234171735263
1,-0.03480284479372131
1,1.0
-2,0.03179846694346644
1,1.0
-2,-0.020387547579065326
0,2.0157162857210067
-2,-0.020539282087093155
2,1.985902124771161
1,0.7209321144796835
2,-0.016399373110682916
0,0.0137745845681831
1,-0.02373579282211648
-2,-0.16291476169248587
-1,-0.022935603163038273
3,2.032636978928826
1,-0.02911371876020398
1,-0.034868704401211835
-1,0.017112391264763535
2,2.521396126472868
-2,-0.03600654410229554
-1,0.02838089678819612
1,-0.016891352697349725
-2,0.0019569859717643422
1,1.0
2,-0.039033988231568346
-1,-0.016128430008649296
4,1.9989097462672654
-2,-0.006494575289905225
1,0.30131030718512997
0,-0.04211975131503151
-2,-0.006401638939690879
1,1.0
-1,0.01220865098655569
0,-0.0475785980065581
3,2.005887371885994
1,-0.03400732098478049
3,2.031830406411199
2,1.868409479821876
0,0.38228526892965314
-1,-0.057560491726505535
-2,0.04873741822630937
2,0.05275604616820737
2,0.009153888736802597
3,1.8711455901864706
4,1.99463244960959
2,-0.0036545801440507554
2,0.0014134663330675964
2,-0.004162528875529827
1,1.0
1,-0.032222499168646966
1,1.987963349474094
4,2.018055867997775
2,-0.06259374903152785
4,1.8735178445137288
2,1.9650901749689953
-1,0.007625815458044983
-1,-0.11661266008105636
1,-0.043879418944281386
1,1.0
4,1.9851253704371148
1,1.0
0,2.1447775811895906
1,-0.09609732162057545
3,2.293009715845266
0,0.01394986178178318
3,1.9686276598795465
3,1.9247437860544547
0,2.0494431565766984
2,1.6766199914587465
1,1.0
0,-0.042230169845382616
2,-0.016399373110682916
1,1.0
2,-0.05252805702850751
-2,0.013341703966789076
-1,-0.05051552308604948
1,0.3494511047364098
4,1.9507443993851614
-2,0.03612011831053537
1,0.09009017650413448
-1,0.023384115196023875
-1,-0.011841615891723327
-2,0.006942358113663318
2,-0.1732122107258804
1,0.5627819042986917
1,1.0
-1,-0.06101344497548155
1,1.0
-2,0.30046365201585934
-2,-0.011343640001197858
0,-0.011185406517663431
0,0.5245142935985134
-2,-0.04013566296445295
1,1.0
-1,-0.0034027593510020824
0,2.0452383862984607
2,0.08893895810091386
2,0.001695634901261788
1,-0.001663632529375368
2,0.0028053059939205506
-1,0.00762098735267537
1,0.008165344044651503
2,0.0004085560361317139
0,0.2953552521356979
0,0.03874488758909492
1,1.0
1,1.0
-1,-0.05705518936110303
1,1.0
1,0.48442469474508504
-1,0.013951243398534851
1,-0.02226774918857228
-2,0.0014802650279894993
1,0.00898265504394392
0,0.0017790805173349834
0,-0.006641396467836263
-2,0.007971604914132732
-1,0.03572748112589244
0,0.013940112465032099
1,1.0
1,1.9888643457075448
2,-0.001177893720921398
1,-0.05220080988094054
2,1.955300459958116
1,0.014748475012093245
2,0.02903588738754982
2,2.022380824629169
0,0.007625815458044983
-1,-0.028968451738495
1,-0.08057993663959621
2,0.011489840128894589
2,1.9829859866627368
0,2.0006748818854496
1,1.0
-1,0.013823219883581489
-1,-0.017049594419086364
3,2.017266192382183
0,-0.0020509611832584753
0,0.06428215474774504
2,-0.009468072215395487
0,0.49219761487448954
2,-0.03793155455542919
-1,0.08902829534456796
-2,0.02917182723841805
4,1.9637029646495672
2,0.005645701166506426
1,1.0
1,0.003719741476688899
2,1.9381257093177078
-1,-0.01268992378852675
2,1.9980150054859425
1,1.0
-1,0.0002495242748969627
-1,-0.03991342795465511
-1,0.006942358113663318
0,0.019296324315372572
0,0.0253619804290171
-1,-0.029871316361760478
-1,0.013814488276572879
2,-0.045996553720844574
-1,-0.0034027593510020824
2,-0.006494575289905225
1,1.0
2,-0.014070240855191868
-1,0.07510256507685056
-2,-0.0800282480398265
1,-0.022554118300437517
1,1.971333423272174
3,1.9711514617520383
0,2.172140198454633
1,1.9583727585206199
0,-0.009517882749513205
-1,0.00627783418204069
2,-0.012094663642206413
1,1.0
0,-0.0093064789331992
1,1.8601361839848827
-1,0.15111484627011887
2,1.9416743697132515
4,1.9846135101484652
-1,0.022325625014917656
1,1.0
1,1.0
2,-0.040418077101203806
1,2.058308706068148
1,1.0
1,0.06747429160136251
2,-0.0017883817205933386
-1,0.005284751940043231
0,-0.1082654141552165
1,1.0
-2,-0.018964570201298207
1,0.010559820705179641
1,0.4529774520049179
0,0.03339925946290172
0,2.1547741634627418
-2,-0.12417302384250878
0,2.0058532839281575
-2,-0.013509681450486503
2,-0.010250117825249514
0,0.0140371573951618
4,1.9900443824061458
1,1.0
1,-0.008366559747196502
0,-0.061988800400770996
0,0.48339431351298834
0,1.9968215411491506
1,1.0
2,0.03697565614602343
0,0.001496095361316443
1,-0.009314781101609118
1,1.0
0,1.9015798151916237
1,1.0
1,1.0
2,-0.008503465184333469
-1,-0.024589326396137402
-2,0.02765284771756462
0,-0.040668637782253846
-2,0.06036393165682395
-2,0.023264384033141502
2,-0.0036545801440507554
1,1.0
0,2.016750484752009
1,-0.006790194698363442
0,0.022174597901214295
-2,-0.06481791062365225
0,0.001695634901261788
-2,-0.008111214787247552
0,0.009706762175803432
1,-0.009517882749513205
1,1.9715668131151356
0,-0.21617601777896314
-1,-0.03043744727114242
1,-0.03169847261865202
0,0.5665377613271029
2,1.9318245711770075
2,0.0737856002972342
0,0.5203107793026697
0,0.4564342493702708
1,0.013404032633355935
2,0.01148450808673597
0,0.47870943731436866
2,-0.017001413933008476
2,-0.025597501479519166
4,2.0117122301680888
2,0.057406504673446344
3,1.9520183128336033
-1,-0.019880433301992226
1,1.0
4,2.0027748240938186
0,-0.0076313907759917934
-1,-0.001484570782736851
-2,-0.010357376332145835
1,-0.07959806229778382
2,1.9636633177519434
0,0.44604903307176785
2,-0.0044351438888664205
0,-0.02253177641218989
2,0.003908919493088753
1,0.00884266307128326
-2,-0.15238814910313705
2,-0.024161521999413287
2,1.967742305064666
1,1.9896233688315368
4,2.0030255818280485
1,-0.003267509122781168
1,0.022325625014917656
2,0.08902829534456796
1,-0.027025179059229368
0,-8.346082155448229e-05
2,0.03387623127194538
0,0.4759299821120425
2,2.0944290490104094
2,-0.04561810981888291
1,0.023871070225750825
-1,-0.01386313519086686
-1,0.006134567342864918
-1,-0.03456844301077361
1,1.0
-1,0.019117000411851937
-1,-0.012332101837497772
0,-0.022386989372264417
1,-0.013792687232665751
2,2.275626851026031
-1,-0.024161521999413287
4,1.9830420876833719
1,1.0
1,0.04022895997061991
-2,-0.032222499168646966
0,0.007817315300137061
0,-0.044038886210714924
2,-0.025681530664353584
1,1.0
-2,-0.05657003215042645
1,2.2504837689840382
2,-0.023796511017207634
0,-0.034868704401211835
-1,-0.041659747641872975
-1,0.001662901944050385
-2,0.02765284771756462
2,0.039980339947627154
2,-0.008498930612090767
-1,0.007413555210168756
-1,0.018206459509790003
-1,0.015882919411194768
0,0.46812424219122
1,1.0
-1,-0.004130949147704877
-1,-0.02654509428329624
-2,0.019520198950169848
0,0.5224284152579277
-2,0.003838579180459281
0,1.925772064864054
1,0.0006763557117422861
-2,-0.057560491726505535
0,-0.008998907197077063
1,1.0
0,-0.02806131329072289
1,0.4665398839682143
2,-0.035852835506456265
-1,-0.0061085171766837336
0,0.4845565366785029
-2,0.0038621661841662493
0,0.35830504198719526
4,1.8743061733325082
0,0.45696258276277996
0,0.027186315564463114
2,-0.01215767255619457
2,2.0015102441465267
1,1.0
0,-0.023191053765512656
-1,0.0012501148881276006
2,0.022429622646939998
0,-0.007958128288298245
-1,-0.03556628899607672
2,0.0275448693770951
0,0.01220865098655569
1,1.939057804103651
3,2.29580566101478
4,2.0489145396121926
2,-0.008616902864181451
0,0.06036393165682395
0,-0.005806610628349878
2,-0.013533955464250553
-1,0.0021983606059816363
-1,-0.0007967597679164086
-1,-0.033123328701603255
2,-0.020360649431310024
1,0.4711947828906873
-1,0.004633265935749372
3,1.9236042494804797
1,1.0
1,0.014295952846184705
-1,-0.01207004714387133
2,-0.009468072215395487
0,0.45039085450149985
1,1.0
1,1.0
2,0.0725164974949529
-1,0.08767268376326824
0,0.03855421662036652
-2,-0.027331908432416528
-2,-0.03667358242237266
-1,-0.0122573953346111
1,0.0038590535055777957
1,0.01006918563640693
0,0.48483691935462525
0,2.0752524080625268
1,-0.004102736970129719
0,-0.009036047656946626
-1,-0.02302836822926296
1,0.020172489064996996
-1,-0.034868704401211835
0,0.5279075576070348
1,0.005130896602137912
2,-0.03002010445630245
1,1.0
0,0.029256691906444813
4,2.0212149774984445
1,1.0
0,-0.15195291134971572
1,0.05991273220487727
1,1.0
0,1.973304851641761
-2,-0.022189823277386597
0,-0.0036545801440507554
4,1.9765710799312877
1,1.0
-2,-0.008439474456378883
2,0.01615736620107344
3,2.0490424540802064
1,1.7892229894334968
-2,-0.21155832419568146
0,-0.020360649431310024
1,1.0
1,1.0
4,2.3740202509604145
3,1.9999241504203464
1,-0.011709626686107947
2,1.9749517126739462
-1,-0.02104750360749319
1,-0.005806610628349878
-1,-0.008111214787247552
0,0.42459263948796516
1,1.0
1,1.0
-2,-0.021407612422379863
1,1.0
1,0.06571226966625199
1,0.02465878073312598
-1,-0.033427940187214046
-2,0.004728283268795881
-2,-0.04390361527417922
2,0.07053100923845759
2,0.010323944714579949
2,0.10313061465971701
0,-0.025948353072132918
2,-0.013533955464250553
1,-0.00917556748970762
1,1.0
1,1.6849870865522032
0,0.008721473511957005
1,1.0
1,1.0
2,-0.010713909976095093
0,0.4988235873012609
-2,0.026252616570297614
0,0.024740238107316598
0,-0.010094506935645474
2,2.032880250318871
4,1.9763604845279366
3,2.0380451177528736
-1,-0.0036289686197859745
2,2.0117234171735263
2,2.0379453886537715
1,2.135515778837277
-1,-0.017855649251764055
1,0.013404032633355935
2,2.0081157969151007
-2,-0.026413637866106402
1,1.9622663712949124
1,1.0
1,-0.006392828547677872
2,-0.004430739596422222
2,-0.0044351438888664205
1,2.2401295276246147
1,1.0
1,1.0
4,1.9851253704371148
1,-0.03073575169006516
1,0.47522570162317557
-1,-0.08630647474797272
0,0.45709344530611157
0,-0.006414579125856365
4,1.949533043916452
0,0.46246734980058507
0,0.01471736624231734
1,1.0
3,1.9710031914151305
1,1.8006843402354555
1,1.0
2,1.9686474126959146
2,1.9896233688315368
2,-0.017001413933008476
2,2.013670614066086
0,0.0022695324566115384
-2,-0.011215827403690428
0,-0.18767386413740708
1,1.0
-1,-0.009314781101609118
2,-0.016999234459157728
-1,-0.016999234459157728
0,2.0265600099625147
0,1.9910924547613162
-2,-0.018123633114253083
1,0.0041607512524426725
-1,0.059481568844382195
0,1.9686474126959146
0,-0.05371238122936294
-2,-0.020923333318239083
1,1.0
0,0.07685910688321625
0,-0.08756198036548084
-1,-0.0060262828885065825
0,-0.016597014042686323
1,0.029351672258857073
1,1.0
1,1.0
1,1.0
-2,-0.004837116855697782
-1,0.010160048378976777
1,-0.044427798743184595
-1,-0.019837613563863123
1,-0.0619762853444242
-2,-0.020539282087093155
2,-0.01574735363154379
1,0.4691065253935118
0,-0.0072528990268326465
0,1.9758610566740649
1,1.0
-1,0.021340427311052138
3,1.995216990436906
2,-0.007402737894782166
0,-0.031468810456531854
-2,-0.007710276175914046
1,1.0
2,-0.04115201822883864
1,-0.009463171126247089
1,-0.11159134653685056
1,1.0
0,-0.031757943192600745
2,-0.009270021831738095
1,1.0
2,0.013574990626149402
-1,0.005864212575913384
1,1.9764236721858663
0,1.9583878999143454
0,0.0615262746385472
-1,-0.03468468688595327
3,1.9193777776704266
-2,-0.0251009567125654
-1,-0.03358961121563826
2,0.07330590275148277
1,1.0
0,2.0431394011794564
0,-0.0027715699162280645
2,-0.03197711386539761
-1,-0.02804177261263892
-2,0.031488951166038934
-1,0.01752617703895739
-1,-0.011995275087392947
1,1.0
1,0.0038650814732446638
1,-0.006790194698363442
1,-0.013869215923292837
1,2.2080425589653605
4,2.014403274880434
2,2.0225851264233494
-2,0.017211843977095194
-1,-0.0093064789331992
0,0.05396715496949374
0,-0.07823948113205138
4,1.8006843402354555
1,-0.016399373110682916
1,1.0
1,-0.007535859760736562
0,0.4988235873012609
1,0.00937138075427855
2,0.009341317681253014
1,1.0
-1,0.0524863151439529
1,-0.03431429215861749
2,-0.04211975131503151
1,0.0037189449886660276
1,1.0
1,0.45805615430395086
-2,-0.02742331269436147
-2,-0.005776325480372214
1,1.0
2,-0.015422097420656334
-2,0.027395981817563326
2,-0.006086796009955896
1,-0.0547371408811817
-1,-0.03699704517771382
3,1.914519079003413
1,1.0
1,-0.008498930612090767
0,-0.028585965320400385
0,1.9314380172282497
1,-0.022716430774678272
-1,-0.025632139984177713
-1,-0.012219510757913965
-1,-0.00232817072627847
-1,0.01148450808673597
0,0.45601958351006044
0,0.07159467084053067
1,1.0
1,0.0008681559861151432
0,0.5146434572300691
0,0.01006918563640693
1,-0.08271702404613893
1,0.5249247347648417
1,0.019208137373792046
-1,-0.03279929966558866
-1,0.01646461028708217
-2,-0.002575515920724142
1,1.0
-2,0.008502874206302158
1,0.009943623934073068
1,1.0
-2,-0.020923333318239083
0,0.01947885514374408
-1,-0.00956263016956069
-2,0.03452673918695912
1,1.0
0,1.9742787825369987
0,-0.059159471663022115
-2,0.00884266307128326
-1,0.004878486362238688
1,2.1303281762890123
3,1.9764236721858663
1,0.020374879038410044
4,2.0186031041081858
1,2.0246255948093603
1,0.0001649331353750183
1,1.0
1,0.01006918563640693
0,0.007880364355475707
1,-0.032263842992253905
1,0.06566122580316425
1,1.0
2,-0.045896252207555756
0,-0.004406078993046727
-1,0.06571226966625199
0,-0.016999234459157728
1,1.0
-1,-0.03667358242237266
4,1.9817443010380558
-2,0.0311026515931615
1,-0.03271438283995666
4,2.0611506859502096
2,0.01406204601965466
1,1.0
-2,0.01148450808673597
1,-0.020415669659865843
2,0.012588553168881965
0,0.013127587003203179
3,2.0246255948093603
1,0.4313100074996633
2,0.21040145375193828
1,1.0
1,1.0
3,1.938909557370354
-1,0.0019977222038350248
-1,0.019425460167038763
0,0.06347670902802759
1,2.0123080675555496
2,0.046389849719616974
-1,0.0014802650279894993
0,-0.048363439739383944
2,-0.035852835506456265
1,0.05199022029101878
1,1.0
0,0.4789776971090717
-1,-0.0012650125616840758
0,-0.01494826229188232
0,1.9433287120135752
2,1.7900818938058867
2,-0.03718702089786699
0,0.09406874703875433
1,2.015578885188577
-1,-0.0389884596649067
1,0.5485157540087042
1,-0.0048409073335294525
0,0.0008993794049061332
2,-0.015422097420656334
3,2.1111865881956065
-1,-0.011195711117358731
0,-0.11777209457546993
-1,0.0035709617983978492
1,1.0
1,1.0
0,0.04854250486498474
4,1.9540985206665837
3,2.0395808531978816
-2,0.0022695324566115384
1,0.48833312245847266
-1,0.015149013117386909
2,-0.015901481485326528
2,0.007487267293918226
1,1.0
4,1.9983631897778193
4,1.9589619299993537
-2,0.005114800878050163
-2,-0.013509681450486503
-1,0.022651000800327347
0,0.019942351561681514
0,-0.006086796009955896
2,-0.044427798743184595
-2,-0.05197794036747402
-1,0.0019569859717643422
1,1.0
0,2.021631820442002
1,0.049086965444910556
1,2.022380824629169
-2,-0.028323592408896772
0,0.43331009760259337
1,1.9916341819713799
-2,0.0054900391863058565
-1,-0.04211975131503151
0,0.06885001247877981
0,-0.012648378142190473
4,1.980919909305054
-2,0.0069373903962980064
1,1.8858984571352158
0,0.002248765730171486
-1,-0.005846354933789023
4,2.032880250318871
-1,-0.0044351438888664205
1,0.0019977222038350248
1,0.01471736624231734
2,0.0038909478638072576
1,-0.024161521999413287
-1,-0.009086131652157815
2,0.0745466795153801
0,0.02765284771756462
0,-0.1114847965254848
1,0.0038114553191358203
0,2.0058755937907313
0,2.182090263447024
2,0.01646461028708217
-1,-0.011215827403690428
2,-0.04747376745436147
-2,0.0022695324566115384
-2,0.03452673918695912
1,1.0
0,1.9729684626561457
1,1.0
-2,-0.008111214787247552
0,0.00456663796589336
1,-0.029795329306697007
-1,-0.014638767704459398
0,0.029770414981082297
1,0.39128020616301457
2,-0.016447969511119407
-1,-0.010138588395433747
1,0.034800468321851644
-2,-0.10547066477313521
1,1.0
1,0.4700791236890492
0,-0.0036289686197859745
2,0.06428215474774504
0,-0.007411724171087045
-2,-0.0040506296565233245
0,0.0038114553191358203
-1,-0.036974631712616765
2,2.023363663584377
1,-0.024532583743279934
1,2.0168835254365556
1,-0.0023143492477900396
1,2.001995703356648
0,-0.014273781493489355
1,1.0
-1,-0.08490752635396566
3,2.142471258568688
1,1.9817710201097287
-1,0.0043858328222811495
2,2.0477866322532012
4,2.377055346983728
1,2.0098597090442762
2,0.03021403629982749
1,0.013574990626149402
1,-0.003315500025808418
1,1.0
2,2.3587376206120387
0,-0.03793754637088411
2,2.0155408973516056
1,-0.028585965320400385
2,-0.03727367476028072
1,-0.03358961121563826
-1,-0.04863621423594019
1,0.0068881560948018975
-2,0.07685910688321625
0,-0.022532011417674965
1,1.0
1,-0.03600654410229554
2,0.01211540320772702
0,-0.006790194698363442
0,0.03475555371349113
-2,0.009702761923046886
-1,-0.025773072694211266
-2,0.0019977222038350248
1,1.0
0,2.015338816559295
2,-0.02095915169591603
1,1.0
0,-0.007710276175914046
1,1.0
2,-0.0015622841505143975
3,1.9233072937086098
-2,0.022325625014917656
1,0.036183756231127476
1,-0.029584100907689804
4,1.946897063796058
1,-0.03517537853264872
-2,-0.00471814292379938
0,0.4567531932950727
0,-0.00803393599733564
2,1.7648601242712547
-1,0.04873741822630937
-1,-0.004947206441322237
1,-0.04849608595663582
4,1.9649446886686714
-2,-0.014294779547186538
1,1.0
-2,0.023528883312718945
1,1.8699191371174169
1,1.9638641243516874
-1,0.004909887047037396
1,1.0
1,1.0
4,2.256818264772188
0,0.3695715721036713
0,0.4166609542504571
2,-0.0022499901416534757
0,-0.015459640426566446
1,1.0
1,1.8814370041177555
1,0.028553112084152402
1,1.9992923877186835
0,0.05315198456725844
2,1.9672818308343076
1,1.0
0,-0.016316792243372034
-1,9.62699206121011e-05
-2,0.009529803165803983
2,0.1982041897688843
1,2.207860263721127
1,-0.020712693209141916
1,1.0
1,1.0
2,1.9778912782240434
1,1.0
-1,-0.026985111148522378
2,1.9688963578503473
0,0.004909887047037396
-2,-0.005641886639611852
1,-0.00917556748970762
1,1.0
0,0.4221815617061521
-2,-0.022716430774678272
-2,0.06473587461933727
0,0.024237222878963703
-2,-0.015901481485326528
2,-0.004162528875529827
1,1.0
1,2.140149503995249
-1,-0.028382854305144752
2,0.028553112084152402
2,1.946897063796058
0,2.033872697632641
2,0.015893449805066802
-2,-0.03227981548228474
1,-0.03505812218572227
1,1.0
3,1.9809081907034654
0,-0.005641886639611852
1,-0.0086354403816192
-1,-0.03705057983821099
0,2.0030255818280485
1,1.0
2,0.04886140256804079
1,0.0226107890227082
0,1.9930664563826666
1,1.0
0,0.4888241140208799
-2,0.003719741476688899
1,0.362412430083728
1,1.0
1,-0.018019044753904957
1,1.908550642109888
1,0.509420861228004
0,-0.03377165979076525
0,-0.042230169845382616
2,-0.017513603143166093
-1,-0.022935603163038273
4,2.0381515309809224
-1,0.008502874206302158
1,-0.006986850974063982
0,0.021406627324746793
0,-0.0247315767706132
1,-0.0034342910341800315
3,2.003372569407441
1,0.5900474653385946
0,0.009195327946554626
2,0.01633443489012747
-1,0.016013899492651737
4,2.022483353196488
0,0.05410403598188677
-2,0.05315198456725844
0,-0.027025179059229368
1,0.39307353374052467
-2,-0.004443551729866207
0,1.812065599968921
1,1.0
0,0.02688002196510133
-2,-0.007710276175914046
2,1.8946830954668448
-1,-0.11587014328658767
1,-0.02836172011787478
1,2.1319281614183314
0,1.9162422191098634
2,0.0022695324566115384
2,-0.01659841650413073
1,-0.010138588395433747
1,2.0739828560132216
3,1.9584161522583927
2,1.9493664427018433
0,1.9476099895733059
-2,0.0002495242748969627
1,0.45751838083365004
1,0.028100012142231852
1,1.0
0,0.0004085560361317139
-2,-0.07301547763382041
0,0.00769682878483739
1,1.0
1,-0.10393428502813368
1,1.0
-1,-0.03480284479372131
2,-0.06794906359262422
1,1.0
2,2.0408731746564395
1,0.022892803576577084
-1,-0.0276617496156616
-2,-0.04681516388069339
1,1.9250087766440092
2,-0.05169246169695956
1,1.0
1,0.5288339413331135
1,1.0
1,1.0
2,0.016733747179526047
1,0.4851923963399484
-1,-0.046284943032232226
0,-0.012676431717839743
0,2.0018632196882766
4,1.915146661295854
1,1.0
2,-0.17341513417116744
1,1.0
-2,-0.03504953358270164
0,-0.022188438392951357
1,1.0
1,-0.007139195295641198
1,0.032275564778440534
-2,-0.03509957318971929
1,-0.020464144192720485
-2,-0.11293430770324367
4,2.0132712457624673
-2,-0.008503465184333469
1,-0.04273404204472252
-2,0.01646461028708217
2,0.010009508398804512
1,0.005864212575913384
2,-0.006585826032229226
1,1.0
1,-0.3273829776682913
0,2.099685390941252
1,0.48770471320819575
1,0.14055526700226376
-1,0.007971604914132732
1,1.0
-1,0.059481568844382195
0,-0.03084636906034698
0,0.019296324315372572
-2,0.0002495242748969627
1,1.0
1,1.0
-2,-0.009621989448763378
2,-0.01715401938607848
1,-0.03179262729632508
-2,-0.020557794007137975
2,1.9256651251075376
1,1.0
1,1.0
1,1.9808214129017394
2,0.018637000499826827
0,1.926962476899021
2,-0.01697596629723246
-1,0.010154189832818534
-2,-0.031417888947515536
0,1.9759240611518294
-2,-0.0036274000967628293
1,1.0
0,0.49641399795569585
1,0.01849311941028551
1,1.0
-1,-0.0034027593510020824
0,1.9014795572000738
-2,0.01357474656922609
0,0.0037262491774852093
1,1.0
3,1.9447008534977663
-1,-0.03160502376570316
2,-0.05113097172685181
-2,0.021927911582326574
1,1.0
-2,0.007814905249928483
-2,0.0001681652178761499
0,1.975958668665878
2,0.09380557261140705
1,1.0
0,0.01946478666568868
-1,0.010307177653756045
0,0.0008272756872416498
1,-0.009086131652157815
1,-0.0040217840579525425
1,1.0
1,-0.018964570201298207
0,1.8613066708014359
-1,-0.015422097420656334
1,2.182847081352952
0,-0.03232952402510007
1,-0.0093064789331992
-1,0.02400692907520836
1,1.0
2,-0.02372104513175065
-1,0.0037262491774852093
1,1.0
-1,-0.01268992378852675
2,1.8858984571352158
2,0.01136378143854551
-2,-0.040668637782253846
0,-0.0095280499596867
1,-0.015459640426566446
1,-0.007710276175914046
2,0.06862396420899072
2,-0.008301763981843104
1,-0.002575515920724142
1,1.0
3,2.0684859940142895
-2,0.022018824446455004
1,1.0
1,2.109557795545511
1,1.0
1,-0.018019044753904957
-2,-0.08057993663959621
1,1.0
1,1.8006843402354555
2,-0.004605542375346453
1,1.0
0,-0.046757493460332096
0,1.9161162170928556
1,1.0
2,0.011279540090846897
2,-0.033123328701603255
1,-0.03174467570813897
1,2.057744370946702
1,1.0
4,2.003814317338197
0,-0.034868704401211835
1,1.0
0,0.4681862087899848
-2,-0.025277234756910124
1,1.930617255618242
-2,-0.014638767704459398
0,0.48531822539246483
3,2.04672010189657
-1,0.009719808491712426
-2,0.012936976062976328
0,1.9135201516608513
-2,0.013336898038149723
3,1.9460666573373382
0,-0.035852835506456265
2,2.3018983105583493
2,0.038202066906280925
2,2.1603339416652823
-2,0.0014134663330675964
2,0.12038811600375282
1,1.0
1,1.0
0,-0.02932985584790643
0,0.005229199118006764
-1,-0.01401621494162288
1,0.002236094674775907
1,1.0
1,1.0
-2,-0.02488839986541915
0,0.523204484070741
0,0.12853149696573798
0,-0.06914409932386527
0,0.5570642404877427
-2,0.017112391264763535
0,-0.0802531813305171
-2,-0.0048409073335294525
-1,-0.06904847887992399
0,-0.008301763981843104
1,-0.03811810677342825
1,0.052746876598682144
1,1.0
0,-0.0026695866016778246
3,1.9616998723517265
1,-0.0251009567125654
1,1.0
2,0.019443697732377287
2,1.9788381301791425
4,1.9524666312004557
0,1.9882849401672669
-1,-0.03737026583492785
1,-0.32380519961874654
-2,0.014854197750244885
-1,0.0014802650279894993
2,1.9592343630983295
2,0.02575409518002763
-1,-0.03667358242237266
3,1.9761746024911695
4,1.9999241504203464
1,1.0
2,-0.028373150063614686
0,0.5296333318620213
2,-0.003901380915753627
0,-0.05113097172685181
1,1.0
1,2.0416542290198505
1,0.06078909575009241
2,0.0018692261339935976
4,1.9527414625382848
1,-0.0450133504712078
-2,0.019687591330249384
-2,0.0037262491774852093
-2,-0.022716430774678272
1,1.0
2,2.0437198688647813
0,0.0019068806295300302
1,-0.008439474456378883
1,-0.05820185832265715
-1,0.012808629285006024
-1,-0.03708649409341535
2,-0.013008606739808809
-1,-0.008325005061139068
1,0.03338532045231078
2,0.014049615765069143
1,-0.03279929966558866
1,1.0
0,1.896722605460515
-2,-0.04115201822883864
2,0.0018692261339935976
1,-0.11591648563561739
-1,0.0008993794049061332
0,-0.02488839986541915
-1,-0.06101344497548155
1,0.4762463071198129
0,-0.022054412923180458
0,-0.1287473778425773
2,-0.1475848972291256
-2,0.02490072078001699
-1,0.022411691665592363
-1,0.002236094674775907
-2,-0.0086354403816192
2,0.010160048378976777
-2,0.01148450808673597
-1,0.007934098111649156
-2,-0.02104750360749319
1,-0.010138588395433747
1,0.022796763685736927
2,0.049907276797947576
-1,0.005284751940043231
-1,0.0019221921013433544
1,0.019942351561681514
1,1.0
2,-0.024821593126114216
1,0.5814810250449121
-1,-0.006988995949327833
0,-0.0423158416838949
4,1.9294879556553746
1,0.005864212575913384
-2,-0.011293551608083043
-2,0.022325625014917656
2,-0.03240786653396527
3,1.9452579845583426
2,-0.05584910796316214
2,-0.0411531020202033
1,0.01308252789585594
0,-0.009468072215395487
1,0.4836686565606476
2,0.0019221921013433544
1,1.0
0,-0.01275059544624697
1,1.0
-1,0.10384882089371175
2,1.99463244960959
-2,0.03939585779039004
2,1.9968215411491506
4,2.0581543023982225
0,2.024791562295357
-1,-0.03667358242237266
-2,0.05445858840945331
-1,-0.028382854305144752
-2,-0.010332757577539287
2,-0.012205830518850744
3,1.8551648861927723
2,-0.007139195295641198
-1,-0.05088144784848888
1,1.0
-2,-0.02777497321573855
2,1.8703531020877342
-1,-0.05231976028427269
1,0.08731104237776868
1,-0.024467111028670895
-1,0.05053523010003649
2,-0.06050901361523302
3,1.9486778880736835
-2,-0.039973223314685266
1,0.09147912761276117
1,-0.06101344497548155
1,0.01783445358318719
2,-0.033123328701603255
-1,-0.034551364034456876
1,1.0
1,1.0
2,1.9265389380800804
2,0.01890808753723661
1,0.001662901944050385
1,-0.02480167824669537
1,-0.003651020686343291
1,1.0
1,1.0
1,1.0
0,0.00578215129385085
1,1.0
1,0.5024142547665424
-2,-0.016356814634678803
-1,-0.1040045401144002
2,0.0665814076488798
1,-0.008439474456378883
0,0.5282758996770831
-1,-0.02095915169591603
0,0.017687777432870387
0,0.018777277880191897
0,-0.039184340159931136
3,1.9015798151916237
0,2.0526530491018065
0,0.0008272756872416498
0,-0.027676434451141853
-2,0.09335031572069376
0,0.03200281938220964
1,1.0
1,0.018637000499826827
0,-0.0093064789331992
0,-0.046284943032232226
2,1.9014795572000738
1,1.0
-2,0.0671934455220876
4,1.940592092318412
-1,0.005864212575913384
1,1.0
1,0.472551123072124
2,-0.028076560288962184
2,2.019173153259183
-1,-0.006641396467836263
-1,-0.05820185832265715
2,1.843338202982129
2,-0.014392115540024612
0,-0.02726231930684305
2,2.0501776286370386
1,0.00774941298009015
-1,-0.02592911217314918
1,0.07391245932778225
1,-0.08638377357424842
1,-0.007658900958998582
1,0.5201504915229824
2,-0.0048409073335294525
1,0.0008681559861151432
-1,-0.03316804963051305
-1,-0.057560491726505535
1,-0.015901481485326528
2,1.9930664563826666
-2,0.01583555884467281
-1,-0.006401638939690879
1,1.940592092318412
-1,-0.034915416744391366
-1,-0.008000096185884794
-1,0.09297307656805559
0,0.023384115196023875
3,2.0283798292801434
0,1.9021353687928237
0,1.9434599779105333
-1,0.01849311941028551
1,1.0
1,-0.03213936678639804
4,1.9433657421040453
1,0.013404032633355935
1,1.0
0,-0.049341400322496405
2,-0.00803393599733564
1,1.0
0,0.01583555884467281
2,0.0038208898707391757
1,-0.00032257344103155144
1,0.4379042357945113
0,-0.019835234675793754
1,0.01206888946970186
1,2.1099161227843064
0,0.41956932016650755
4,2.0048086602512187
0,0.0004085560361317139
1,1.0
0,-0.020760692637579584
-1,0.026661900845452682
-2,0.012286934700204968
0,2.0098597090442762
-2,0.06078909575009241
2,1.9320154642783323
1,-0.03976632032962283
-1,-0.01301305345290709
-1,-0.05051552308604948
2,-0.043879418944281386
0,-0.03265530666882306
2,0.029572785206529936
2,2.1470098146401155
0,-0.045602860397844926
1,-0.011659477821545132
1,2.1201821084126924
-2,-0.02574300962046591
2,2.018055867997775
1,-0.02002999406777025
4,1.9995665442424093
1,0.5000885157846807
2,-0.0027693930787494408
3,1.9749714994171672
3,1.9486264046162676
-1,-0.05584910796316214
-1,-0.16865758267361344
1,-0.010516437763087692
0,0.023709002419452174
1,-0.01562991926339298
1,0.03368816434178682
-2,-0.03696182487434768
1,1.0
-1,0.0024616072487884735
1,-0.06101344497548155
1,1.0
2,1.9622663712949124
1,1.996716968420188
-1,0.03896530416918953
1,1.0
0,0.0022633618796811398
2,0.20180941260632057
0,1.875646133020462
1,2.0788384348340916
-2,-0.05415415087828165
1,1.9043406380688077
0,0.4588159984292964
-1,0.02403329968789764
-2,-0.039184340159931136
0,-0.005641886639611852
0,0.5869151467052691
-2,0.023541439260505812
3,2.0204800645501946
0,1.9950114519671829
3,2.2150799940633554
-1,0.00898265504394392
1,1.0
1,-0.013533955464250553
1,0.46007847214870623
0,1.9938367085211826
1,0.09968703104470826
1,1.0
2,-0.0003520720718080782
2,1.9247437860544547
2,1.9719009465544917
0,2.1463852581672764
4,1.930617255618242
1,1.0
2,-0.019837613563863123
1,-0.04033152237385209
-1,0.00579921828793301
4,1.9863179013537442
-1,-0.020712693209141916
1,1.0
1,0.47906251631203
-1,0.07473643850650696
1,1.0
2,-0.007139195295641198
1,-0.0014779122891491097
3,2.0157162857210067
2,2.013670614066086
1,1.0
-2,-0.039184340159931136
0,0.03326291964869501
1,1.0
0,-0.014785175508288199
2,1.946888652016505
0,2.1813264731807966
0,-0.0122573953346111
0,0.05329010125713119
1,0.02660387317090153
-1,0.013384598932718246
-2,-0.008843552432121742
1,1.0
-2,-0.04874151279771839
1,2.1472810111652123
1,1.0
1,1.9745885319462544
2,0.029735304216221344
-2,-0.02650903340861602
2,-0.040668637782253846
3,2.003814317338197
0,-0.0093064789331992
-2,0.024197988261430138
-2,0.00478106543037021
-1,0.019687591330249384
1,-0.006086796009955896
0,0.0019221921013433544
1,1.0
1,1.0
1,1.0
0,-0.039184340159931136
1,2.0242081198188107
1,1.0
-1,-0.10184752175671606
-2,0.0031551235603534704
0,0.05053523010003649
-1,0.0671934455220876
1,-0.003432675064498435
1,1.9685140023454055
2,0.0008272756872416498
1,0.017378147541231372
0,0.018297438218368437
-1,-0.057746062268190276
-2,-0.013509681450486503
-2,0.015450391027570723
1,1.0
-1,-0.040418077101203806
-2,0.028553112084152402
1,1.0
1,1.0
2,0.042836072401722006
2,0.00579921828793301
1,1.0
4,2.011704305397812
-1,-0.03265530666882306
2,0.0017790805173349834
0,0.46338993202379897
1,0.0317072610112426
2,1.9813474364228683
2,-0.05019626655758688
0,0.43513617027586654
4,1.968386334065559
2,-0.022935603163038273
0,0.016825104144524795
1,-0.004124086523147993
1,1.0
0,-0.0628701446329088
0,0.4747715187632331
-1,-0.052141453292950966
1,0.5213357841631394
0,-0.03699704517771382
-1,0.07069653012096318
1,0.5243018913382673
-1,0.043100154840221803
-2,-0.10410593204087566
-2,0.009153888736802597
0,0.48042239181132534
1,-0.052255714115644614
1,1.0
-1,-0.02146918370513162
3,2.024400547713272
1,1.0
1,1.0
1,1.9251634808135412
1,1.0
-1,0.0028053059939205506
1,-0.12392261988103088
1,1.0
-1,0.013341703966789076
1,1.0
-2,-0.008439474456378883
1,1.0
-2,-0.0036274000967628293
0,0.48833312245847266
0,0.015756273621853275
1,0.6035389171940594
2,1.9750520201794521
-2,-0.009169025705242126
0,2.131291138872306
2,-0.01711422056076077
0,2.001682997588611
2,-0.04007873982995673
0,0.02047125671708843
-2,0.03603023007950267
1,1.0
0,-0.006086796009955896
2,1.9025494015796334
0,-0.027208857894481627
4,2.0442874329544516
0,0.5534176466137084
2,1.9455583958047753
2,-0.006728039712921254
1,1.0
2,1.8865511885923254
-2,-0.004105624013683832
1,-0.002957186322852683
-2,0.10057912081215724
-2,-0.016356814634678803
2,-0.056671181268999594
0,0.0016065398108482062
1,1.0
1,1.0
-1,0.16819677633301228
1,1.0
-2,-0.024654795788507367
3,2.0697026425473934
4,1.9992923877186835
0,-0.0015853284046661643
2,-0.004809084681674796
0,1.9896233688315368
0,1.9992923877186835
2,1.815981453229418
1,-0.023382030116898926
0,0.0008681559861151432
2,1.8735694445055
0,0.0011971389356314295
1,1.0
-1,0.07018627904908657
4,2.1215987644925196
1,-0.08315330682688636
-2,-0.054528749950957994
1,1.0
1,1.0
-2,-0.010484157126683704
-2,-0.0013993792443390027
0,-0.036416822389166194
3,1.986664250302022
0,0.01649986662048054
-1,-0.02000563113322153
4,2.0138353173537453
1,0.5224284152579277
-1,-0.02488839986541915
-1,-0.016595330584077982
1,1.0
1,1.9637004668900622
0,0.023257277630540488
0,-0.020387547579065326
-1,-0.02920277744606069
1,0.4278225641891689
-2,-0.02865994769697741
1,1.0
0,0.4094897909350221
0,-0.0054295465253504345
-1,0.024197988261430138
0,-0.014273781493489355
1,1.0
1,0.00615376322485859
1,0.6582119381840491
-2,0.0038208898707391757
0,0.4983356126404798
-2,0.014022934447583407
2,1.9916341819713799
1,1.0
0,-0.05113097172685181
0,-0.015422097420656334
3,2.027577102234953
1,-0.02726231930684305
1,-0.006494575289905225
2,0.0020632257139431925
-2,0.024404485840064705
-2,0.007126171616321151
-2,-0.02880434805127574
2,-0.015044452812729587
1,-0.09280437232157322
1,1.0
1,1.0
0,-0.005210420777828687
2,0.005873390251638665
1,1.0
-1,-0.07152339633456506
1,1.0
1,1.9759240611518294
0,1.9657504652790792
0,1.8769213213463498
3,2.0259126117888666
1,0.4432385998727372
1,-0.0095280499596867
1,1.0
3,2.1866310222120955
0,0.5018650040421908
0,1.9593614888010518
1,1.0
-2,0.006693975851918213
1,0.01148450808673597
2,0.022411691665592363
3,2.022380824629169
1,1.955349074123906
2,-0.004053278755565207
3,2.0116306998892117
-2,0.019208137373792046
1,0.6004278478852153
3,2.03285150733562
-2,-0.05088144784848888
-2,-0.007470570047991189
-2,0.18614759601994435
-2,-0.012219510757913965
2,2.0404165693494614
1,1.0
0,0.01849311941028551
-1,0.002488590698656822
1,1.0
1,-0.0034342910341800315
0,0.050761134854247075
1,-0.008000096185884794
-1,-0.04887206833633481
1,1.0
2,-0.010845009412345034
3,2.1028570259437394
2,-0.017527247261183772
-2,-0.07959806229778382
2,0.0038208898707391757
2,-0.1257376476794402
-2,0.045270444510087764
-2,-0.046377318961593535
2,-0.0033650632451801194
-1,0.010400413732017423
0,0.010559820705179641
-1,-0.0022499901416534757
2,0.10097228193052643
-2,-0.04266521591379299
1,-0.017899237890410622
0,1.975176804887056
0,-0.07823948113205138
-2,-0.01725469918896817
0,0.050157019873772614
-1,0.03861964529710708
2,1.9842281969612632
1,1.0
1,1.0
2,1.9770687319651052
2,-0.02480167824669537
3,1.9990819387626007
1,0.022411691665592363
0,-0.004561803412462253
1,0.01220865098655569
3,2.054286201353982
-1,-0.05113097172685181
-2,-0.006414579125856365
1,1.9924856752074933
2,-0.03423389264821785
-1,0.04971102365551871
-1,0.14023568573532016
1,0.4527538116301067
1,1.0
1,1.8917928287037855
-1,-0.016513929045919667
1,-0.10056386563017165
1,-0.012927381560026287
0,0.5212924608882298
2,1.9721137690917585
0,-0.0910419169516385
2,-0.12821841150339824
2,1.9376490514711864
-1,0.00037392451829011886
1,0.015920810758805123
-1,-0.005776325480372214
1,1.0
-1,-0.014638767704459398
1,-0.005215971454659271
1,1.0
1,1.0
-1,0.043100154840221803
2,2.1999298419971307
1,0.3805860689700675
2,1.9627417175771833
-2,-0.04294728484802267
1,0.09099422410886943
4,2.0995567158685366
1,-0.03600654410229554
-1,0.001695634901261788
1,1.0
-1,-0.05088144784848888
1,1.0
1,-0.023658340982707166
1,1.0
-1,0.01649986662048054
1,0.4728106253486555
0,0.21874783006548895
1,0.0038208898707391757
1,1.0
1,1.0
-2,-0.02532827635094764
1,1.0
1,1.0
-2,-0.02947161483228803
0,-0.009066345884612234
-2,0.010830482686007607
1,-0.019126819240560054
3,2.0457020025839183
1,1.0
0,0.5987522587456442
1,1.0
0,0.5085114219866258
0,1.993740821287187
1,-0.00028212949129002206
-2,-0.04713531584826052
1,0.01038730242000492
-2,-0.032263842992253905
4,1.92682055518171
1,0.020088779719525024
0,1.9817483611346696
2,-0.03169847261865202
2,-0.010845009412345034
1,1.0
-1,-0.00644992651432377
1,1.0
1,1.0
0,-0.009066345884612234
2,0.015450391027570723
2,2.058863969904694
-1,-0.010250719145417668
0,0.5996830180367683
2,-0.03607754055010931
1,1.0
3,2.1040446879316836
1,1.0
1,0.0038590535055777957
0,-0.08166326202984293
-1,-0.012648378142190473
1,1.0
1,0.03368816434178682
3,1.926710162991416
1,1.0
1,1.9744424698950542
-2,-0.015901481485326528
1,0.004878486362238688
1,1.0
-1,-0.0014443543488946117
3,1.9711514617520383
0,-0.005303579805613724
2,0.06350986429249325
0,0.3964022169736216
1,1.0
3,2.0167476523096184
1,-0.052255714115644614
0,2.039146854571354
1,1.9809081907034654
1,1.0
3,2.002163073846839
1,1.0
-2,-0.004162528875529827
2,-0.03107334471400053
-2,0.019687591330249384
1,0.002730671447946033
1,1.0
1,0.02795481691326616
3,1.9169228912826117
-2,-0.020758166277196524
1,1.0
0,1.9739662052828009
2,-0.009314781101609118
1,1.9921829279752137
2,-0.008326921811811008
-1,-0.04340366941001652
1,0.0671934455220876
0,0.0012501148881276006
1,1.0
-1,9.62699206121011e-05
0,-0.09511323365132915
2,1.9817443010380558
4,1.9733999172561312
0,-0.003510253297678276
0,2.0242081198188107
3,1.9592343630983295
1,1.0
0,1.9701666553656367
0,-0.03737026583492785
0,0.038807854840465096
1,0.00579921828793301
1,-0.03411399873449245
2,0.004878486362238688
2,0.03939585779039004
-1,-0.04526874911393888
1,1.9284453972728992
2,-0.01074684178914153
4,2.085647753434141
-2,0.053094714426377324
1,2.033872697632641
1,1.9452579845583426
0,0.008498041111698147
1,-0.021071141567327794
2,0.014275341901506337
-2,-0.04526874911393888
4,1.94634568045365
3,2.02703922981792
1,1.0
-2,-0.04025948910676843
1,-0.044515978248483405
0,0.4342645060490849
2,-0.032956663340533786
1,1.0
2,0.015451040128352895
0,-0.01401621494162288
-1,-0.0384483178767898
-1,-0.03586222054982616
2,2.001401395666841
2,-0.17024477272310762
1,1.9685656992474043
0,2.019977869868352
2,-0.03498913819349523
1,1.0
-2,0.15519203739184945
1,1.0
1,0.002301328049778427
0,0.04666919353507788
2,0.03520197371922305
2,0.19922601775546497
1,1.0
1,-0.007402737894782166
2,-0.25958769765444994
-2,-0.008326921811811008
-1,0.02403329968789764
1,1.0
1,0.010559820705179641
1,1.0
1,1.0
0,-0.001177893720921398
0,0.011454265805796676
-2,0.031021990098486024
-2,0.0019569859717643422
1,-0.0268956162828102
0,1.9744899081556333
0,0.02874649703973126
-1,0.10934062533814098
-2,-0.04494021276381858
0,2.0237708707393547
3,2.011704305397812
0,0.11692425525834257
1,1.0
1,0.020659150527522378
0,0.48203762966791125
1,0.030933177584656045
1,-0.009093960200406917
1,-0.028585965320400385
1,2.0380451177528736
-2,-0.02302836822926296
1,1.0
0,-0.03160502376570316
1,0.02191935931658056
1,0.017316776667177413
2,1.9870432024066362
2,0.02019694239647577
2,-0.057560491726505535
1,1.0
2,0.027297455647028294
-1,-0.06493431458118115
2,1.9278155003510984
-1,-0.06638180628721002
1,1.9324874592485797
-1,-0.022716430774678272
1,1.0
1,0.06964649162798303
1,1.9261060171539186
0,0.015951033603524747
-2,-0.029716964649853735
3,1.7928975816488741
2,1.8358127956846253
1,-0.0048409073335294525
-2,0.016013899492651737
-1,0.0253619804290171
-2,-0.005846354933789023
1,-0.02932985584790643
0,0.45194499826408113
2,0.01579024439466141
2,0.03861964529710708
2,0.07063742739014094
2,-0.015901481485326528
0,0.46079777418211526
-2,-0.009556012314237477
1,0.02305247434263795
-2,-0.045034708272837704
2,0.01431710868825194
2,-0.08315330682688636
1,1.0
-2,0.018459766097333328
-1,0.010615181868588907
1,0.48390157375158466
1,1.92682055518171
2,-0.0013066313495663459
0,-0.010138588395433747
0,-0.00232817072627847
1,2.038224246223979
1,-0.01659841650413073
-1,0.011956334273681818
-2,-0.011343640001197858
0,-0.006724223169133297
-2,0.0019977222038350248
1,1.938796035301144
2,-0.009449832432373961
1,0.4534870328266009
1,1.0
-2,0.026457058685606372
1,1.0
2,-0.025290805947110858
1,1.0
2,0.0014346878518939103
-2,-0.01215891330828427
0,0.50595286772263
1,1.0
2,2.0406491946161758
0,2.0436996028847174
1,1.9916341819713799
1,0.018206459509790003
-1,-0.005776325480372214
-1,0.010160048378976777
1,1.9768223542834422
2,5.3145271440453095e-05
-2,0.0253619804290171
2,0.004352201449063525
-2,-0.057560491726505535
0,-0.019360847728132805
1,1.0
0,-0.013798698699618417
2,0.013404032633355935
1,2.098397377030515
0,2.05871736772683
3,1.96616130796765
-2,-0.05063004838121347
2,2.088990853478465
1,1.9143959671504103
-1,0.010446924910644218
1,1.0
-1,-0.006988995949327833
1,1.0
-2,-0.03279929966558866
3,2.036470151733282
-2,0.011673083235036344
1,-0.05584910796316214
0,-0.010544835250565248
-1,-0.02295071028823433
0,-0.0076313907759917934
1,0.012889739359714283
-2,-0.02726231930684305
-2,-0.013869215923292837
0,2.0165727847396324
1,1.0
1,0.41703246569661606
0,-0.057560491726505535
0,0.003838579180459281
1,0.021967653351929753
1,-0.02932985584790643
1,0.454524831490934
2,-0.05113097172685181
1,2.1144684409231447
1,1.0
4,1.9758610566740649
1,1.0
1,0.06078909575009241
2,1.8546687156411554
0,2.1149088408182974
1,1.9995665442424093
1,2.0155408973516056
1,1.0
2,-0.006988995949327833
4,2.0051643034367617
2,-0.015901481485326528
0,-0.062040421763930126
2,-0.0036545801440507554
-2,-0.0076313907759917934
0,2.0571816674489956
3,1.9247437860544547
-1,0.009123461936267436
-1,-0.0007056180573955636
2,-0.03718702089786699
2,-0.019837613563863123
-2,-0.012498504702226257
1,1.0
1,-0.2327400503223243
-1,-0.028073971240985148
0,0.5122938333050435
-1,0.05932738543591535
-2,0.02015582671873233
1,-0.0417375175017625
1,0.024197988261430138
2,-0.0034342910341800315
-2,0.3180645557184311
-1,0.00578215129385085
-2,0.030363724444119562
1,1.0
1,1.0
-2,-0.02603921756961445
-2,-0.02069132932057843
1,0.003908919493088753
1,0.050157019873772614
2,0.01006918563640693
-1,-0.05088144784848888
1,1.0
1,-0.027022121392803643
1,1.0
1,1.0
0,-0.013607049515743985
0,0.49751896579155447
0,0.07330590275148277
-2,-0.004443551729866207
2,-0.0504661695636632
-2,-0.016999234459157728
-2,0.03591756474649714
0,1.9369638933365403
-2,0.029256691906444813
-1,0.01143636977652258
-2,-0.014273781493489355
4,1.9882849401672669
-1,-0.014273781493489355
0,0.01794274179839876
1,1.9817620037991603
1,1.0
0,2.0212149774984445
2,0.015584282994411246
0,0.05991273220487727
1,0.5020383183630096
1,-0.0044351438888664205
2,0.0054900391863058565
-1,-0.00917556748970762
1,1.0
0,-0.008200123832238598
4,1.9843799352857556
0,-0.03271438283995666
-2,-0.0044351438888664205
1,0.5344206669124135
0,0.46788866601687473
0,-0.1599265280125284
-1,0.01634501211664677
2,-0.012331648137934524
-1,0.010446924910644218
-2,0.022651000800327347
1,0.5899407923710835
0,-0.020760692637579584
-2,0.018670790408401264
0,2.02703922981792
2,-0.037842896639427574
-1,-0.03169847261865202
2,-0.01215767255619457
1,1.9672818308343076
3,1.931477810511687
0,0.019425460167038763
0,0.4585540157609634
-2,0.05315198456725844
0,-0.014273781493489355
1,1.0
1,0.024197988261430138
1,-0.04711348545910319
2,-0.010357376332145835
-2,-0.0229362632093713
1,0.06284908950251858
2,0.013731135093049605
1,1.0
-1,0.00615376322485859
1,2.096312035808965
-1,0.008492301110285058
-2,-0.02742331269436147
-2,-0.009468072215395487
1,1.0
2,0.010558941822583389
-1,0.01143636977652258
0,-0.001177893720921398
1,0.006945911208224175
3,2.2669771105445102
-2,-0.002932854404483259
-1,-0.019453586440528435
1,-0.06812476878716253
0,0.43334890774159035
-2,0.0051773052279793785
0,0.004352201449063525
1,1.0
2,-0.00843450012400468
0,0.004878486362238688
2,0.00898265504394392
2,0.2849743685544173
3,2.0051643034367617
2,0.02490072078001699
-2,-0.008811518440057835
0,0.4641330281832408
0,2.048240269359298
1,1.0
2,1.8006843402354555
0,-0.0093064789331992
-2,0.006743467946321837
1,-0.008434054701512117
1,1.0
-2,-0.012973907527385795
-1,0.06885001247877981
-2,0.02278939368187424
2,1.990861782288877
-2,-0.1377575967111069
4,2.1082932550481104
2,2.0280858278811644
0,0.4476172187513762
0,0.546338531271479
0,0.017487298920905246
0,-0.009157135311673168
2,-0.0054295465253504345
1,0.045569314291181565
1,2.006752517461986
1,1.0
-1,0.004769540947050589
1,1.0
1,1.0
-1,-0.020143677349265393
1,1.0
1,0.011782580916051806
2,2.0579748775274194
-1,0.04873741822630937
0,-0.003598666218873224
0,0.4621974833559996
2,2.0805904347424407
1,-0.032222499168646966
0,-0.025773072694211266
2,0.027868246295580917
2,-0.014323201222481714
-1,0.03874488758909492
1,-0.07846595957157064
1,1.9815478187358833
1,1.0
1,1.0
1,1.0
0,2.024514245542279
2,0.0026814013382425463
1,1.0
-2,0.01142772035984103
1,1.9922741002444253
2,-0.025948353072132918
2,-0.051683732691645036
2,-0.008588778579324855
2,-0.014638767704459398
-2,0.04800023798330339
-2,-0.0023143492477900396
-2,-0.1377575967111069
0,0.017678814967973012
1,1.9252723127827778
1,1.9571861459312414
1,2.018055867997775
0,0.4762463071198129
4,2.2725407430044733
-2,-0.0048409073335294525
1,1.0
2,-0.010708048144535395
3,2.022483353196488
0,0.01593148495081756
-2,0.018280417805054013
1,0.4963713822930656
2,1.9170850433622857
1,1.0
1,1.0
0,-0.03696182487434768
-1,0.0038590535055777957
1,1.0
1,0.5044446894040607
-1,0.0054900391863058565
-2,-0.044427798743184595
1,-0.03443370034476011
0,-0.03271438283995666
1,-0.011513994076220004
-1,-0.025290805947110858
1,1.0
2,1.9294062877037899
0,-0.007798768800414673
0,-0.04614981034222525
1,1.0
1,1.0
1,0.02880165329441786
1,1.0
0,2.209793122162792
1,0.46248265453027365
3,2.1870741765930317
1,0.03235907374292319
-1,0.026892895085225667
1,1.0
1,0.39478159512678396
2,-0.025773072694211266
2,-0.009463171126247089
-2,-0.1259392625276825
2,-0.039184340159931136
1,1.0
1,-0.020668485886227255
-2,-0.010138588395433747
1,-0.07387229493280016
-2,0.001970542619036666
-2,0.019687591330249384
0,-0.16339929558381383
4,1.99980410585609
1,1.0
-1,-0.040668637782253846
1,-0.06263612402097579
1,2.0242060567450815
-1,0.012279666887843757
-1,-0.02964459861145083
1,-0.012150962360843448
0,0.49202274527700873
0,-0.08943500144594826
2,-0.01628771457392521
3,2.0256221062384174
1,-0.009314781101609118
0,-0.023929478735040807
-2,-0.04849608595663582
1,1.9021353687928237
0,0.018388974329656537
1,-0.01386313519086686
1,1.0
0,0.014039559748470067
0,0.018637000499826827
1,0.48786633923775613
1,1.0
0,-0.0024490344543913805
1,0.0041884579096739824
2,0.018877560567192146
-2,-0.007996948655422746
-2,0.06862396420899072
2,0.05417939421437131
-2,0.020231484552710996
0,-0.013141857371260559
4,2.022380824629169
1,1.0
-1,-0.07349942673784096
2,1.9593672731909875
3,2.028286848804181
-2,-0.01480706905106261
3,2.084912698207481
1,1.0
0,-0.0048409073335294525
-1,-0.03498913819349523
1,0.011782580916051806
0,0.4697238037378411
0,-0.02667930971808195
4,2.0052041509659775
2,0.04520055270460735
4,2.041614230063742
0,-0.024618838605772554
1,2.0684859940142895
2,-0.030685145854207403
0,0.019443697732377287
1,-0.05475519037385813
1,-0.12189724360682544
0,-0.008371542450236224
1,1.0
-1,-0.04150802409047328
1,1.0
-1,-0.03667358242237266
-2,-0.01636032379420288
-2,-0.0795302824930653
-2,0.0983133858922868
1,0.004497117933398857
2,-0.01209250063768005
2,0.07383077554282019
1,2.0354347695643393
2,-0.002426760533904831
2,0.021931957459513395
0,-0.009750848737782602
1,1.0
3,2.01432555906744
0,0.002236094674775907
2,0.023121557371726408
1,-0.02503411379143289
-2,0.0309504701579277
-1,0.04551437771577944
2,1.8309519378282297
-1,-0.060145329537846896
-2,0.013341703966789076
1,1.0
-1,-0.26727992979785326
-2,-0.008498930612090767
1,1.0
2,-0.008588778579324855
1,1.0
-2,0.024729957338792876
0,1.997480155191182
1,1.0
0,1.949533043916452
2,0.00615064500801781
2,-0.005726736043727512
0,-0.05480021811096471
-2,-0.005377089533122863
2,-0.03377165979076525
-2,-0.035852835506456265
-2,0.04741303334090819
1,-0.017676481194892665
-2,0.04017656057471222
0,2.1344750699929675
1,1.0
1,1.0
4,2.017266192382183
-2,0.07685910688321625
2,2.0915530931688604
2,-0.029797247016661182
-2,0.0140371573951618
1,1.0
1,0.03368816434178682
0,-0.038020092672099645
1,-0.026413637866106402
1,1.0
-2,0.00898265504394392
-2,-0.05088144784848888
2,-0.034551364034456876
4,1.9246705076751214
1,1.0
3,1.903175321843556
1,1.0
-2,-0.07778068186737463
1,1.0
1,2.017293628568641
-2,-0.009314781101609118
1,-0.03279929966558866
1,1.0
1,1.0
1,1.0
1,1.0
0,0.4025864943577031
0,0.4666351804501751
2,-0.04150802409047328
0,0.0005744663092603997
1,1.0
-1,-0.0060680003018978275
3,1.967679963762276
-2,-0.0276617496156616
-1,0.013574990626149402
1,1.0
1,1.0
2,-0.014987118972226352
0,1.9620187676557919
1,-0.015694573090196885
1,0.008229137200023755
0,2.0419800515104756
1,-0.006494575289905225
0,0.4954603037144728
1,1.0
3,1.9243535142480914
1,0.036752062629592415
-2,-0.009949778550002451
4,1.9286390946371512
0,-0.0330980914540423
2,-0.020760692637579584
-2,0.009277457964428984
1,1.9746187231579173
1,-0.005650020144078377
2,-0.034551364034456876
1,-0.009249747930525165
3,2.0321095338484776
-2,0.010064833017550399
0,2.1874888022386174
2,1.8537509083135288
2,-0.025443929342881182
1,0.4621974833559996
1,0.006834588707431948
1,-0.009949778550002451
2,0.014899229464044116
1,2.033872697632641
1,1.0
1,0.019942351561681514
2,1.9878977702969527
-1,0.0125753179719218
2,2.0513029476483893
1,1.0
0,-0.06244676107954048
1,0.030363724444119562
2,2.5740838685790646
2,0.0038208898707391757
-2,-0.009086131652157815
-1,-0.03517537853264872
2,0.005893520944316608
1,1.0
1,1.0
2,0.016428706650639405
3,2.0096333939112587
3,2.0085337344158622
1,-0.020596380183466517
1,-0.016410157117746408
1,1.0
1,1.0
1,1.0
-2,-0.022189823277386597
-2,0.013536921755086823
-2,0.02899968168789782
0,0.022478776840516496
0,0.018891039614380937
2,-0.00956263016956069
-1,0.004983759047864351
1,-0.0076313907759917934
2,-0.029584100907689804
-1,-0.007145758790657646
4,1.7902502125614708
-2,0.0012501148881276006
1,0.4518153652955047
2,0.011213756960725397
1,1.0
0,-0.022640874296938632
0,-0.11264053448104595
0,-0.046377318961593535
-1,-0.034915416744391366
1,0.05991273220487727
-2,0.0043858328222811495
2,1.9975471208343694
-1,0.05014750035886583
0,0.01357474656922609
-1,-0.013533955464250553
1,-0.006641396467836263
4,1.8814370041177555
1,1.0
1,-0.17341513417116744
-2,0.00537469142049263
-1,0.0038650814732446638
1,0.018670790408401264
-1,-0.046238769634357135
1,1.890630971148393
2,-0.11591648563561739
2,2.5088489547683523
-2,0.0038590535055777957
0,-0.009290206242995463
0,0.49335363463166365
-2,-0.07959806229778382
2,-0.13943481226870627
0,-0.013632022634189295
1,-0.04294728484802267
2,-0.013995353253678225
1,0.007814905249928483
0,-0.014785175508288199
0,-0.032222499168646966
1,-0.024707342665631155
-2,-0.03705057983821099
1,-0.03255049386389296
1,1.0
1,1.0
0,0.02711396946219675
1,1.9061606840919145
-2,0.009195327946554626
1,0.43389937434309767
0,-0.014273781493489355
0,0.027243693974194353
2,-0.04926177913983467
1,0.029910664967745953
-1,-0.02532827635094764
2,0.013404032633355935
2,2.177118123426064
-2,0.006599762882626806
0,0.06885001247877981
-1,-0.006915136388924143
-2,-0.012589668492844763
3,1.9318245711770075
-2,-0.008486091461778974
1,-0.0330980914540423
-1,0.0656013517647808
-2,-0.01182798362829339
0,-0.009270021831738095
-1,-0.03604121954065717
2,2.040781107724153
0,0.5027855956050258
1,1.0
-1,-0.0060680003018978275
4,2.025428474013746
-1,0.006900341378776913
3,1.8307176350043821
-2,0.0289274735405856
1,-0.06480812864217783
3,2.1816435363643474
2,0.022211820696716515
2,0.030363724444119562
1,0.05991273220487727
2,1.9841227251834568
3,1.8828593759677792
1,1.0
0,0.4342645060490849
-1,-0.02237730549339729
2,-0.0044351438888664205
0,-0.01215891330828427
0,2.343093263893301
1,0.010830482686007607
0,2.0085361105018644
-1,-0.02836172011787478
1,1.0
0,0.07392529674232093
0,-0.30874523717373636
4,1.9913324319986063
3,2.0087477202393225
0,-0.010845009412345034
2,-0.0003975150503667889
2,2.0246255948093603
2,-0.03179262729632508
1,1.0
-1,0.014049615765069143
0,1.9675896452356563
3,2.0431394011794564
0,0.46627889111461
1,1.9912052409433327
1,1.0
-2,0.009327013621887793
3,1.999841407830034
-1,-0.00232817072627847
1,0.44426487843839496
2,-0.008791975143306601
1,-0.03604121954065717
-1,-0.013116851481995834
1,1.0
1,0.013536921755086823
2,0.004878486362238688
2,1.981945595966125
-1,-0.018417907271572644
0,0.0041884579096739824
-1,-0.01984067492278035
-2,0.038814297078945306
-2,0.17594907444688787
-2,-0.02650903340861602
1,1.0
4,1.9662348616577086
1,-0.02793821198155028
-2,-0.02597980716589598
4,1.9765710799312877
0,0.05904913976941052
1,0.5728058189210588
-2,0.02933852806957682
2,-0.04294728484802267
1,1.0
0,-0.041659747641872975
3,2.0123080675555496
1,1.0
0,1.9684050487865687
1,1.0
4,1.9331747628095892
4,1.9354761301485208
2,-0.01162170389124115
2,0.01006918563640693
1,-0.006494575289905225
0,-0.04211975131503151
1,1.0
-2,-0.019456297731605444
0,2.166193280233175
2,-0.046824543922756076
1,1.0
2,-0.21077922352902204
0,0.4996832401642413
2,-0.007145758790657646
1,2.1245961883546096
1,-0.039184340159931136
0,0.008273920101006953
0,0.026878905995673018
0,0.5245142935985134
2,-0.020760692637579584
0,-0.012676431717839743
-1,0.03612011831053537
-1,0.018388974329656537
0,-0.07753024955951597
2,1.8858984571352158
0,0.45547357876759526
-1,0.017863255720686602
0,0.5003072179958583
2,0.10613687378385579
4,2.2146588116247035
0,1.7593740391332862
-2,0.007814905249928483
1,1.0
0,1.8908651927783304
1,1.0
2,-0.028968451738495
2,1.9629554300874597
1,-0.057560491726505535
3,1.9959315022037487
-1,0.06030653914186048
1,-0.016999234459157728
-2,0.01849311941028551
-2,0.027243693974194353
1,1.9006322527697663
3,2.0229781194136818
0,-0.03512373487976229
2,-0.19346264539009975
0,-0.04083784681120042
-1,0.018206459509790003
2,0.09297307656805559
1,1.0
-2,0.005284751940043231
-2,-0.010226667448910041
0,-0.10056386563017165
0,0.019208137373792046
1,0.4244500630977284
-2,-0.005805135378324986
-1,-0.03462910044789134
0,0.0016065398108482062
2,-0.0022994496363612
-1,0.030363724444119562
4,1.9493664427018433
-2,-0.022676996938964314
-2,0.012286934700204968
-2,-0.008439474456378883
1,1.0
4,2.364400568817155
1,-0.032263842992253905
-2,0.043100154840221803
2,-0.022716430774678272
-2,-0.031078057153382785
2,-0.030290688633145303
0,-0.11463688600024796
3,1.9433287120135752
-2,0.02403329968789764
2,0.13849210847995339
1,0.005528708287353504
0,0.43870039228786567
1,-0.05113097172685181
1,1.0
-1,-0.04273404204472252
3,1.9735978716831695
-2,-0.046377318961593535
2,-0.04590808399332611
0,-0.0417848260414908
1,0.5341349264998685
1,0.18300658013661278
0,0.029036578406394953
1,-0.02494392805072774
2,0.021319018287605816
1,1.0
-1,0.003114165129824923
1,0.0021467554969258743
0,2.0752524080625268
0,-0.07959806229778382
0,-0.03708649409341535
2,0.1001432802390101
3,2.0693084300118096
1,1.8995193560311736
1,1.7127989900725005
0,0.04701359365288163
0,0.0038590535055777957
0,1.8690199472487203
-1,0.019942351561681514
2,2.0555591045790487
-2,0.007814905249928483
2,-0.004443551729866207
-1,0.016716806875960392
0,0.017678814967973012
-1,0.0357642605601322
1,1.9208407394513611
0,0.4432385998727372
1,0.031021990098486024
1,1.0
1,0.10262472776884149
-2,0.0041884579096739824
-2,0.010559820705179641
2,1.9437861559365226
1,2.015338816559295
0,0.032750104908970394
2,-0.11458175366356754
-1,0.019602856366875133
1,1.0
1,1.0
-1,0.038359918150396605
1,0.0197930903024441
1,-6.673304114073665e-05
-2,-0.003651020686343291
0,0.013404032633355935
0,-0.014702705833410686
1,1.9274255169922614
1,-0.02592911217314918
3,1.9675140352326579
1,0.008386844852448276
0,0.45653937610053164
3,2.1322251185187744
-2,-0.019731326234043067
2,1.9831573227141723
-1,0.11206286161346465
0,0.44583818578137313
-2,0.0023680484270587527
-2,0.007443314864897191
-1,-0.032222499168646966
0,0.45194499826408113
2,1.950475439906712
1,-0.017842540355084167
1,1.0
-2,0.0140371573951618
1,1.0
1,0.46374863186772236
4,2.114417958689463
0,0.09406874703875433
1,1.0
-2,0.021163857096536124
-1,-0.013312008107402771
1,0.03559122958792938
-1,-0.014339082822981184
-1,-0.0034342910341800315
2,0.007536450642273762
0,-0.03179262729632508
-2,0.005893520944316608
0,0.45578248630172813
1,-0.05231976028427269
-2,-0.011350961699355148
2,-0.03267821416177384
-2,-0.0248459028008144
4,1.7797035297273467
0,0.006900341378776913
0,-0.05197794036747402
1,1.0
1,-0.05473421732864759
-1,-0.08584001304436133
1,-0.05113097172685181
2,0.016152314974619168
1,2.0073318853578535
1,1.0
-2,0.08616019999865579
1,-0.017676481194892665
0,0.4715727906889617
1,0.004878486362238688
1,1.0
1,-0.01386313519086686
0,-0.034551364034456876
-2,-0.024632577303535155
1,-0.040668637782253846
1,0.03216375229968028
0,-0.04849608595663582
1,1.0
1,2.0123080675555496
2,-0.038170523971911986
0,-0.03400732098478049
1,0.005284751940043231
2,-0.003267509122781168
1,1.0
2,0.012889739359714283
1,-0.0046331549773185885
-2,0.06537058676842626
0,0.012400849674789874
1,1.0
0,-0.0010654184864750727
-2,-0.009583143644878212
0,0.017487298920905246
0,0.48934193093185707
1,1.9845730140531554
0,1.9180372463628566
1,2.07624998847297
1,-0.03279929966558866
3,1.946897063796058
-1,-0.008616902864181451
1,0.5431349484160924
1,1.0
-1,0.06571226966625199
0,-0.012498504702226257
1,-0.02532827635094764
2,0.02598206375358972
0,-0.0036545801440507554
1,0.03327888574632073
0,-0.046824543922756076
-1,-0.009414635857412139
1,1.9846135101484652
1,0.03874488758909492
1,1.0
2,-0.0038621347654635304
4,1.9386426223971196
-2,-0.023849543984886163
-1,0.04518030128290018
4,1.9386426223971196
4,1.9680344824793807
2,0.012262131403270829
-1,-0.0034374221959277934
1,0.023742328041955245
-1,0.013404032633355935
3,2.0943765100138476
4,1.9591230481085038
1,-0.008200123832238598
1,1.0
-1,-0.004130949147704877
-2,-0.0093064789331992
3,2.0295524939554155
1,0.6106027789003728
4,2.029900935741514
-1,0.024317205420039317
1,1.0
0,0.02711396946219675
1,1.0
-1,0.006942358113663318
0,0.505261297877824
-2,0.002548931168069406
2,1.9158535986415544
2,-0.07823948113205138
-1,-0.027606815892178664
-2,0.009327013621887793
0,2.033872697632641
-2,-0.017803199499949334
2,2.361835391679101
1,1.0
4,1.926710162991416
-2,-0.08756198036548084
1,-0.007750014577354945
-2,0.021931957459513395
0,-0.015459640426566446
1,1.0
1,1.0
3,2.0085210691808637
-1,0.00578215129385085
1,0.010830482686007607
1,1.0
-2,-0.034551364034456876
-1,-0.02932985584790643
0,2.02418682495925
1,1.0
1,1.0
-2,0.06862396420899072
1,-0.1259392625276825
0,-0.025597501479519166
0,-0.0072528990268326465
1,1.0
1,1.0
1,1.8699191371174169
-1,-0.01880065406240629
0,-0.02372104513175065
1,1.9284912727384522
1,-0.003598193120311729
-2,0.021406627324746793
-1,0.014148373414574422
2,0.0041884579096739824
-2,0.08902829534456796
1,-0.03431429215861749
0,0.006285666565641982
-2,0.03200281938220964
0,1.9896466042160244
1,1.0
-1,0.02143528698711848
4,1.8341804126689334
0,0.059481568844382195
0,-0.012171412217025019
1,-0.01967004316841911
1,1.0
0,-0.04711348545910319
1,1.0
1,1.0
0,-0.03160502376570316
1,1.0
4,1.9366042056076211
1,1.0
1,1.0
0,2.029079521029634
1,1.0
1,0.5536627484022059
1,-0.017410903505248244
2,-0.05051552308604948
-1,-0.01494826229188232
1,-0.009922966825953717
0,-0.010250719145417668
1,0.2810471704945511
1,1.0
2,1.7919562622111733
0,0.030120910839145254
-1,-0.016410157117746408
0,0.019830464985151067
0,0.015361877147687329
2,1.9622663712949124
4,1.6766362389976492
2,2.0212843569372363
2,-0.008726207546362072
3,1.9507443993851614
1,-0.01386313519086686
2,2.0408731746564395
2,-0.024161521999413287
2,-0.1287473778425773
1,-0.0667057799112841
-2,-0.00041370948259053124
4,1.9851253704371148
3,1.8953322172628455
1,1.0
1,1.0
1,1.0
0,0.36490459876195225
4,2.0761090868767855
0,0.4302461329853637
2,0.02403329968789764
-2,0.0014802650279894993
2,0.045057856521180197
1,0.10310368832410374
-1,-0.01928573518336526
-1,0.0012805366101456548
-1,0.14624635297417243
2,0.02877012279836749
4,1.9627417175771833
-2,-0.017458780829497873
1,1.0
4,1.8801433469017865
1,-0.0093064789331992
0,0.44518331801573824
1,-0.03358961121563826
-2,-0.019880433301992226
2,-0.051178929662667426
0,0.005284751940043231
2,0.0525384734214144
-2,0.08767268376326824
4,1.9884842177084172
1,0.03368816434178682
1,1.0
1,-0.009314781101609118
0,0.4565745796383609
0,0.18614759601994435
0,-0.32291656434525096
-2,-0.0696897168587394
3,1.9742787825369987
1,1.0
1,1.9393367472617549
-2,-0.05113097172685181
0,-0.005428974399172286
-1,0.02403329968789764
-2,-0.006514032572443815
1,1.965268671036078
0,1.9501849708633399
1,-0.03279929966558866
2,-0.008840771803313878
2,2.0212149774984445
-2,0.005873390251638665
0,0.49785571660525885
0,-0.02302836822926296
1,1.0
3,1.9817443010380558
-2,-0.10056386563017165
1,1.0
1,1.937185253936703
-1,-0.006086796009955896
-1,-0.0229362632093713
2,1.9267814807822001
2,0.01357474656922609
0,0.23297787553865162
1,1.0
-1,0.07964655461562796
1,0.026833983418131164
1,1.0
1,-0.0960037811405619
1,2.0137596398391016
0,0.04014409610905696
0,2.1605739685840906
1,1.0
0,2.0015102441465267
2,1.9622663712949124
0,-0.057560491726505535
1,1.0
0,0.007126171616321151
2,0.007126171616321151
1,1.0
0,0.006662838533051893
1,-0.029584100907689804
1,1.0
2,0.06036393165682395
-1,-0.027857923198279594
1,0.018459766097333328
1,1.0
1,1.0
2,0.046083707891268894
1,-0.19255106575187333
1,1.0
1,1.0
1,1.0
4,2.0084373856184667
1,-0.03265530666882306
1,0.03717988330224339
3,1.9680833663112847
-2,-0.22311251857340622
4,1.99615517731627
1,-0.01780912836902398
1,1.0
0,0.03361022218141688
2,0.023384115196023875
0,0.4851923963399484
1,-0.02095915169591603
-2,-0.04020931417369865
1,1.9834509778147618
1,-0.0006286160657992437
-1,-0.009556012314237477
4,1.915474645189686
0,2.0006748818854496
2,0.003898442735124019
4,2.0739828560132216
-2,-0.04421904771019098
1,2.0078449718217506
2,0.013103791544030581
1,1.0
4,1.8952777438093509
2,-0.014273781493489355
-2,-0.04168857608065878
-2,0.05991273220487727
0,-0.04480102605099173
-2,0.009128359038156026
1,0.05811887860354098
-1,-0.11458175366356754
-2,-0.007751243642956695
1,0.477301575027267
1,0.022651000800327347
-2,-0.01209250063768005
2,1.893246851299356
0,2.0149728377913014
0,-0.02179463609092065
0,1.9665083411187931
0,2.0167476523096184
2,0.05275604616820737
-2,-0.050421879975609325
-1,0.053094714426377324
3,1.9361254838846833
-2,-0.010250719145417668
1,1.0
1,1.0
-2,-0.0014780255362001086
1,0.009153888736802597
-1,0.007539611946045276
-2,-0.02480167824669537
-2,-0.0843783862913632
0,-0.0276617496156616
1,1.0
1,1.0
-2,0.007465923206109364
-1,0.0021983606059816363
-2,0.056557844682926135
1,1.0
-2,-0.0006286160657992437
-2,-0.015534244391479742
0,0.059481568844382195
0,0.04971102365551871
1,0.012877630921685139
0,-0.006401638939690879
-2,-0.004116747336845806
1,1.0
1,0.013103791544030581
-2,-0.008366559747196502
0,0.026878905995673018
-2,-0.026053619542945144
-2,-0.010708048144535395
3,1.934010430642179
1,1.0
4,1.9749517126739462
4,2.0123673511866293
1,1.0
1,1.9247437860544547
0,0.4107207212489229
2,0.011956334273681818
-2,0.026661900845452682
2,0.034647292401288714
1,1.0
1,0.002122627677777264
-1,0.006585361059830718
2,2.217190532280703
1,1.0
-2,-0.03480284479372131
0,1.9147791244718328
-2,0.006639152783882031
-2,0.019443697732377287
3,2.153762534264833
3,2.4131763104658295
1,1.0
0,-0.025597501479519166
1,1.0
1,1.0
1,0.5035060726494855
1,-0.032222499168646966
2,0.038016715643995974
-2,-0.0029832032557617384
1,-0.08756198036548084
4,1.97280424172638
-2,-0.01760302189499507
4,2.139794070436246
0,0.031488951166038934
1,-0.002337620078631823
2,1.854721469032174
1,-0.033308457132958054
0,-0.03431429215861749
3,2.0246255948093603
1,-0.13943481226870627
-1,-0.030527068148258004
-1,0.010565021686989464
0,-0.030814910764237063
-2,-0.08221245222365209
1,0.4751105946325088
-2,0.03452673918695912
1,1.0
1,1.0
2,2.179839744879133
0,2.014046109934857
-2,0.01406204601965466
0,0.0017790805173349834
2,1.853713308354174
2,-0.02777497321573855
1,-0.02650903340861602
1,1.0
1,2.041614230063742
-2,-0.07753024955951597
2,0.018206459509790003
2,0.03365248881468666
0,0.43334890774159035
0,0.5022190291077931
-1,-0.007658900958998582
3,1.9188201283971873
2,2.0184721324211186
0,0.014138793269743894
0,-0.017435781950582582
-2,0.04873741822630937
0,0.014955843362153318
2,-0.11006086988596016
0,0.004497117933398857
0,0.004878486362238688
-2,-0.036262378711118474
-1,0.06078909575009241
3,1.9640258206119026
-2,0.05517975869015746
-2,-0.019837613563863123
0,1.914519079003413
2,-0.014785175508288199
-2,-0.024613162877516977
-2,-0.013198678346857014
-1,0.01148450808673597
1,1.9685656992474043
-1,-0.007751243642956695
1,1.0
2,0.01142772035984103
4,2.035205893935634
0,0.4266293430340371
0,0.0004085560361317139
1,-0.006861660375082237
2,0.008229137200023755
0,2.011850422174375
3,2.0087477202393225
2,-0.026053619542945144
1,1.0
1,-0.0034374221959277934
-1,-0.017001413933008476
4,1.9826574433994304
-2,0.028553112084152402
1,1.0
-2,0.004909887047037396
1,1.0
1,1.0
-2,-0.0095280499596867
1,0.49809071052403797
-1,-0.017763739182420402
1,1.0
1,1.0
-1,0.018388974329656537
3,1.9479716240377871
-1,0.0014802650279894993
1,1.9416743697132515
2,0.026252616570297614
-2,-0.001663632529375368
-1,0.017487298920905246
-2,-0.07155084629903813
0,1.9746898646406164
4,2.004070513472473
-2,0.0213381524124326
3,2.0090114060005746
-2,-0.0547371408811817
1,-0.0048409073335294525
1,0.015275308462497871
-1,0.011489840128894589
2,0.0030418875590908197
-2,0.0362570485912622
1,1.0
2,0.01649986662048054
-1,0.0054900391863058565
2,0.03559122958792938
4,2.0532192169056698
2,0.017378147541231372
1,1.0
-2,-0.011827905096388605
3,1.7350926312092716
-2,-0.05088144784848888
0,-0.058206686094619445
0,-0.008984997297220732
-2,0.006921226879439489
1,1.0
-2,-0.022935603163038273
2,0.019208137373792046
0,0.018834208114401813
2,1.9278155003510984
4,1.8269431433025038
-1,-0.020114704885466482
2,1.9780442373290008
1,1.0
1,1.0
1,0.44926195066876234
-1,-0.034868704401211835
1,1.0
1,0.4761838517151082
-1,0.10982029266826906
-2,0.006921226879439489
2,2.0395808531978816
1,1.0
2,-0.06322900559317077
3,1.8864309996654702
-2,-0.005210420777828687
1,0.013574990626149402
2,-0.0664446529239192
2,-0.02947161483228803
0,0.0008272756872416498
2,1.9583878999143454
-2,-0.02650903340861602
1,1.0
1,1.0
-2,-0.014273781493489355
0,-0.01642610672721694
-1,0.011673083235036344
0,1.8369236637329431
1,1.0
1,2.0371830970191853
-1,-0.0024291109977293067
2,-0.005441554695765777
-2,0.0873181424183933
4,1.9333447375750754
1,1.0
-2,-0.07753024955951597
0,-0.03699704517771382
0,-0.019837613563863123
-1,-0.008616902864181451
2,-0.014997679660532387
2,-0.035603315430542876
-1,-0.017527247261183772
2,0.0005451499106077683
-1,0.019942351561681514
4,2.271723955426711
-2,-0.010250719145417668
1,-0.008439474456378883
4,1.9433657421040453
2,1.8951585718551325
2,1.9815478187358833
0,2.3015540118245226
-1,0.008759914965508426
2,-0.02667930971808195
-1,-0.040418077101203806
0,0.00010466437261963807
0,0.00615376322485859
1,1.0
2,0.016372057975176543
-1,0.007817315300137061
0,1.9399579464797685
3,2.1223895999183644
-2,0.008165344044651503
1,0.017269676230800824
1,1.9249533728463684
3,1.8301864262781908
4,1.9540161804138458
1,1.0
2,-0.0036274000967628293
0,0.470119777318283
1,0.4783949476712732
4,1.9970162143022676
1,1.0
1,0.051031098124403915
1,1.0
3,1.9161162170928556
0,0.4047097628527612
-1,0.018637000499826827
1,1.986664250302022
0,0.03579663709209711
1,1.0
1,1.0
3,1.9433287120135752
1,0.5096444827922714
1,0.01583555884467281
-2,-0.005806610628349878
0,1.9403793216646343
0,1.7424360012047881
1,-0.012136941411849598
4,2.0006748818854496
1,0.01394986178178318
2,-0.0260630393064673
1,0.013951243398534851
2,-0.012950579780722594
1,0.0021467554969258743
-1,0.010972251409794982
-2,0.09057342441332153
1,-0.01952170929724642
-1,-0.05617650808484824
-2,0.3754188924734229
2,-0.03468468688595327
2,0.11130853675600642
2,-0.015901481485326528
3,2.1642444502742273
1,0.4878641181542702
-2,0.03452673918695912
0,0.49817948496404973
0,-0.044939735935944955
-2,0.017141660018733455
1,1.993699353763053
-1,-0.03377165979076525
-1,-0.01984067492278035
-1,-0.04139901762708357
0,0.009166988513338388
1,1.0
2,-0.006494575289905225
1,0.43937288616822945
1,1.0
-2,-0.0034342910341800315
1,-0.051452010323148764
-2,-0.05288973896971192
2,0.009576160118842122
-1,-0.0423158416838949
-1,0.010400413732017423
1,1.0
1,0.39278050602561376
2,2.003556937852863
1,1.0
1,0.4432385998727372
1,0.505844060936823
1,2.0058755937907313
1,1.0
2,0.006942358113663318
1,1.0
-2,-0.033716276308080446
1,1.0
-2,0.013015356919735327
0,2.0621377074248817
0,-0.013685083584832456
2,0.0030418875590908197
4,2.1671098721070363
-2,0.0289274735405856
-1,-0.008498930612090767
0,0.05904913976941052
1,1.0
2,-0.009463171126247089
4,1.9928899333035794
1,-0.05247729521108794
2,0.04472255209291537
0,-0.025948353072132918
1,0.4067364795723842
4,2.0160663968798542
-1,-0.005858490844282246
2,0.030363724444119562
-1,-0.033160551821384866
1,1.0
-2,0.09772320109230392
2,-0.008817294698434175
0,0.49305449098776144
-2,-0.037793233992566566
1,0.01006918563640693
1,1.0
2,-0.001177893720921398
2,2.147285360508501
-1,-0.0014443543488946117
0,0.00579921828793301
-1,-0.05197794036747402
4,2.0767860517106174
1,0.008492301110285058
0,0.007126171616321151
1,1.0
-1,-0.033160551821384866
1,0.061154969511958764
0,-0.012094663642206413
2,0.011956334273681818
1,2.1284425226472097
-1,0.06196762511233006
2,2.0812127875625435
4,1.9662348616577086
1,0.03327888574632073
0,0.47561275834532807
1,1.9758610566740649
0,0.4372495835832933
0,1.9631128318694584
-2,0.18614759601994435
1,0.029770414981082297
0,2.00529656205974
1,-0.053565515571093174
4,1.985965354925697
1,-0.03271438283995666
4,2.0168835254365556
1,-0.008948190297060064
1,-0.006086796009955896
0,-0.0038024753876902706
1,-0.03443370034476011
1,1.0
-2,-0.046377318961593535
0,2.0376898569602546
-1,-0.11458175366356754
2,0.06078909575009241
-2,-0.009556012314237477
-2,0.01006918563640693
2,1.9520833764801773
1,0.01651964980448285
1,0.00838910182954182
1,0.006639152783882031
0,0.39252408517559884
-1,0.02055726886081581
2,-0.02197085358294654
2,-0.06609627222766233
3,1.9989097462672654
1,0.39679406754516444
1,1.0
0,2.136945580127396
-1,0.0002495242748969627
-1,-0.03600654410229554
-2,0.027868246295580917
0,-0.1259392625276825
0,1.9460666573373382
-1,-0.03179262729632508
1,-0.019807603495429787
0,-0.019456297731605444
1,1.0
2,-0.028895667442589326
1,-0.006086796009955896
0,-0.04117521534498004
0,-0.058477507494241576
-2,-0.033609119287044624
-2,-0.004361649245056334
0,-0.0037539893866641114
1,-0.05288973896971192
1,-0.006086796009955896
0,-0.04211975131503151
0,-0.052649956621026554
1,-0.0003975150503667889
1,1.0
0,-0.03362176130407122
2,-0.022622250035536223
1,0.011956334273681818
3,1.9849481857362767
1,-0.0276617496156616
-1,0.0038590535055777957
1,-0.006310740553089583
4,2.0440011249717154
-2,0.02765284771756462
1,1.0
0,-0.016387015855143027
4,2.0631050874078656
2,-0.029584100907689804
-1,0.12796977551794853
4,1.9606279021164374
2,0.02230278545404403
-2,-0.007958128288298245
1,1.0
1,0.0017790805173349834
2,-0.052255714115644614
2,0.001695634901261788
-2,-0.012171412217025019
1,1.0
0,-0.020712693209141916
2,2.0971060178322847
0,0.4916103438379218
1,1.0
-1,-0.03600654410229554
-2,0.018459766097333328
4,2.0237708707393547
2,0.026014101387261124
1,0.47782044606797475
4,1.8769526849673832
1,-0.04168857608065878
4,1.9205917786552638
0,-0.006086796009955896
4,1.9675896452356563
-2,0.01837098790384313
1,1.0
-1,0.0148682108900312
-1,-0.03480284479372131
1,1.9250087766440092
0,-0.10435468639107509
1,1.0
-1,-0.10056386563017165
1,-0.0060680003018978275
1,1.0
1,-0.0034027593510020824
3,2.0184721324211186
-1,-0.027759504213131236
0,-0.03227981548228474
-2,-0.051452010323148764
4,2.0403376129307635
-2,-0.04168857608065878
1,1.0
0,-0.034915416744391366
2,-0.013457395187899174
-2,0.0671934455220876
1,-0.06300953788653765
1,-0.026413637866106402
-1,0.013062582720189887
0,-0.020774832956145472
2,0.02421833934298314
1,-0.0268956162828102
1,1.0
4,1.9199806331657225
0,2.1256441928073158
0,0.004089280545480498
1,-0.014267087064059467
1,1.0
2,-0.11010817002686019
-2,-0.03232952402510007
2,2.0582015831102574
-1,-0.02632906894398287
2,-0.020557794007137975
0,0.02510439509397249
0,0.47906251631203
1,1.9934345200508015
-2,0.018834208114401813
2,-0.09364198379215402
1,1.0
-1,0.005875710511017991
1,1.0
2,-0.005438752356636359
4,2.0243977684091274
2,-0.04139901762708357
-2,-0.06050901361523302
4,2.0631050874078656
1,1.0
-1,-0.04713531584826052
1,2.0260051226069935
0,0.06795435924273986
1,0.017151237254652153
-2,-0.022716430774678272
2,-0.0216036062438887
2,-0.0690880798521516
-1,-0.02330192802045474
1,1.9568953172623638
0,-0.016128430008649296
1,2.3874804208509373
3,2.0328301735961407
-2,-0.12307120851550037
-2,0.0311026515931615
1,0.028005755642880076
1,0.4536993185661442
1,0.018280417805054013
1,1.0
1,1.8133956620631881
-2,-0.01984067492278035
-2,0.0014000768412919164
1,0.007898019486597558
3,1.8835466093941327
1,2.095523403680245
1,1.0
1,0.4831921785852646
-2,0.037539236961444004
0,-0.02523429029257045
1,0.43482785416778597
1,-0.04069065387149309
1,1.8813954925300111
0,0.4872898785054655
3,2.0295524939554155
2,0.018942114731443208
1,1.0
4,1.9583878999143454
-1,-0.015459640426566446
0,-0.07178806381056194
2,0.029729323180811947
1,0.019942351561681514
2,-0.0247315767706132
-2,0.041346579630339025
1,-0.03556628899607672
-1,-0.006310740553089583
1,0.017553896302812014
-1,-0.027022121392803643
2,0.0038208898707391757
1,1.9674580588529356
-1,9.62699206121011e-05
2,0.03961527852134272
3,2.024554962602237
2,2.0524194823073274
4,1.9758610566740649
0,1.9851288350276797
0,-0.005776325480372214
0,-0.022716430774678272
-2,-0.02946579439579858
1,1.0
-2,0.012501961402257894
-1,-0.02488839986541915
3,2.0739828560132216
2,-0.04046104453474876
-2,0.0433281446387984
1,-0.0007124005613967758
-1,0.04709912405694622
-1,0.0038872609633530037
2,0.023742328041955245
0,0.009341317681253014
-2,-0.06992814697612941
2,-0.06101344497548155
1,-0.026837153189897246
-2,0.026457058685606372
4,1.8006843402354555
0,-0.0036274000967628293
0,0.44458488806226837
-1,0.043100154840221803
2,-0.050421879975609325
1,1.0
0,0.4388302360129595
1,1.0
0,0.0074076748909422275
-1,0.18614759601994435
-1,-0.01215891330828427
1,0.5460965698409158
-2,-0.008953659133484693
-2,-0.005074300062161603
-1,-0.009841641632335845
1,1.0
0,-0.04845623868757282
1,1.0
3,1.9845730140531554
0,-0.04835376487558127
1,2.0051643034367617
1,1.0
1,-0.012206389024798434
1,1.896722605460515
1,-0.011995275087392947
-1,-0.020557794007137975
1,1.0
-2,-0.0011297560544320582
0,-0.15194219501180775
1,1.0
-1,-0.004130949147704877
1,-0.039184340159931136
1,-0.018370074642743886
2,-0.06101344497548155
1,1.0
2,-0.001177893720921398
1,-0.01118019879972549
1,-0.013509681450486503
-2,-0.008498930612090767
1,0.013404032633355935
1,0.04975451383065061
1,1.952519828576256
-2,-0.052649956621026554
2,0.01635582077424255
-1,0.00579921828793301
2,0.0005451499106077683
1,1.0
-2,-0.026837153189897246
2,-0.008301763981843104
1,-0.024161521999413287
2,0.0022633618796811398
-2,-0.022716430774678272
-1,-0.013607049515743985
-1,-0.006986850974063982
2,0.049907276797947576
2,-0.015587073565220093
1,-0.02494392805072774
2,0.024197988261430138
2,0.0001681652178761499
1,1.0
2,0.0022695324566115384
0,0.4765696598709949
1,-0.0297134733495468
3,1.975798739566716
2,-0.02650903340861602
-2,-0.00053241958867152
1,-0.005377089533122863
0,0.4450252825428634
0,0.020734325335144
1,1.0
1,1.0
1,1.0
-2,-0.01894567391082451
-2,0.0275448693770951
-1,-0.011513994076220004
1,1.0
-1,-0.010920671400798408
0,-0.02126358836461222
1,2.0211963763186436
2,0.032275564778440534
4,2.0052041509659775
2,0.026701752108281164
2,2.187407234472189
2,2.0464098797721264
1,1.806662317476401
2,0.03154636718905163
3,1.9172128856669
-1,0.014748475012093245
-2,-0.06101344497548155
3,2.0422102143307814
3,1.960492533698291
0,1.9444437292805359
4,1.957357197288042
3,2.0225851264233494
2,2.043351667371854
-2,0.1001432802390101
-1,-6.673304114073665e-05
0,-0.13381137041070368
0,0.38498586242887645
-1,0.006510887113619382
-2,-0.03439814143848003
1,0.47540699084145094
3,1.9701571013217776
0,0.008635091762395746
-1,-0.011343640001197858
-2,-0.04150802409047328
0,1.9758610566740649
2,1.961289641136306
1,0.004166369126462233
-2,0.007487267293918226
0,-0.022616031806977653
3,2.131291138872306
-2,0.04799195109079658
1,1.0
1,1.0
1,1.0
0,-0.0067401396149691754
1,0.0253619804290171
-1,0.0026559387450066883
-2,0.027395981817563326
-1,0.05405994003930145
0,-0.013509681450486503
1,-0.025773072694211266
1,0.4093345784731286
1,0.020163114191274714
1,1.0
1,0.48646348035271453
1,-0.4005085722377203
2,0.02880165329441786
-2,0.014148373414574422
2,-0.03480284479372131
-1,0.0019977222038350248
1,-0.05584910796316214
2,-0.011771967447812486
1,-0.001177893720921398
-2,0.030363724444119562
-1,-0.007473786550768988
1,0.014854197750244885
-1,0.0011866729594138643
0,2.0821988007207928
2,0.010213535835617753
0,0.02278939368187424
0,2.0544662763181516
0,0.020163114191274714
-2,0.06885001247877981
-2,0.059481568844382195
1,1.996895298642141
2,1.965268671036078
2,-0.005438752356636359
0,1.9992923877186835
1,1.0
1,-0.004304319500277182
0,1.92682055518171
2,0.1661229928819238
1,1.0
3,1.9621042845371877
-2,-0.03316804963051305
0,-0.07823948113205138
2,-0.0015795289941101314
2,0.018432118107241102
1,1.0
-2,-0.08315330682688636
-1,0.1386375273330067
1,1.0
1,1.0
0,-0.010484157126683704
2,2.007350621941066
1,-0.005133265557190111
2,2.015090299739455
1,-0.01527281749864842
1,-0.02650903340861602
-1,-0.032222499168646966
-1,0.029036578406394953
1,0.04741303334090819
0,-0.006494575289905225
-1,-0.032222499168646966
4,2.047954772505075
-1,-0.029508442771428545
-1,0.032275564778440534
-1,0.03855421662036652
4,2.056041561779855
-1,-0.0010425707000761375
0,0.5281426052328622
-2,-0.05113097172685181
0,-0.008984997297220732
0,1.9471935676797787
1,0.450093902036542
0,0.49814782164916904
1,1.0
1,-0.0060262828885065825
-2,0.017863255720686602
1,1.0
-1,0.006715435875652991
-1,-0.0504661695636632
2,1.9640258206119026
1,0.5165403150212665
2,-0.013869215923292837
1,-0.041790778982443974
2,0.006085192415496793
1,1.0
0,0.006921226879439489
2,-0.006494575289905225
-2,-0.027025179059229368
3,2.027234047434025
0,-0.0015622841505143975
4,2.0898103134490618
1,1.0
1,-0.004839482597204122
2,2.2051792804038985
3,2.0098597090442762
1,1.0
0,0.06862396420899072
1,0.006985889696131751
1,1.0
1,0.03092351948771953
1,1.0
-1,-0.009414635857412139
-2,0.009153888736802597
0,-0.010357376332145835
0,0.46788866601687473
0,2.014046109934857
4,2.1747027586995316
3,1.996895298642141
1,1.0
-2,-0.0023143492477900396
1,1.0
0,0.46812424219122
-2,0.017990797751503477
-2,-0.005377089533122863
0,1.8006843402354555
0,0.00578215129385085
2,2.1063759785891287
-2,0.00762098735267537
4,1.957357197288042
0,-0.0216036062438887
0,0.45761449608214533
3,1.9654425902731325
0,1.9970426640485115
2,0.07206343603936866
-2,-0.09609732162057545
2,-0.0036274000967628293
1,-0.025773072694211266
2,-0.001177893720921398
2,0.05609010692130848
2,2.015910040456378
1,1.0
1,1.0
2,-0.0411531020202033
3,1.9585432732413983
0,0.4737072136105471
-1,0.0010320572004955447
1,-0.01096195089120319
0,-0.030450793021096434
0,-0.0060680003018978275
1,0.01961793325712319
-1,0.008012957294116002
0,-0.02095915169591603
0,0.0021983606059816363
3,1.7974366621735391
0,-0.02104750360749319
1,1.0
0,-0.005650020144078377
-1,-0.02289664120750759
3,1.9294001102079859
-2,-0.011198886838780777
0,-0.16050846808281655
-2,-0.02051136660144534
-2,0.020734325335144
2,-0.04494021276381858
1,1.0
-2,-0.07333511110368741
1,0.5438610795369453
1,1.0
0,-0.016387015855143027
-2,0.07868815934944708
0,2.1362042396089524
0,1.9758610566740649
2,0.004929347419577571
1,1.0
1,1.0
1,1.0
0,1.9522374776153553
2,-0.0029832032557617384
-2,0.0062586942178730134
0,-0.05113097172685181
-1,-0.11264053448104595
0,0.043100154840221803
0,0.013341703966789076
0,-0.02650903340861602
0,-0.04139901762708357
1,0.14029894592303013
0,-0.016595330584077982
0,0.001662901944050385
1,-0.2726125035950386
2,2.1541379332109614
0,1.8864309996654702
-2,0.046389849719616974
-2,0.016013899492651737
-2,0.005229199118006764
4,1.9845730140531554
1,-0.013008606739808809
1,-0.012498504702226257
0,2.3493193011133724
1,0.4448062284241024
1,0.4600830468479726
-2,-0.06914409932386527
1,1.0
1,0.018206459509790003
1,1.0
1,1.0
2,-0.0004959160752281656
0,0.001695634901261788
0,0.024635730928282397
-2,-0.020143677349265393
1,0.4022905051731073
2,-0.01572990040776925
1,1.0
-2,-0.007664751555339454
1,1.0
1,-0.16050846808281655
1,1.0
1,1.0
1,1.0
1,1.0
0,-0.007862916125369608
1,-0.007710276175914046
0,2.1001502626591533
1,-0.037926506352133814
-1,-0.026413637866106402
1,2.0347867102537545
-2,0.005284751940043231
-1,-0.014997679660532387
-1,0.006900341378776913
4,2.022380824629169
-1,0.013384598932718246
1,1.0
-1,-0.013509681450486503
1,-0.0022417746140195806
1,1.0
1,-0.011995275087392947
0,1.9591230481085038
2,-0.013937184288562889
1,1.0
-2,-0.020568102455859688
-1,0.0022695324566115384
1,-0.020561998932753362
4,2.0611506859502096
-1,0.014155079096181848
1,0.006140843562462795
1,0.49785571660525885
2,0.016716806875960392
1,1.0
1,1.0
2,-0.06101344497548155
2,-0.03377165979076525
1,0.04077979557050835
-2,-0.04619855854302411
2,0.029713353667027254
0,0.022411691665592363
2,1.9761077445297248
0,2.1838192911638346
0,2.0588380007316225
0,-0.009290206242995463
2,-0.11358873081538753
0,0.5048957003393724
-1,0.005374091863869716
1,1.0
3,2.0042374940404857
2,0.002775384863289336
2,0.0054900391863058565
1,0.004497117933398857
2,-0.02503411379143289
1,2.0295524939554155
1,2.0494431565766984
-1,-0.006790194698363442
-1,-0.009183398002569542
-2,0.0038208898707391757
2,1.917129082710942
1,0.014472200046198957
-1,-0.02287809893679146
-2,-0.018849610339467426
-2,-0.03160502376570316
2,-0.012950579780722594
1,-0.05113097172685181
1,2.084635974740636
1,0.0027530427615076853
1,-0.04526874911393888
-1,-0.03991342795465511
1,0.047338063844169505
1,2.0126216690464314
-2,-0.009753425643601014
-2,-0.08057993663959621
1,-0.0007124005613967758
2,0.013556563161659643
1,1.0
1,1.0
-2,0.0639426673479376
0,-0.02911481359007023
-2,0.012363890798134316
1,1.0
2,0.0012805366101456548
1,0.010160048378976777
1,1.0
2,0.013485771539183726
4,1.9557748596493925
1,1.8990402986787163
1,1.0
-2,-0.028215009865584593
-2,-0.006915136388924143
2,-0.01659841650413073
-1,-0.0086354403816192
-1,-0.046377318961593535
-2,0.06473587461933727
-1,-0.03377165979076525
1,1.9452579845583426
2,0.0010704343739523976
-2,-0.05113097172685181
-2,-0.03193935813161952
0,2.109233753652308
2,2.0090114060005746
0,-0.04115201822883864
0,-0.052649956621026554
1,0.0038590535055777957
0,0.027868246295580917
1,0.013062582720189887
0,0.5033892444029407
2,0.014870796546619986
2,2.205749526193491
0,0.010706820469018285
-1,-0.023929478735040807
1,1.0
1,1.0
-1,0.02403329968789764
1,-0.007751243642956695
0,2.0148096287848976
-1,-0.02838829623768827
1,0.017894672978019267
0,1.9317544401375712
-2,-0.04273404204472252
-1,0.05315198456725844
1,1.0
-1,-0.021131957386070255
-2,-0.022716430774678272
-2,-0.04898418939384484
0,0.018877560567192146
0,-0.00917556748970762
1,-0.009314781101609118
-1,-0.022054412923180458
-2,-0.006724223169133297
3,2.0418739694486807
-2,0.030363724444119562
0,0.43897711288112484
0,0.49641399795569585
3,2.0126596404793635
-1,0.05431337775126774
1,0.49388616838661414
-2,-0.02911481359007023
1,0.04920232449094818
1,1.0
2,0.006285666565641982
2,1.9459082492278446
4,1.9906819893771732
-1,0.018280096550814744
-1,-0.024618838605772554
1,1.0
0,2.025142004483234
1,1.0
1,1.0
-2,-0.0060262828885065825
0,-0.023200924601304823
-1,-0.04863621423594019
2,-0.009728283339750765
3,1.9915013295897201
0,1.8953322172628455
3,2.0395808531978816
2,-0.1642096791405763
1,-0.006494575289905225
0,1.9593614888010518
4,1.9896262003973806
-1,0.008721473511957005
0,0.43890215530800275
0,-0.016128430008649296
0,1.8455048495583528
-2,-0.03423389264821785
4,1.971333423272174
1,-0.03164796724329881
-1,-0.08057993663959621
-2,-0.01215891330828427
1,-0.022697686266879222
1,-0.04590808399332611
0,2.175267049136196
-2,-0.00028212949129002206
-1,-0.020758166277196524
2,0.01006918563640693
1,1.0
0,0.07330882547256291
0,0.5025936660018974
-1,0.010160048378976777
0,-0.006724223169133297
0,0.4737072136105471
1,-0.03419140164147611
1,0.005114800878050163
-2,0.007880364355475707
2,-0.03504953358270164
1,0.5344206669124135
-1,0.09968703104470826
1,1.0
-1,-0.056352841980343245
0,0.013062582720189887
1,1.0
0,-0.006585826032229226
2,0.0041884579096739824
1,1.0
1,0.006942358113663318
2,-0.05473421732864759
1,1.0
2,1.9517871316945117
1,1.0
-1,0.013823219883581489
3,1.9464100698631264
-2,-0.02503411379143289
1,1.0
1,2.04672010189657
0,1.8604874789968002
0,0.004909887047037396
0,1.9688963578503473
1,0.006942358113663318
0,0.472551123072124
2,1.9923469909289186
2,2.0028272742021644
0,0.49641399795569585
1,0.006900341378776913
1,1.0
1,1.0
1,1.0
1,2.0058532839281575
4,2.00554728572699
1,0.5081907387048332
4,2.016608871670284
1,1.0
2,-0.09641135025045303
1,1.0
-1,-0.04431837335633676
1,1.9675896452356563
-1,0.010160048378976777
-2,-0.026413637866106402
2,-0.0033628453509074513
0,0.0021983606059816363
1,1.0
4,2.0212149774984445
0,1.9583878999143454
2,2.058581453462446
-2,0.06078909575009241
0,-0.03419140164147611
2,-0.03696182487434768
0,0.23393384305980944
-1,-0.01401621494162288
1,1.0
1,0.014148373414574422
2,2.061863671457129
-1,0.13798427621817128
2,0.020172489064996996
3,1.9586299965054923
1,1.0
-1,-0.020774832956145472
0,0.02765284771756462
1,1.0
-2,0.0022695324566115384
-2,-0.019360847728132805
-1,0.007126171616321151
-2,-0.04007873982995673
1,1.0
1,-0.008000096185884794
1,1.0
1,2.0042374940404857
1,0.0054954782139082625
1,1.0
0,0.4549261807192566
2,0.005582131769657264
0,0.019896497992262282
1,1.0
0,0.012262131403270829
2,0.019942351561681514
1,1.0
0,1.9308792226768403
1,1.0
2,0.026049289778522985
4,1.974073518379681
2,-0.0013204672074496498
0,2.043762547584788
-1,0.026661900845452682
2,0.03452673918695912
0,0.029937787975354953
0,-0.06919614944742013
-1,0.0019101940054457223
-2,0.02403329968789764
1,1.0
0,0.00884266307128326
1,-0.011089457002661045
0,-0.0024490344543913805
-2,0.011297438355283873
-2,-0.006724511211290926
2,2.000290321790493
-1,-0.002294432597680496
-2,-0.018417907271572644
-1,-0.14792381909611885
1,1.0
-1,-0.03240786653396527
1,0.00578215129385085
-1,-0.11608776401101834
1,1.0
-1,-0.028215009865584593
1,1.0
3,2.0507037475086496
0,0.06078909575009241
0,0.005940161159665631
2,0.013062582720189887
0,1.9849481857362767
-2,0.03407504633967055
3,2.013670614066086
1,1.0
-2,0.03452673918695912
0,-0.016128430008649296
-1,-0.031078057153382785
4,1.940592092318412
1,2.0650742891408185
1,1.0
3,1.9862627068885113
0,-0.0060680003018978275
1,1.0
1,0.00901895437795785
1,1.0
0,-0.016356814634678803
1,1.0
-2,-0.06259374903152785
2,1.8860806722174683
-2,-0.017001413933008476
-1,0.0004085560361317139
1,0.023709002419452174
-2,-0.005726736043727512
1,-0.0022994496363612
2,-0.0034342910341800315
-2,-0.0004959160752281656
0,0.5836554374594838
1,1.0
0,0.44663859908287284
0,0.30131030718512997
-2,-0.0060680003018978275
-2,-0.031372046434643426
-1,0.00037392451829011886
-2,-0.04430612013519653
-2,0.03216375229968028
4,1.9869751281658472
-2,0.03218357287890127
2,-0.004088165536167148
-1,-0.022479151633026856
0,1.951421761279315
0,0.182629183534958
2,-0.040668637782253846
-2,-0.002575515920724142
-2,-0.021131957386070255
-1,-0.005726736043727512
1,1.0
1,-0.058493699801276514
1,-0.08166326202984293
4,2.0328301735961407
1,0.40401409143981765
1,0.46903838120202734
-2,0.012063380280813026
4,2.1470098146401155
0,-0.09641135025045303
-2,-0.028076560288962184
1,1.0
1,0.013823219883581489
4,2.0752524080625268
-1,0.07216016391212605
0,0.018637000499826827
1,-0.16856610925757548
1,0.4109627001893684
-2,0.018834208114401813
-1,-0.04172411356586691
1,1.0
-2,0.0062586942178730134
-2,-0.09294333097437489
-1,-0.0053840945715891535
3,1.9247437860544547
2,1.9537024701618395
-1,0.05614984518952678
0,1.98392910073411
0,0.036183756231127476
-2,-0.014273781493489355
0,0.4662866065053963
1,1.0
1,2.172140198454633
1,-0.03316804963051305
0,-0.11698224967519026
0,2.03285150733562
4,2.010410304059941
-2,-0.019360847728132805
0,-0.012150962360843448
-1,-0.04724473214143663
1,1.0
2,0.026457058685606372
1,1.0
1,1.0
1,-0.026793350280550136
-2,-0.005776325480372214
4,2.016707247010286
2,-0.0015622841505143975
1,1.0
3,1.9593614888010518
1,0.5102008586668932
1,-0.01121499918369622
-2,-0.10511362066799239
1,1.0
1,1.0
-1,-0.05019626655758688
1,0.06078909575009241
-2,0.028202223324965518
1,-0.046377318961593535
0,-0.0027693930787494408
-2,0.01849311941028551
1,1.938909557370354
-1,-0.009394353698709867
2,1.9827996475755967
-1,-0.003267509122781168
1,2.160542434014606
2,0.09338474191873111
0,-0.010945688712762625
1,0.013804138650418064
1,1.0
-1,0.0008681559861151432
-1,-0.015459640426566446
1,1.0
2,0.002841932979518985
2,-0.020774832956145472
2,1.905867470728289
-1,-0.06322900559317077
1,-0.04887206833633481
2,0.0021467554969258743
-1,0.01148450808673597
1,-0.03696182487434768
1,1.0
2,1.9753971290141752
0,-0.0034027593510020824
1,0.056557844682926135
-2,0.0031551235603534704
-1,0.0054900391863058565
0,0.0054900391863058565
2,2.0346935026238895
-2,-0.009463171126247089
1,1.0
4,1.8978007390951845
1,2.2082203641324387
0,0.013536921755086823
1,0.0140371573951618
2,-0.05902147766000986
1,1.0
1,1.0
1,1.0
1,-0.00041370948259053124
2,-0.045896252207555756
1,2.0365200967347743
-2,0.3049508352282034
1,0.0014134663330675964
-1,0.037883414589021266
0,0.5107191075822475
0,2.030249786768114
1,1.0
1,0.01006918563640693
1,1.0
-1,-0.05657003215042645
-2,-0.02041334187700409
1,0.011782580916051806
1,0.0038590535055777957
-1,0.028100012142231852
0,-0.034551364034456876
0,1.9616353254175738
-2,-0.13367313181380036
2,-0.032222499168646966
1,0.029910664967745953
1,0.41749899190730444
-1,0.0038114553191358203
-1,-0.009297925666569956
-2,0.0043858328222811495
1,0.48934193093185707
-2,-0.040418077101203806
0,-0.09259565215330942
1,-0.038029450307984276
1,1.0
-2,-0.007710276175914046
1,-0.02289664120750759
0,-0.23893650052106122
-1,-0.040190904215559674
1,1.8688756323989073
0,-0.008503465184333469
-2,-0.05252805702850751
-2,0.01902219988148183
0,-0.01659841650413073
-1,-0.15902608227349727
1,1.0
1,-0.05197794036747402
-1,0.11938262055152149
-1,0.019942351561681514
1,-0.003774096084534403
-1,-0.005726736043727512
-1,-0.043931844151103974
2,0.019942351561681514
1,-0.022188438392951357
-1,-0.026487969723335777
1,1.9497538816641546
0,2.0214641238113185
1,0.011668585814578684
-2,0.01548503986536287
2,0.005304221011760924
1,1.0
0,0.029351672258857073
1,1.0
1,1.0
1,1.9806660712674957
2,0.055690422450340164
2,-0.04000687975349162
2,1.9522738085331048
0,-0.006481301214429457
2,-0.07469738184928693
1,1.8998209652626101
1,1.0
4,1.9525335715163417
1,1.0
3,1.964958829848253
-2,0.06428215474774504
0,0.03534511165345737
-2,-0.006585826032229226
1,0.017990797751503477
4,1.956218283472448
3,1.9487573850531856
-1,-0.011246196454020056
-1,-0.020372644334805127
2,-0.03229373584642374
2,2.111964929241698
-2,-0.04421904771019098
0,0.022325625014917656
-2,0.003633491660491708
-1,0.017316776667177413
-2,-0.007710276175914046
1,0.036580843710103006
1,0.49905648131491004
-2,0.08902829534456796
-1,0.05759303634160509
1,1.0
1,2.0593079082858896
1,-0.04552268398489986
2,-0.0038621347654635304
1,-0.008000096185884794
-1,0.029558909033378
2,2.1005522469022995
1,0.059481568844382195
-1,0.0171101366611392
1,1.0
1,1.0
-2,-0.0310258033253869
2,0.06010919251255724
-2,0.009327013621887793
-1,0.04923949144786609
2,-0.03227981548228474
1,1.0
0,-0.0800282480398265
-2,-0.013904659563619344
1,-0.22366970587203194
-2,0.0014346878518939103
2,0.03452673918695912
2,-0.0093064789331992
1,-0.0034342910341800315
0,2.0523031323613314
-1,-0.058768687849096314
2,-0.005135353746471236
1,-0.023796511017207634
1,-0.05088144784848888
0,1.9169228912826117
-1,0.029256691906444813
-2,-0.06050901361523302
2,0.0614509589615662
1,1.0
2,-0.02932985584790643
2,-0.017226205622550835
2,1.9142935612642822
4,2.0061512379321114
0,0.006942358113663318
0,0.038807854840465096
-1,0.0024045365657589393
3,2.0019587049395597
1,1.9501849708633399
-2,0.04873741822630937
-1,0.23264219534252775
0,2.054208229971145
1,1.0
2,-0.0020755692425638763
2,0.0018409241781793464
1,-0.0076313907759917934
1,1.0
1,0.4713530026091991
2,1.9675140352326579
1,0.3167108340821446
1,-0.034318242527649916
3,1.9436149628085218
-1,-0.005508621020536452
2,1.984262036455967
2,2.015643703595957
-2,-0.07155084629903813
2,-0.004839482597204122
1,1.7938640515772268
-2,0.01211540320772702
-1,-0.01615205265213192
1,0.017112391264763535
1,-0.014144885037673544
2,-0.006365271332127018
0,-0.02302836822926296
1,1.0
2,-0.03693235867194735
1,1.0
2,-0.09564565540916434
1,2.0168835254365556
-2,-0.019837613563863123
2,1.9436149628085218
1,1.0
2,1.9331747628095892
-1,-0.0034698179149716636
-2,-0.05657003215042645
-2,-0.02525269595106808
1,1.0
1,1.0
-2,-0.016597014042686323
-1,0.02880165329441786
-1,-0.046377318961593535
-2,-0.020923333318239083
1,1.0
-1,-0.016316792243372034
2,0.05991273220487727
2,0.024966383854501638
-1,-0.02631236644440785
0,-0.004910051289386801
-1,-0.046284943032232226
0,2.041614230063742
2,0.03452673918695912
-2,-0.007710276175914046
1,1.0
0,0.37172756341834456
1,-0.0060680003018978275
1,1.0
1,1.0
1,1.0
1,1.0
0,-0.013008606739808809
1,1.0
-2,-0.0023143492477900396
0,-0.01215767255619457
-1,-0.06718433159634211
1,1.0
-1,0.005229199118006764
4,1.954367305638152
1,1.0
1,1.0
0,0.013341703966789076
1,2.02824667327525
-1,0.02742235386269466
1,1.0
2,1.975798739566716
2,0.05792757299813575
2,1.9620187676557919
2,-0.0030459130599469054
1,1.9324292599855766
0,0.05991273220487727
3,1.9698494864251157
2,1.716681137190662
0,0.034966441040956274
-1,0.0026559387450066883
-2,-0.049679819014231644
0,-0.08639781553620214
-2,-0.0044351438888664205
2,-0.05008569486393651
0,-0.024613162877516977
0,0.006140843562462795
1,1.0
2,1.9638641243516874
1,1.9872707528243259
2,0.026760969221686085
4,1.9782537711816488
2,-0.004837116855697782
1,-0.0081470344051325
-2,0.009153888736802597
0,0.0038909478638072576
1,2.0407176068696575
1,1.0
1,-0.04172411356586691
1,-0.027005313165017805
1,-0.022532011417674965
-1,0.014039559748470067
1,2.002967414585177
2,-0.001258985859507945
-1,-0.007954522186017318
1,1.0
1,1.0
-2,0.02838089678819612
3,2.0268020970531166
-2,-0.005806610628349878
0,0.442046508147109
2,-0.008843552432121742
1,1.0
-2,-0.03271438283995666
0,0.47423764348837816
1,0.03775904791308145
0,2.1472810111652123
-2,-0.0006800777520906551
4,1.9549580745934836
0,0.008084076464127753
-1,-0.16050846808281655
-1,-0.04461124136205664
-2,-0.14869966415066774
2,2.1160467153297198
2,0.002841932979518985
-1,0.014472200046198957
1,1.0
0,0.01849311941028551
1,0.029036578406394953
3,1.9202969447485092
0,0.015951033603524747
1,1.0
-2,-0.023796511017207634
1,1.9966933195060657
-2,-0.011343640001197858
2,-0.05657003215042645
2,2.0448186794825984
0,-0.03229714906724884
-2,-0.04079348056944601
1,1.0
0,0.4641330281832408
1,1.9702000966421127
-1,-0.0012010497745688657
-1,0.021326343218596257
1,0.004897352567266171
-2,-0.05334792957555105
2,-0.032095473466672166
-2,-0.09828236449991958
2,2.0395808531978816
1,-0.02947161483228803
-2,-0.018370074642743886
1,0.4597620228876723
0,-0.04294728484802267
0,2.0246255948093603
-1,0.031488951166038934
1,0.04472255209291537
4,2.3449808746982517
1,1.0
-2,-0.041659747641872975
0,2.0328301735961407
1,-0.0547371408811817
0,0.4983356126404798
1,1.0
-2,-0.022188438392951357
2,2.133045255273838
-2,-0.020143677349265393
1,1.8853040341660483
1,-0.0007056180573955636
0,0.49459826718347094
-2,-0.05563674791943009
0,1.9964084415981922
1,-0.0233461168753919
0,0.40379137401882326
0,-0.011995275087392947
0,0.482255382539117
1,1.0
1,0.03520197371922305
-1,0.006639152783882031
1,1.0
2,-0.06616859506865361
2,0.003838579180459281
0,0.33004073736601375
1,0.20050842126427615
1,0.44426487843839496
2,-0.01891627396293908
-1,0.02575409518002763
1,2.05648067271186
1,1.0
1,2.0465621471920046
-1,-0.028585965320400385
1,1.0
1,1.0
2,1.9843799352857556
2,1.9014795572000738
1,-0.005650020144078377
1,1.0
1,-0.0034374221959277934
2,0.11938262055152149
2,0.032275564778440534
-1,0.02880165329441786
1,-0.0654835865615774
0,0.02232768679562772
4,1.8455048495583528
1,0.513234136174599
1,2.0788384348340916
1,0.004089280545480498
0,0.029036578406394953
0,2.0211033380480727
2,2.027577102234953
2,-0.03010728697452836
3,2.0295524939554155
0,-0.017362305967670792
0,-0.012206389024798434
-1,0.0022695324566115384
1,-0.008880634223283388
1,1.0
-2,-0.007473786550768988
-2,-0.04168857608065878
-1,-0.05288973896971192
1,-0.005776325480372214
4,1.914519079003413
1,1.0
1,1.8864309996654702
-1,-0.020134467981042486
2,1.9758610566740649
2,0.08420968088317102
1,1.0
-2,0.029708518943985674
3,1.9452937901154157
-2,0.03520197371922305
1,0.41848821198746167
-1,-0.011995275087392947
2,-0.03498913819349523
-1,-0.21786421518108917
0,0.0041884579096739824
4,2.012176775146571
2,-0.003267509122781168
0,-0.004837116855697782
1,0.7260189772902207
1,1.9975471208343694
2,0.04910785180106905
-1,-0.002575515920724142
-1,-0.0046686968054183466
1,-0.048570717856606944
1,0.07053100923845759
2,0.04167501779977461
1,1.0
1,1.0
1,1.0
1,0.4909113557326778
1,0.4425482786131995
1,-0.0030058420589180934
1,0.013814488276572879
0,9.62699206121011e-05
-1,-0.018790748403212973
0,0.5575094597639437
-1,-0.013829004799103463
0,-0.0015795289941101314
2,0.012820848512246652
3,1.8369236637329431
0,0.37947830120573656
2,2.065814958525111
0,-0.012094663642206413
2,1.9635023507313847
0,-0.008000096185884794
-2,-0.003560620628140146
-2,0.0037623990538958887
0,0.06677136912778057
3,1.806662317476401
-2,0.03870869883854482
0,0.39664495053107907
0,0.018877560567192146
2,-0.05113097172685181
0,0.42226933343882445
1,2.0611506859502096
2,1.9867621221507
1,1.0
0,-0.02932985584790643
1,1.0
1,-0.033160551821384866
0,0.4747715187632331
0,-0.1817447996090525
1,1.0
1,0.4904195975591126
4,1.9267872327091202
1,1.0
1,1.0
2,2.0132081828269377
-2,0.0038208898707391757
-2,0.014153327100088663
-2,0.019425460167038763
1,1.0
1,1.0
1,1.0
1,-0.0005215952961590345
-1,0.017269676230800824
-1,0.2380899660450038
0,-0.0093064789331992
0,0.06986865145464727
1,1.0
-1,0.004744938879628492
2,-0.0015795289941101314
-2,-0.015067521355943324
1,0.4801434813979755
1,1.0
1,2.003214527092125
0,1.8869156655904975
1,1.0
1,1.0
4,1.992180192810111
3,1.9494455811800144
0,0.004878486362238688
1,-0.014679808129982562
0,0.4635682558379572
0,9.62699206121011e-05
-2,-0.03756548729750326
2,1.9436772331898498
0,1.9749714994171672
2,2.14693309737287
2,0.04022895997061991
1,-0.06072532523045359
1,1.0
0,0.06428215474774504
2,0.039557002278117
1,1.0
-1,-0.0024291109977293067
0,0.00762098735267537
-1,-0.025721406725321434
1,1.0
2,2.076007203254359
0,0.4496495446763413
0,1.9493664427018433
2,-0.012676431717839743
0,0.027335930259356978
1,1.0
1,1.9535712468878221
0,2.1879227863271735
-2,0.03501175443017635
-2,-0.006988315135585646
-2,-0.11386946284892174
2,1.9885896249961683
0,0.006510887113619382
1,1.0
-1,0.015361877147687329
1,-0.020784877118674182
2,2.0448558064125804
1,0.15704382322399882
2,1.9892287132326374
-2,0.005430018045982128
1,-0.3973469003584006
2,1.9464100698631264
0,0.04554021467276945
-2,0.010009508398804512
-1,0.0004516252309004658
0,-0.01118019879972549
1,-0.034551364034456876
1,0.0309504701579277
-2,0.013127587003203179
1,2.0085337344158622
1,1.0
0,1.9961363299528256
0,-0.012094663642206413
1,1.0
1,1.0
0,-0.04079348056944601
1,1.0
2,-0.003662856866392158
0,-0.01191311102649187
1,1.0
1,1.0
1,-0.004124086523147993
0,0.014356778455272612
-1,-0.001663632529375368
2,0.013804138650418064
1,1.0
1,0.022429622646939998
-2,-0.015901481485326528
4,1.9885156480924573
0,0.3855459314709502
-2,-0.028215009865584593
-1,0.002236094674775907
1,-0.0024291109977293067
0,-0.005438752356636359
1,0.5099434415926921
3,2.065987117929431
2,0.1001432802390101
2,0.019425460167038763
0,-0.001177893720921398
1,1.0
-1,0.059481568844382195
0,-0.02650903340861602
1,-0.027863621037158403
2,-0.003284896661018527
1,1.0
-1,-0.012688110808148956
1,2.0399173807815574
1,0.004744938879628492
2,0.00579921828793301
1,1.0
1,1.9320154642783323
1,-0.09453676188793785
1,1.0
2,-0.05371238122936294
1,-0.03193935813161952
-2,-0.01480706905106261
2,-0.02488839986541915
-1,0.03051700415977048
-1,0.004465901554199215
-2,-0.04724473214143663
-2,-0.04552268398489986
3,2.015717148343171
4,2.054208229971145
1,1.0
1,0.05275604616820737
0,-0.006724223169133297
1,1.0
0,-0.05584910796316214
-2,0.036183756231127476
1,-0.0015622841505143975
2,-0.011709626686107947
-2,-0.007514545177191264
2,2.003372569407441
0,-0.01652562051356948
-2,-0.0069738590098409395
0,0.020374879038410044
0,-0.01659841650413073
1,1.0
1,1.0
0,-0.01793611400922439
1,1.0
0,0.05315198456725844
-1,-0.02095915169591603
2,-0.0329816057918716
2,0.030363724444119562
-1,0.020520671118289334
-2,-0.02865994769697741
2,1.9829859866627368
1,1.0
1,1.0
3,1.925772064864054
2,0.03021403629982749
1,1.0
-2,-0.09609732162057545
0,0.0054900391863058565
-1,-0.06984083944977665
1,-0.0367421146040023
-1,-0.008000096185884794
-2,-0.15195291134971572
4,2.011704305397812
0,0.009327013621887793
1,1.0
1,0.01849311941028551
0,0.02765284771756462
0,0.4137916132804418
1,1.0
1,1.0
-1,-0.010138588395433747
4,1.9749714994171672
0,0.0069453462215691075
0,0.02332272773056471
0,0.4625103305281448
2,1.8869036973920492
1,0.02403329968789764
2,-0.06638180628721002
1,1.0
2,1.9936004392443258
0,0.47941807516499113
-2,-0.022716430774678272
-1,-0.02726231930684305
1,0.05410403598188677
2,1.8110528506499637
1,0.018637000499826827
2,0.03110492098684344
1,1.0
2,-0.0014779122891491097
-2,-0.05197794036747402
1,1.0
3,1.997820770397632
-2,-0.010288414476386974
-2,0.017316776667177413
1,1.0
-2,0.02880165329441786
-1,-0.020415669659865843
0,0.45339884845481704
1,1.0
1,2.0005055733894985
1,1.0
3,1.9885896249961683
-2,0.05991273220487727
3,1.8520860047686627
1,1.0
0,-0.006790194698363442
0,0.19528579427517426
-2,0.034568085919189966
1,0.04022895997061991
0,1.955349074123906
1,0.003421956846150498
2,-0.0022499901416534757
-2,-0.04619855854302411
1,1.9900443824061458
-2,0.0047260169034829625
-1,-0.020360649431310024
1,0.4427359644809022
-1,0.007539611946045276
2,0.010203703921465223
1,-0.13758797375915488
1,0.014148373414574422
0,-0.02488839986541915
-1,-0.022188438392951357
-1,0.02688002196510133
1,-0.046377318961593535
1,0.4945958737292549
1,1.9523467894834141
-2,0.018206459509790003
-1,0.0011526402408111452
1,0.04718019383000104
1,1.0
1,-0.004839482597204122
2,2.00026977715694
1,1.0
1,1.0
2,-0.011078833934678694
4,2.0215977272302346
1,1.0
1,1.7765642131868027
1,1.0
-2,-0.03600654410229554
2,0.024427430042819796
1,1.0
-1,-0.020760692637579584
-2,-0.02253177641218989
1,2.0976709910560603
3,1.8873984661607788
-1,0.0038208898707391757
1,1.0
2,-0.025721406725321434
0,0.013823219883581489
-2,0.0030883938488698854
-2,-0.0027693930787494408
1,0.14785495668927484
-2,0.0012501148881276006
1,0.46764734039178885
4,2.018055867997775
-1,0.00884266307128326
2,-0.0276617496156616
1,1.0
-1,-0.10274619789536338
1,-0.04168857608065878
1,1.0
0,0.15416652464849273
1,1.0
2,-0.011198886838780777
1,0.03520197371922305
1,-0.022622250035536223
3,2.0322819603269364
1,1.0
-2,0.02421833934298314
2,0.0006763557117422861
1,0.030120910839145254
3,1.9849481857362767
0,0.0005451499106077683
1,1.0
-2,0.004728283268795881
2,0.02859343984507824
0,-0.006365271332127018
1,1.0
-2,-0.030685145854207403
-2,-0.012004231635563318
0,0.07159467084053067
3,1.925772064864054
0,0.0071429705240301546
-2,0.024635730928282397
1,1.9928265179848454
0,-0.020568102455859688
-1,0.018206459509790003
2,1.8865511885923254
1,2.004627007363745
1,1.0
2,1.6766199914587465
-2,0.043100154840221803
0,0.4257801432027857
2,0.007817315300137061
2,-0.053297658681343806
1,0.43088142937355983
2,0.03520197371922305
1,-0.008811518440057835
-2,-0.01088763003222009
0,0.5118581646730118
1,1.0
-1,0.010154189832818534
0,1.9098434147477545
1,-0.013401423396679414
1,1.0
0,1.9910298185334758
0,0.013536921755086823
-2,-0.03162033044530451
3,2.0087477202393225
-2,0.0038872609633530037
1,0.014295952846184705
0,0.0022695324566115384
2,2.0210595060303493
1,-0.02104750360749319
2,2.0305526926927833
1,1.0
1,1.0
0,-0.0086354403816192
-1,0.018670790408401264
2,-0.010281234141735967
2,-0.009314781101609118
2,-0.10410593204087566
0,0.005489388992370867
2,1.9986686667252371
0,0.02015582671873233
1,0.018206459509790003
1,-0.025948353072132918
0,-0.03439814143848003
-1,-0.057560491726505535
1,1.0
1,0.012102262266975406
4,1.9975961677169396
-2,-0.0010475387083186496
-2,0.018280096550814744
-1,-0.010516437763087692
1,0.053094714426377324
1,1.0
2,-0.011198886838780777
1,0.5389256493263656
-1,0.013384598932718246
0,0.001970542619036666
0,-0.017404028737069758
-1,0.06688604041361906
2,-0.03705057983821099
1,1.0
1,1.0
-2,-0.01960441590582582
-1,0.09133577029370236
2,2.017141917577773
0,0.4101107778972473
4,2.0297637300036926
-2,-0.020464144192720485
1,1.0
4,2.005108858704161
1,0.5473604820444337
1,1.0
2,0.03717988330224339
3,1.9005639538628725
0,-0.014679808129982562
1,1.0
-1,-0.039184340159931136
0,0.006715435875652991
2,0.016013899492651737
1,0.5205028631914943
0,-0.05197794036747402
3,2.022380824629169
-2,0.005864212575913384
1,1.0
0,0.009327013621887793
2,0.021406627324746793
4,1.8035037375363197
1,-0.020596380183466517
-1,0.09133577029370236
0,0.3537799524235389
0,0.06428215474774504
1,1.0
3,1.956108577713387
1,1.0
4,2.0295524939554155
0,0.5344206669124135
2,-0.008880634223283388
-1,-0.05475519037385813
3,1.8980845163074136
-1,-0.0268956162828102
-2,-0.05197794036747402
1,1.0
-1,-0.04211975131503151
-1,0.029708518943985674
-2,-0.01711422056076077
2,1.9816171488154442
-2,-0.008000096185884794
-2,0.022018824446455004
-2,-0.01162170389124115
2,2.0085337344158622
1,1.0
0,-0.13340650296161513
2,2.1887890868580158
3,1.8250343581799555
0,-0.001177893720921398
-1,-0.006494575289905225
1,-0.004932956614569617
2,0.019687591330249384
1,0.0894835868729641
0,1.9764267380402438
1,1.896722605460515
0,-0.07740194916880164
1,0.5339663697959343
0,-0.02503411379143289
1,1.0
1,-0.009468072215395487
-2,-0.041659747641872975
-2,-0.011995275087392947
1,1.0
1,-0.01480706905106261
2,-0.035556277836241
-1,-0.05357418292457627
2,0.007487267293918226
0,0.4711533183418793
0,0.045270444510087764
0,-0.0664446529239192
1,1.0
0,1.7909675152120688
1,1.0
-1,0.018459766097333328
1,2.056450889546671
0,-0.027863621037158403
0,1.8579902180362406
1,-0.09979287539410929
1,1.0
0,-0.028215009865584593
-2,-0.0031754411085496478
1,1.997820770397632
0,0.015882919411194768
0,0.04391804379237414
1,0.44936093952806677
0,0.0016065398108482062
-2,-0.0417848260414908
1,1.0
0,-0.04845623868757282
1,1.0
1,1.0
1,-0.0034698179149716636
1,1.0
4,1.492969428311931
-2,0.013814488276572879
1,1.0
2,-0.08595886065786529
-2,-0.008371542450236224
-2,-0.04391948230646485
0,-0.06101344497548155
1,1.0
1,0.45653937610053164
0,-0.0034027593510020824
1,1.0
3,1.8858984571352158
4,1.9616998723517265
-1,-0.035852835506456265
2,2.0695969388372553
0,-0.048570717856606944
1,0.46470740971113517
2,0.019208137373792046
-1,0.008505585176938698
4,2.3498648918353924
3,2.0298130904150384
1,1.0
4,2.038464111900571
-1,-0.023050640295983887
-1,-0.010138588395433747
2,-0.033160551821384866
1,1.0
3,2.0298130904150384
2,0.006921226879439489
2,2.1012332780468532
2,-0.0048293491971386745
1,1.0
0,-0.0029832032557617384
1,1.0
1,1.997360343190321
3,2.1645856889138937
1,1.0
3,1.9651881616445408
1,1.0
0,0.03797637392035041
0,0.03365248881468666
-1,-0.027025179059229368
-1,0.05431337775126774
2,0.006945911208224175
1,1.0
-1,0.06284908950251858
1,1.0
2,2.1005522469022995
0,0.015951033603524747
-1,-0.07846595957157064
2,2.0582015831102574
1,1.9718714665589
0,-0.007751243642956695
2,-0.0330984931364574
1,-0.024654795788507367
-1,-0.04273404204472252
0,0.4751105946325088
1,1.0
4,2.060330582397566
2,-0.033926613598494096
2,0.0038590535055777957
2,0.03368816434178682
1,1.0
-2,0.02808221237366028
2,0.08143842489232009
-1,-0.05212129146360204
-2,-0.020360649431310024
1,0.4302461329853637
1,1.0
2,0.10097228193052643
1,0.19263671337652863
1,0.554974421820444
0,0.12084860919549188
0,0.0018409241781793464
-1,0.08847674031556124
0,-0.0276617496156616
1,-0.03586222054982616
-2,0.011956334273681818
0,-0.12189724360682544
4,2.102953749685248
1,-0.02330192802045474
-1,-0.007139195295641198
0,0.14055526700226376
0,-0.006790194698363442
1,1.0
-1,-0.04115201822883864
4,1.9694456790139838
1,1.0
1,1.0
0,-0.016999234459157728
1,1.0
1,-0.020561998932753362
0,0.4278225641891689
1,-0.03279929966558866
1,1.0
-1,0.07510256507685056
2,2.0631050874078656
1,1.9662348616577086
0,0.003719741476688899
1,1.0
2,-0.12771283935760314
2,-0.01894567391082451
-1,0.0026559387450066883
0,0.5371770061864253
3,1.9565905500846643
1,1.9105012300031896
-1,0.008165344044651503
2,-0.03043744727114242
1,0.18129879034151927
1,1.0
2,0.12084860919549188
-1,0.01357474656922609
2,0.030363724444119562
3,2.0812127875625435
1,1.0
1,-0.051178929662667426
2,1.9465389525087244
0,1.9969502033326358
-2,-0.0081470344051325
-1,-0.008616902864181451
-2,-0.12821841150339824
0,2.0788384348340916
2,0.011421139241121744
2,0.05061577134348821
0,1.997480155191182
-1,0.02278939368187424
-1,-0.0004959160752281656
4,1.9989097462672654
2,-0.0034698179149716636
2,0.004165640318717461
2,-0.04711348545910319
3,2.002175265056918
1,1.0
-2,0.002236094674775907
1,1.0
-2,-0.003329292778855678
-1,-0.003651020686343291
0,1.9974094393270354
2,0.028140718181294683
1,1.0
-2,-0.008366559747196502
2,-0.03043744727114242
1,1.0
3,1.9688963578503473
3,1.9637004668900622
-1,-0.039184340159931136
1,-0.03600654410229554
4,1.9403793216646343
-1,-0.010516437763087692
2,-0.07469738184928693
1,1.8930467947710008
1,1.9680833663112847
1,1.0
0,0.1696709166732846
1,-0.002337620078631823
1,1.0
1,1.0
-1,-0.11495850826929224
2,-0.038029450307984276
1,1.0
0,2.0006748818854496
1,-0.013658923158590217
0,0.46209201769911856
1,-0.06507720167387634
0,-0.03271438283995666
2,0.058659347122892835
0,0.0028053059939205506
-2,-0.022640874296938632
1,1.0
0,-0.01795017737036225
1,1.0
-2,0.046083707891268894
0,1.9656083677497855
-1,-0.0024490344543913805
-1,-0.003651020686343291
-2,-0.02893701708292221
-1,-0.007063298916726547
1,0.026014101387261124
1,-0.022188438392951357
0,1.9896097227829024
2,0.02400692907520836
1,-0.007240509603280273
1,0.007880364355475707
-1,-0.002575515920724142
1,-0.03377165979076525
2,0.029910664967745953
1,-0.0325504890448807
-1,-0.0013066313495663459
2,-0.006025151283855556
0,2.0085210691808637
0,0.007615169395197619
1,-0.027857923198279594
-1,0.007126171616321151
0,2.024196201750958
1,0.018280096550814744
4,2.1776508197743984
1,0.03327888574632073
1,0.005114800878050163
0,2.0711883686993136
-2,-0.1755969245510262
2,0.06885001247877981
1,1.0
3,1.915146661295854
2,-0.0034374221959277934
2,0.015920810758805123
-1,-0.1259392625276825
1,1.0
1,1.0
-1,-0.013509681450486503
1,0.013949860119892507
3,2.031567935252517
-1,-0.06399305497476986
-2,0.03368816434178682
1,1.0
1,1.0
-1,-0.0076313907759917934
2,-0.004162528875529827
1,0.024966383854501638
1,-0.02252954774120258
0,-0.0029832032557617384
-2,-0.04002761624122293
0,2.050073843922884
0,-0.013369443797598156
2,-0.06914409932386527
0,0.017378147541231372
1,1.0
-2,-0.04926177913983467
0,-0.11591648563561739
-1,0.005875710511017991
-2,-0.11452973820785156
1,-0.034868704401211835
-2,-0.039184340159931136
1,0.007126171616321151
1,1.0
-2,-0.03240786653396527
-2,-0.034551364034456876
2,1.9289022420840762
-1,-0.02302836822926296
-2,-0.002644932725728174
-2,-0.02104750360749319
0,1.9562145182827861
1,-0.006481301214429457
0,0.020374879038410044
-2,-0.005806610628349878
2,-0.0031754411085496478
2,-0.027676434451141853
1,1.9809081907034654
3,1.9706747939805083
-1,-0.02726231930684305
1,-0.013509681450486503
1,1.9684050487865687
-1,0.02802131042319203
1,1.0
0,0.01646461028708217
2,0.05811887860354098
0,1.8512143956988023
-2,-0.024618838605772554
1,0.002789703125590848
-2,-0.020143677349265393
1,0.0016065398108482062
-2,0.0019977222038350248
1,-0.033071217980741384
-2,0.009505766410752117
-1,0.0041884579096739824
2,-0.016128430008649296
2,0.0014346878518939103
-2,0.02510439509397249
1,0.0022201071142745766
2,1.9662348616577086
0,-0.023191053765512656
0,-0.033123328701603255
2,1.9730966485711914
3,2.0012827943892284
2,-0.069119501976685
0,0.0022695324566115384
-1,-0.039184340159931136
1,-0.003267509122781168
0,2.534771755865871
4,2.041074677694768
2,0.0357642605601322
-1,0.01220865098655569
0,-0.048363439739383944
1,1.0
-1,-0.0012650125616840758
-1,-0.04598759669601807
0,-0.04723846408633071
-2,0.005873390251638665
1,-0.007706214965080408
1,0.46752506417119877
1,2.316055560071345
-1,0.045270444510087764
3,1.9452239408237648
1,0.02808221237366028
0,2.058308706068148
2,-0.013658923158590217
1,1.0
-2,-0.002575515920724142
2,0.015920810758805123
0,1.7354042325162404
1,-0.0027693930787494408
-1,-0.0031754411085496478
3,1.9392136871622017
0,0.0069373903962980064
2,-0.0310258033253869
0,0.31895958408216674
2,0.014049615765069143
0,1.9590321457904687
-1,-0.04897054341839785
0,-0.022716430774678272
0,0.006921226879439489
2,-0.009066345884612234
-2,-0.025277234756910124
1,-0.04273404204472252
0,0.007465923206109364
1,1.0
2,-0.057560491726505535
1,0.4417477470061083
1,-0.42945421723285465
1,0.017378147541231372
4,2.062997143313766
-2,-0.14409002305125976
1,1.0
0,-0.03708649409341535
1,-0.03265530666882306
2,0.0014802650279894993
-1,-0.057560491726505535
3,1.9647080508196455
1,1.0
2,-0.005806610628349878
0,-0.01386313519086686
1,1.0
-2,-0.048937796952899425
1,0.5224284152579277
1,1.9055682987589913
1,-0.0389884596649067
1,-0.03991342795465511
2,-0.008000096185884794
1,0.0038621661841662493
0,-0.03793155455542919
0,0.007814905249928483
-2,-0.014323201222481714
1,1.0
1,-0.01386313519086686
1,2.043351667371854
0,0.006134567342864918
-1,0.009505766410752117
0,-0.005650020144078377
-2,-0.007514545177191264
0,-0.01386313519086686
2,0.0197930903024441
-2,0.17507791348341128
4,2.057875106528018
2,-0.008000096185884794
2,-0.020360649431310024
-2,-0.005650020144078377
1,-0.0010425707000761375
-2,-0.03693235867194735
2,1.9464100698631264
2,1.9443563715926944
1,2.0204800645501946
1,1.0
0,-0.03377165979076525
-2,0.028553112084152402
1,0.482255382539117
1,0.05991273220487727
4,1.8769526849673832
-1,-0.04652161552877164
-2,0.01473071168439582
1,0.4892340785006435
-1,-0.02972667682299614
4,1.9782011094921002
0,0.005864212575913384
1,1.0
0,1.923267004703227
-1,-0.011576870509412291
2,1.967742305064666
0,0.08996400958624147
1,2.2563564484949996
2,-0.0175694361054961
-2,0.0019569859717643422
2,1.9764236721858663
0,1.8978007390951845
2,-0.011343640001197858
0,2.005383863163664
2,0.01646461028708217
0,0.04746303992638643
4,2.0378246938219213
2,2.0256221062384174
2,0.0006763557117422861
0,-0.011164832633161773
2,-0.0040217840579525425
0,-0.2570375003974197
0,-0.07959806229778382
-2,0.05014750035886583
-1,0.03127401051951958
0,0.46374863186772236
1,-0.02104750360749319
1,0.041346579630339025
-2,-0.0029832032557617384
1,-0.023419619144768512
0,0.0422566662908615
0,1.9381314556559976
3,2.033872697632641
0,2.1201821084126924
-2,-0.009112642945824938
1,-0.06848871186524996
-2,-0.04824739487381497
1,1.0
1,1.0
-2,-0.02488839986541915
-1,-8.346082155448229e-05
-2,-0.0076313907759917934
1,-0.0030459130599469054
2,-0.0028398985719475384
-2,0.021931957459513395
-1,-0.0035824123099847003
-1,-0.03362176130407122
-1,0.036183756231127476
1,1.0
1,1.0
0,0.4266293430340371
-1,0.005864212575913384
2,-0.001177893720921398
0,0.5128912443151122
1,0.0054900391863058565
2,-0.017049594419086364
2,1.9862882513157112
1,1.0
-2,-0.01494826229188232
1,1.0
1,1.0
1,1.0
2,-0.029679297174325655
-2,0.0357642605601322
-1,0.04512239695317562
0,-0.04211975131503151
0,-0.04919988645847033
0,1.8545814619930665
-1,-0.010920671400798408
0,2.0378246938219213
0,1.7938640515772268
1,-0.01960441590582582
1,1.0
3,2.0006748818854496
1,2.122621617671954
3,2.0087477202393225
-1,0.03939585779039004
4,2.0684859940142895
0,0.005873972158185833
2,0.022651000800327347
-2,-0.020760692637579584
1,2.018055867997775
-1,0.08902829534456796
1,1.0
1,-0.006086796009955896
1,0.026551949559535482
0,0.4836686565606476
1,-0.024161521999413287
0,0.045635144843823736
4,1.9952504128347852
1,0.0016065398108482062
1,0.010154189832818534
0,0.016202837206791717
2,-0.013685083584832456
0,0.020386245959714153
-1,-0.03823241118901757
3,1.9701571013217776
2,-0.0233461168753919
1,1.0
-2,-0.04711348545910319
0,0.029043566669180933
-1,0.012820848512246652
-1,-0.03586222054982616
2,-0.010802424126116863
2,-0.02574300962046591
-1,0.006905102122267016
-1,0.0025665528114525425
-2,0.013940112465032099
-1,-0.008880634223283388
-2,-0.020760692637579584
1,1.0
1,0.003784257412568829
1,1.0
1,1.0
-2,-0.03608377471993806
0,0.4483192712382178
0,0.042641139980177115
2,0.009153888736802597
2,2.2044903910542515
1,1.0
-1,0.036183756231127476
0,0.026457058685606372
-1,0.01148450808673597
-2,0.03939585779039004
2,0.03939585779039004
1,-0.0026695866016778246
3,2.2223723945523273
3,1.9501849708633399
-2,0.03961527852134272
-1,-0.03648469301745645
0,1.93488456081088
0,-0.03214555514874206
-2,-0.024613162877516977
0,-0.3326301191478802
4,1.963549043027013
-1,0.08902829534456796
-2,-0.02480167824669537
0,2.041252503160214
-1,-0.06417024122011802
3,1.965544364784999
1,0.02688002196510133
1,-0.02480167824669537
1,1.0
2,0.007814905249928483
-1,-0.0012650125616840758
0,0.4379724634797833
1,1.0
3,2.0184721324211186
1,1.0
2,-0.040668637782253846
2,-0.032933135406113416
-1,-0.0276617496156616
1,-0.007558343402770355
1,1.0
0,-0.01399799082469516
-1,-0.0268956162828102
0,0.42325824884506846
1,-0.039499076420070965
-2,-0.0492015303053303
-1,0.006900341378776913
3,1.9333447375750754
-2,-0.01096195089120319
0,-0.04168857608065878
1,-0.07959806229778382
-2,-0.03084636906034698
-2,-0.003329292778855678
0,-0.4372384090080631
1,1.0
1,1.0
-2,-0.0707905543938755
1,0.4342645060490849
0,0.0054900391863058565
1,1.0
1,-0.02838829623768827
0,1.8632837115459244
-1,0.05315198456725844
0,-0.002575515920724142
1,1.0
-1,-0.03279929966558866
0,0.009327013621887793
2,0.0010542166767016164
2,-0.02545379335237799
-1,-0.0684206524401936
-2,0.030363724444119562
-1,0.01844636286684374
3,2.0030835706153316
-1,-0.0768154659455014
2,2.0298130904150384
-1,0.007934098111649156
0,-0.11873028491360664
-2,0.019980916433325103
-1,-0.02650903340861602
1,1.0
-2,0.006134567342864918
0,-0.028895667442589326
-1,0.04873167555152096
3,1.8865511885923254
1,0.045270444510087764
-2,-0.05288973896971192
1,1.0
0,2.0328301735961407
-1,-0.0044351438888664205
1,0.1534409405468155
1,1.0
4,1.96428878758849
2,0.04176031248659253
-1,-0.0310258033253869
1,1.0
1,0.008492301110285058
2,2.014293863140024
1,1.0
1,-0.005650020144078377
0,0.012219948702886929
-1,-0.031078057153382785
0,-0.015459640426566446
0,0.0362570485912622
2,0.0014346878518939103
0,-0.0022990892256917915
0,-0.026487969723335777
0,0.007126171616321151
4,2.2474595100309513
-1,-0.1259392625276825
4,1.9809081907034654
2,1.9932732018400938
3,1.7253045418092474
1,0.4782182915071245
-2,-0.015376833542860688
4,1.9081931484769996
1,1.0
1,2.177118123426064
-1,0.01837098790384313
-1,-0.009018653090799272
4,1.9909879879017047
-1,-0.010516437763087692
0,-0.0456904636619171
1,0.0725757741992818
-2,0.0011526402408111452
-2,-0.012206389024798434
1,-0.028076560288962184
-1,-0.00044149109083645166
1,0.5363671010215159
-1,-0.0048409073335294525
-1,0.008747563685320623
-2,-0.003433762223788892
3,1.9162534187626212
0,0.5340276032252176
2,0.0025414068958846767
1,1.0
2,0.001437689679167306
2,1.7938640515772268
1,1.0
1,1.9487186909588265
-2,0.018459766097333328
1,0.05275604616820737
1,1.948530188108995
1,1.0
0,0.3780719432520373
2,0.007413555210168756
-1,-0.01401621494162288
1,1.0
2,1.9605119962595519
0,-0.022169047030785753
1,-0.035913288984432766
1,0.46873362948058833
-2,-0.01572990040776925
-1,-0.028076560288962184
2,-0.004430739596422222
-1,-0.1338686226166003
0,-0.012171412217025019
2,-0.02632906894398287
-1,-0.006494575289905225
1,0.5432336529455017
-2,0.010484485306541383
0,0.4871526924915863
-2,-0.0048409073335294525
-2,-0.04863621423594019
1,0.061811940553279224
-2,-0.013312008107402771
1,0.020172489064996996
1,-0.046377318961593535
1,0.010307177653756045
1,-0.14903915336754733
-1,-0.03362176130407122
4,1.5494163220561648
1,1.0
4,1.9653765150603109
0,1.8920739284569503
1,1.0
1,-0.023050640295983887
1,1.0
4,1.8512143956988023
-2,-0.008200123832238598
3,1.9785634318127194
2,-0.015422097420656334
-1,0.004728283268795881
2,1.8304648999483952
1,1.0
0,-0.05657003215042645
0,0.009943623934073068
2,-0.005438752356636359
0,2.138427383807437
-2,-0.022508632002847636
3,1.9248450334903757
1,-0.010963099920124985
2,-0.036814053407289916
0,-0.05113097172685181
-1,-0.0013789659727180966
0,-0.01658845852708766
2,-0.02920277744606069
1,-0.028585965320400385
1,0.017316776667177413
1,-0.024589326396137402
-2,-0.008811518440057835
-1,-0.005078439712053028
-2,0.0041884579096739824
1,1.0
0,-0.008498930612090767
4,1.9527414625382848
2,2.0404165693494614
4,1.9817443010380558
-1,0.043839413628339804
1,1.0
-2,-0.02076709469543274
1,-0.009468072215395487
0,-0.014009142390621407
1,1.0
0,-0.025443929342881182
1,1.9807668548206336
1,0.5041713558346586
0,0.48949139953816784
0,0.0014802650279894993
1,-0.04724473214143663
-1,0.0016065398108482062
4,2.17577783285952
2,-0.052649956621026554
2,-0.00028212949129002206
1,1.0
1,1.9469864461588062
-2,0.02707843885989112
0,0.12939175722280022
0,-0.011841615891723327
0,0.03257487085331348
1,-0.06914409932386527
-1,-0.013198678346857014
1,1.0
-1,0.1400079171575048
2,1.9547354035444533
-1,0.0004085560361317139
-2,-0.0026794731709637626
-1,-0.02002999406777025
1,-0.007862916125369608
1,1.0
2,0.0041343915626732945
1,1.0
1,1.0
1,1.0
-1,0.03452673918695912
4,1.9314380172282497
-1,0.0007082876731028461
1,1.0
-2,-0.015459640426566446
1,1.0
2,-0.015459640426566446
2,-0.045896252207555756
1,0.0012501148881276006
-2,0.03603023007950267
1,1.0
1,-0.0010475387083186496
2,-0.04073903038085353
1,1.0
-2,-0.009463171126247089
1,1.0
1,0.018637000499826827
-1,-0.0060680003018978275
0,0.0020135226651092704
1,-0.024046222886004682
-1,-0.03352614158280834
2,-0.004162528875529827
0,-0.01743100957035558
0,0.4762463071198129
2,0.0037262491774852093
0,1.7909675152120688
1,1.0
0,1.9374735466034005
0,0.39464939376776165
-1,-0.03160502376570316
2,0.002248765730171486
1,1.0
-1,0.024237222878963703
-2,-0.08057993663959621
2,-0.11608776401101834
2,1.9237357688023748
-2,-0.015422097420656334
2,0.020581280668737757
3,1.986700733820145
-1,-0.057560491726505535
1,-0.0417848260414908
3,2.0533306693977864
0,-0.05334792957555105
-2,-0.04168857608065878
1,2.0323370279198643
1,2.1266168618262697
1,1.0
2,-0.002647419725520188
0,2.1015571831644353
1,-0.1599265280125284
0,0.422354788798468
0,0.02917182723841805
0,2.0802997397515406
-1,0.004465901554199215
0,1.929653656478144
1,0.004878486362238688
2,0.01006918563640693
-1,0.013217989719345456
3,2.0321744297852073
0,0.4724709963569994
2,-0.011841615891723327
-1,0.0069373903962980064
-2,-0.006006936174954198
-1,0.0213381524124326
1,-0.09925130880676772
-1,-0.01401621494162288
2,-0.0024291109977293067
4,1.9472409336492875
0,1.9537524588457307
4,2.0007572652292107
1,1.0
0,0.0001681652178761499
1,0.01006918563640693
0,-0.017803199499949334
-1,0.002488590698656822
1,1.9479716240377871
2,0.30131030718512997
0,2.1173376882468147
0,0.004897352567266171
-2,-0.0020755692425638763
2,2.2403894779557207
-1,-0.0012650125616840758
1,1.0
2,1.8835466093941327
2,0.02765284771756462
1,2.024554962602237
2,-0.01118019879972549
1,0.5177436132933615
0,1.9788381301791425
0,1.9621042845371877
0,1.9452579845583426
3,1.9878977702969527
2,-0.10240336023804371
1,0.005864212575913384
-1,0.18510793880412532
1,-0.0010138238202889907
1,1.0
1,-0.02948804203568534
-2,-0.01715401938607848
0,-0.11979177741213466
0,2.085647753434141
4,1.978736412478611
-2,0.036183756231127476
3,2.1344750699929675
0,2.0058532839281575
0,-0.0587621072226474
-2,-0.0038621347654635304
1,-0.02946579439579858
2,0.008373816472382906
1,0.03327888574632073
-1,-0.04211975131503151
2,-0.028585965320400385
1,0.02711396946219675
-2,-0.06838451097673595
-1,-0.010861835861077675
-1,0.017487298920905246
1,0.05701195312174141
2,1.9480460366992145
-2,-0.006494575289905225
3,2.0217284232038075
1,1.0
1,-0.039184340159931136
1,-0.056194854945276734
1,1.0
2,0.0038208898707391757
1,1.0
1,1.0
4,1.9640258206119026
1,1.0
1,1.9743529915288622
1,0.016372057975176543
0,-0.23655654056241304
0,-0.036883817941474814
0,0.007126171616321151
1,-0.013995353253678225
1,1.0
0,1.9181125078624506
1,1.0
1,0.46766822200451463
1,1.0
1,1.0
1,1.0
0,0.5319478949625626
-2,-0.021556543449340656
3,1.9274255169922614
-1,-0.0048409073335294525
-2,0.01651964980448285
1,1.0
-2,0.00261941270851908
0,-0.002575515920724142
0,0.019208137373792046
2,1.9974726796270375
-2,0.03475555371349113
0,-0.0048409073335294525
-2,0.024197988261430138
-2,0.007251080347788255
1,0.5570642404877427
1,-0.09259565215330942
1,0.003784257412568829
0,-0.057560491726505535
0,-0.033308457132958054
-2,0.0022695324566115384
4,2.054208229971145
1,1.0
2,-0.0910419169516385
3,1.9169228912826117
2,1.9074181832388422
1,2.182847081352952
-2,-0.026531816863738632
4,2.35082568000403
1,0.39693031342667345
0,0.4892340785006435
1,-0.02372104513175065
1,1.0
0,0.4797588258862331
0,0.0022695324566115384
0,0.43751155974882733
-2,0.0125753179719218
2,2.0440011249717154
0,0.46003482496013776
-2,-0.0044351438888664205
2,-0.13844621891620615
0,-0.08212778413472409
1,1.92682055518171
1,1.0
-1,0.0317072610112426
1,0.007126171616321151
2,1.980377609672795
-1,0.017487298920905246
1,1.0
-2,0.005875710511017991
-2,0.06078909575009241
1,0.05517975869015746
1,0.5230040331067247
-2,-0.058110638178276976
0,0.019296324315372572
3,1.9455583958047753
2,0.0837321401045382
-2,-0.0015795289941101314
1,1.0
3,2.0219784022441
2,1.936934879867548
-1,-0.03160502376570316
0,1.955349074123906
2,0.00615064500801781
0,-0.03571913441815357
1,0.03092351948771953
0,0.007156095212943391
4,2.053172182284969
2,1.905867470728289
0,0.019208137373792046
-2,0.004898903504003735
1,1.8860806722174683
0,0.0068020063752772695
-2,0.447472989957668
1,0.4840527954465256
1,0.4737072136105471
0,1.6585231094830954
1,0.008502874206302158
1,0.45685653401867116
1,-0.01784449516853669
-2,0.15663450098792447
-1,-0.00471814292379938
0,-0.007139195295641198
1,1.0
0,0.2556379083196579
1,0.056557844682926135
1,-0.034915416744391366
1,1.0
1,1.0
-2,-0.005078439712053028
1,1.0
2,-0.006585826032229226
0,1.8769526849673832
2,-0.016128430008649296
-1,0.036580843710103006
-2,-0.010138588395433747
1,1.0
1,0.0041884579096739824
-1,-0.052255714115644614
-1,-0.0031754411085496478
1,0.16308751875772629
-1,0.020734325335144
1,0.006890423347408572
1,0.1586845055798358
1,-0.03641632135794308
0,1.910835809539313
1,2.4012027692680817
1,0.45362694574099605
1,0.399783093104805
1,0.006942358113663318
4,2.0085337344158622
-2,0.026701752108281164
-2,-0.0023143492477900396
2,1.968940254245248
0,0.5178582788236257
0,-0.21155832419568146
2,-0.008111214787247552
0,-0.009036047656946626
2,0.009706762175803432
1,-0.03696182487434768
1,-0.0928193617893272
-2,-0.017637141795917525
1,0.05614984518952678
2,1.9214086969821311
1,-0.0684206524401936
2,0.06862396420899072
0,0.013015356919735327
-1,0.14023568573532016
1,1.0
2,1.9555725856479722
-1,0.027036020134402827
1,1.0
1,1.0
1,0.5002075269239086
0,-0.018934610107037956
-1,-0.019712219618030727
2,-0.0417375175017625
0,0.22651689582522813
0,-0.01655775848336431
1,1.0
1,2.018055867997775
0,1.914519079003413
2,-0.013607049515743985
1,0.019709974468549368
-2,0.039759271228705026
2,-0.020066823055400317
1,0.5186014431485574
1,1.0
2,-0.09511323365132915
-2,0.023972230238934536
1,1.0
0,2.1472810111652123
1,1.0
-1,-0.03111032724410337
0,-0.017001413933008476
0,-0.02051918675579132
1,1.0
0,-0.02095915169591603
1,0.5162270613223133
-2,0.0028053059939205506
0,0.02403329968789764
0,0.0043858328222811495
-1,-0.04115201822883864
1,0.0524880750016199
-1,-0.001999846994382528
4,1.986588591657571
0,0.4785753999600906
-2,0.018388974329656537
0,0.43331009760259337
2,-0.008688819289845216
0,-0.003284896661018527
0,0.05991273220487727
3,1.9226258343915055
-2,-0.003651020686343291
-2,-0.020596380183466517
1,1.9970162143022676
1,0.4599043778245686
0,-0.023796511017207634
1,1.0
-1,0.0362201436374576
-1,-0.0036545801440507554
0,0.4302461329853637
-2,-0.013898655573404466
1,1.0
1,0.5366117107164643
2,1.94658445210834
4,2.0130741692529233
2,2.1467156427310825
2,-0.012136941411849598
2,0.009166988513338388
1,1.0
1,1.0
0,0.021931957459513395
1,0.523204484070741
1,-0.07360705560034819
-1,-0.005210420777828687
0,0.43422219360859626
-2,-0.025560311180913266
1,-0.01894567391082451
-1,-0.03174467570813897
1,0.03612011831053537
1,-0.028373150063614686
2,2.0951364935465793
2,1.9635023507313847
-1,-0.04771870450064959
-2,-0.015422097420656334
1,1.0
1,-0.02525269595106808
3,1.9916341819713799
-2,-0.018790748403212973
2,-0.016410157117746408
-2,-0.01268992378852675
2,-0.031873118820635565
1,1.0
0,-0.038045423120363714
1,1.9973997573232365
1,0.004497117933398857
-1,-0.01743100957035558
1,-0.0014779122891491097
3,1.9656808704472644
1,1.0
-1,-0.05197794036747402
-2,0.000280262643507916
2,-0.007751243642956695
2,0.04873167555152096
-2,-0.0076313907759917934
1,1.0
2,-0.01659841650413073
2,-0.0036274000967628293
1,1.0
0,0.03591756474649714
1,1.0
1,1.0
-2,-0.03073575169006516
0,1.9331747628095892
2,0.0017790805173349834
1,-0.024001215787337497
1,0.5344206669124135
0,0.003309226426811961
-1,0.18099768332466784
-2,-0.002426760533904831
-2,0.019208137373792046
-2,0.03051700415977048
3,1.9584161522583927
-1,0.005873390251638665
2,-0.014273781493489355
1,-0.05288973896971192
0,1.8922222623431295
1,1.0
0,0.022325625014917656
0,-0.017581480366500233
-2,-0.02532827635094764
1,0.4124807262165407
-1,0.0148682108900312
-1,0.0022695324566115384
-2,0.0038590535055777957
2,-0.020509847748799433
-2,-0.007535859760736562
3,1.9331747628095892
3,1.8995067298317077
0,-0.0423158416838949
2,-0.007658900958998582
1,0.12886294510647428
0,-0.06507720167387634
4,2.079025346235393
1,1.0
0,0.019333114251221903
1,1.0
-2,-0.027025179059229368
2,0.006204941652442136
3,1.9786249655026342
1,1.0
1,0.0357642605601322
0,0.4074519357976561
2,-0.019837613563863123
2,0.13952930065328034
1,1.0
1,2.072072100733424
1,1.0
0,1.9749127168145575
2,0.009630685120877159
3,2.0057540886836716
2,-0.05191726524319803
1,0.5456486954044822
1,-0.05585002827342855
2,1.9339053409107878
1,2.0437198688647813
3,2.0058055404885096
-1,-0.004406078993046727
0,-0.0029832032557617384
0,1.8344635297989447
1,-0.019807603495429787
-1,0.015275308462497871
-1,-0.010281234141735967
-1,0.029043566669180933
1,1.0
1,1.0
1,1.0
1,0.46850895560203903
-1,-0.0024291109977293067
2,1.9820280286465668
1,-0.0027937021886297315
-1,-0.03267953288537623
-1,-0.0035824123099847003
1,1.0
2,-0.005135353746471236
-1,0.02232768679562772
2,0.018206459509790003
1,2.0610666206180537
0,0.5000034897988321
0,1.9807668548206336
-2,-0.047773530270261724
1,0.5917036988666424
-1,-0.04552268398489986
2,-0.0067401396149691754
-1,0.007126171616321151
-1,0.00578215129385085
-1,0.01634501211664677
0,-0.014638767704459398
1,1.0
3,1.8588244530106253
1,1.0
-1,-0.027005313165017805
2,0.02232768679562772
4,1.999841407830034
1,2.05847598305009
2,1.9540161804138458
2,-0.02726231930684305
1,1.9474258432035902
-1,-0.02095915169591603
3,2.0268020970531166
0,1.9511014649062575
2,-0.020760692637579584
2,0.0041607512524426725
3,2.0241726209173034
-2,0.022429622646939998
1,1.0
2,1.9557748596493925
-2,0.00974232937462842
1,0.4871526924915863
1,1.0
1,1.9637004668900622
1,1.0
2,2.0210595060303493
0,-0.007632070191947888
1,0.01171467538294829
0,-0.02104750360749319
2,2.0119760312127273
0,2.0265600099625147
-2,-0.0027937021886297315
1,1.0
1,0.03233233899606045
-2,0.08893895810091386
1,0.450093902036542
1,1.0
-1,0.08847674031556124
2,1.992308404188844
1,-0.04614981034222525
2,0.03627396691483947
1,1.0
1,2.007884431887463
1,0.47518334500165443
2,0.01752617703895739
3,2.0812127875625435
1,1.0
-1,-0.03646602414811642
2,0.013536921755086823
-1,-0.01743100957035558
1,1.0
1,2.0265600099625147
1,0.5278582719613655
-2,0.10166248224577902
-2,-0.01349665519129246
3,2.065956811306053
-1,-0.0029832032557617384
-2,-0.0035321064221168637
0,-0.001177893720921398
0,0.15490040853998566
0,-0.026691705944003847
2,-0.01795017737036225
0,-0.008439474456378883
2,2.062997143313766
1,0.007487267293918226
1,1.0
-2,-0.00956263016956069
1,1.0
1,1.0
-2,-0.004602927262667433
0,0.012303425384217661
1,1.0
0,0.49321570459585584
-2,0.01394986178178318
0,-0.015459640426566446
2,-0.03973590965031128
1,-0.0639033709161385
2,0.03028628526887422
1,1.0
-1,0.02971282439246955
0,0.45194499826408113
-1,0.013341703966789076
1,0.5213832154905517
0,2.0653551005209376
2,-0.0251009567125654
-2,-0.0276617496156616
1,1.0
0,-0.020774832956145472
-1,0.0357642605601322
1,1.0
-2,0.018118545653572005
-1,-0.008152200331596802
2,-0.05058535001307281
0,0.05701195312174141
2,-0.045996553720844574
0,-0.0020421784818163862
1,0.02015582671873233
0,-0.00824326813520766
1,2.007884431887463
1,1.0
1,0.4892340785006435
0,0.02688002196510133
2,1.9481018997532598
-1,0.004820690619247831
-2,0.01849311941028551
0,-0.025277234756910124
1,-0.06914409932386527
1,2.00522280180327
-1,-0.007710276175914046
-1,0.011956334273681818
1,-0.05019626655758688
2,2.032733659876384
2,-0.019964519613520717
0,1.975798739566716
0,0.38841087517554923
-2,0.001662901944050385
2,1.9616998723517265
1,1.0
2,-0.057560491726505535
2,2.0684859940142895
1,1.0
-1,-0.005806610628349878
2,-0.06914409932386527
1,0.02765284771756462
3,1.949718754822047
0,0.01180375642688038
2,-0.020760692637579584
1,1.9249094991143862
2,0.0025414068958846767
-1,-0.016999234459157728
3,1.9663252259767297
1,1.988913276753288
1,-0.03193935813161952
1,-0.03073575169006516
1,1.0
-1,0.013536921755086823
1,1.0
0,0.014420305071644096
0,0.5646253716812754
1,-0.017581480366500233
-2,-0.039973223314685266
-2,-0.0048409073335294525
-1,-0.012206389024798434
0,2.070479206595654
2,-0.004124086523147993
1,0.5048904332259538
1,1.0
-2,-0.014656295508105177
0,0.5050957492599001
-1,0.0011526402408111452
1,1.0
1,1.0
0,0.4544098237886453
2,-0.030753444777559476
0,-0.02383797759189973
1,-0.00803393599733564
-1,0.09399127246532252
-1,-0.026923375769003628
-2,0.013728907017830996
0,-0.058493699801276514
1,2.024898595664639
3,2.0206670562229068
0,-0.005135353746471236
2,-0.003329292778855678
2,0.0140371573951618
-1,-0.013198678346857014
2,0.0038909478638072576
1,0.02575409518002763
-1,0.001955715922656507
-1,-0.005776325480372214
-1,-0.0014033850000197733
4,1.9686474126959146
0,-0.057560491726505535
2,2.4267115427152377
1,1.0
-2,0.0289274735405856
1,2.201602248018203
1,0.5220173359354937
2,-0.05475519037385813
1,1.0
2,-0.02650903340861602
2,0.09965908571304002
2,-0.05442513250590011
1,2.02474680121238
2,-0.06216137883399915
-2,0.005114800878050163
1,-0.012094663642206413
-2,-0.03316804963051305
4,2.1472810111652123
-1,-0.021923398606642497
-2,0.0362570485912622
0,1.9991495120423741
1,0.008883225895619297
0,-0.04526874911393888
2,-0.18277736005460452
1,1.0
0,0.001662901944050385
-2,0.02974671414465897
1,1.9131859541876954
0,0.00998816296930265
1,1.0
-1,0.026122964652551484
2,-0.006310740553089583
-1,-0.0024490344543913805
1,1.0
-2,0.0038590535055777957
1,1.0
2,0.0289274735405856
-2,0.055690422450340164
1,1.0
1,1.0
1,1.0
0,0.0289274735405856
-1,-0.05584910796316214
-2,-0.014273781493489355
1,-0.0017388082687536922
-1,-0.012444009500695854
1,1.0
1,0.4560550401956023
-1,0.06862396420899072
-2,0.03612011831053537
1,1.0
1,0.5401585967348262
4,1.9593614888010518
1,1.9299937004029883
4,2.0256221062384174
1,1.0
1,-0.0551902257799935
2,2.064387411373768
-1,-0.012589668492844763
-2,0.0034366557935962615
-2,-0.0260630393064673
3,1.977751996745209
2,0.0524880750016199
1,-0.0009387823102381658
1,-0.03362176130407122
1,1.0
4,1.9597118441076882
-1,-0.001484570782736851
-1,0.011434535470566196
1,1.0
-2,0.06078909575009241
0,-0.04724473214143663
1,-0.02372003660400135
2,0.012510567283780251
2,-0.0497043929021297
1,0.505844060936823
3,1.9071409755183304
-1,0.029256691906444813
2,-0.0036545801440507554
4,1.9992923877186835
1,0.007219462872973532
-2,0.08420968088317102
-2,0.021319018287605816
4,1.9249533728463684
1,1.0
0,-0.0024291109977293067
0,2.1189356015554353
1,-0.06979026189549356
0,-0.033123328701603255
1,0.5102921341299466
-1,-0.23368576747348666
1,1.0
1,0.11206286161346465
3,1.9174949025420138
3,1.9551418973187131
1,1.0
3,1.9318245711770075
1,0.0011526402408111452
0,-0.02488839986541915
-1,-0.0072528990268326465
1,1.0
0,0.5363671010215159
-2,-0.01386313519086686
4,2.102620652177166
-1,-0.06322900559317077
0,-0.02631236644440785
-1,0.010400413732017423
2,0.005130896602137912
2,2.188339822021887
0,-0.03498913819349523
1,-0.07460683849516564
1,1.0
-1,0.058659347122892835
1,0.003965767578869463
3,1.8690199472487203
0,0.5861427247467903
1,0.017725365271887745
-1,0.009327013621887793
0,0.45903152578935513
3,1.848588488613641
-2,0.029713353667027254
-1,0.018670790408401264
2,0.018206459509790003
1,1.0
1,1.0
1,-0.0031754411085496478
-2,0.0011526402408111452
1,1.0
1,1.0
1,1.0
0,-0.006401638939690879
1,1.0
-1,-0.0046686968054183466
1,1.9396989162725007
0,0.004728283268795881
1,1.0
1,1.0
1,1.9703560988871807
0,1.9464100698631264
1,1.0
2,0.08651245223493545
1,1.0
2,1.947585856565433
1,1.0
-1,-0.014254749044545148
-1,0.004501012679281772
0,0.01006918563640693
1,1.0
1,1.0
0,0.021163857096536124
1,1.0
2,-0.02777497321573855
1,0.06939638134371318
1,1.0
-1,-0.03271438283995666
1,0.0289274735405856
1,1.0
-2,-0.022935603163038273
1,0.7551853395730213
0,0.015877014708130615
-1,0.0024045365657589393
1,0.01006918563640693
0,0.5188892938809243
1,1.0
2,2.1708490837109493
2,-0.05019626655758688
-2,-0.015459640426566446
3,1.874710083445729
0,0.37314238973581176
2,-0.07823948113205138
1,1.0
2,1.9619944580161848
3,1.7919562622111733
1,1.0
2,0.0038590535055777957
1,2.0408731746564395
1,2.015339130675249
1,-0.01810785683676748
0,0.0012501148881276006
-1,0.015370357237400807
0,0.46936824435747954
1,1.0
0,0.045270444510087764
1,1.0
1,1.0
-2,-0.0276617496156616
2,1.9997694491473752
2,-0.009018653090799272
1,0.03626972900574121
0,0.04873741822630937
0,-0.032263842992253905
2,-0.032693844163840885
-1,0.03520197371922305
4,2.0643406373331263
1,1.0
1,1.0
-2,-0.0777591923332507
2,-0.03179262729632508
2,0.02483607880128572
1,0.01180375642688038
-1,0.010932892005362294
2,0.05981954790160427
1,0.031920130598108984
1,-0.0049212976900669244
1,1.0
1,1.0
0,0.019602856366875133
0,0.08767268376326824
3,1.9340420370388747
2,-0.029389772044549792
0,1.943309097947088
0,-0.02253177641218989
1,-0.034551364034456876
1,-0.01697596629723246
0,1.9656808704472644
-2,0.04551437771577944
2,0.02403329968789764
-1,0.038814297078945306
0,-0.017408333284400196
2,-0.029797247016661182
1,1.0
-1,0.0004085560361317139
-1,0.030364502206154307
1,0.48585321159907024
-1,0.08902829534456796
4,2.0107325000289027
2,-0.009648009772256116
1,1.0
-1,0.0037722599640232844
1,0.0253619804290171
1,0.5460887667071213
0,0.43047574341523076
1,0.028100012142231852
-1,-0.04821043487095731
-1,-0.005806610628349878
4,2.046093912637875
2,0.03455778628186085
1,0.5362892668837556
1,-0.023796511017207634
3,2.0126216690464314
1,1.0
1,0.4470457402643138
3,1.9915013295897201
0,-0.09511323365132915
-1,-0.044038886210714924
-1,-0.04384823152876591
-2,-0.021705691369267397
1,1.0
0,0.5098690681420365
3,1.806662317476401
1,1.0
-1,0.03761832153505988
1,1.0
3,2.0437198688647813
1,1.0
1,1.0
2,1.9487186909588265
2,0.013951243398534851
1,1.0
-2,-0.08053783162446311
1,0.48153799839253936
1,1.0
2,1.9340420370388747
1,1.7900249061245033
1,-0.006986850974063982
2,-0.033071217980741384
4,2.0943765100138476
4,1.9436149628085218
1,1.0
2,0.0004085560361317139
-2,0.017487298920905246
2,0.05431337775126774
-2,0.08343651868503542
4,1.9365878011779503
2,-0.005508621020536452
1,0.47405177672907955
0,0.0615029336185998
-1,-0.014273781493489355
1,-0.02650903340861602
-2,-0.025217560677235355
-1,0.019709974468549368
-2,-0.02480167824669537
2,1.9834509778147618
-2,0.009630685120877159
1,1.0
0,-0.004430739596422222
0,0.1400079171575048
1,-0.01952170929724642
-2,-0.030126034831698484
2,1.962831870347421
-2,0.0014134663330675964
1,-0.005438752356636359
0,-0.027105765545534767
1,0.0524880750016199
-1,-0.0030459130599469054
1,1.0
4,1.9331747628095892
1,1.0
1,0.032511011380241026
-2,0.0038208898707391757
0,0.0037189449886660276
1,0.004854682278973705
3,1.8769213213463498
1,1.0
-2,0.013341703966789076
0,-0.04724473214143663
2,0.018942114731443208
1,-0.1259392625276825
-1,-0.05762890917866624
3,1.9317036808068755
-1,0.045569314291181565
1,0.016716806875960392
1,1.0
3,2.0619618696824222
2,0.010323944714579949
2,-0.020143677349265393
0,2.007922340178804
0,-0.03235635241380048
1,1.0
-2,0.03327888574632073
1,0.013404032633355935
-1,0.03289297706513207
0,-0.02494392805072774
-1,0.009153888736802597
2,1.8869036973920492
1,1.0
1,1.0
1,1.0
1,-0.06101344497548155
1,1.0
2,0.18737587153197527
2,-0.05212129146360204
-2,-0.045034708272837704
1,-0.0504661695636632
-2,-0.10274619789536338
-2,0.0028053059939205506
-2,0.08111013223172606
1,1.0
-2,0.015370357237400807
1,1.0
0,-0.01681266618582352
1,-0.0034027593510020824
-2,0.017687777432870387
0,0.0289274735405856
1,1.0
-1,0.005284751940043231
1,1.0
1,1.0
-2,0.013062582720189887
-2,-0.014193260084194505
0,0.017737988068622222
0,-0.032222499168646966
4,1.971978117990997
3,1.9453421413835854
1,1.9284453972728992
1,1.0
1,1.0
0,2.0422102143307814
1,-0.008498930612090767
1,1.0
-2,-0.03084636906034698
2,0.016426475422581892
1,1.0
0,2.0225851264233494
-1,-0.039184340159931136
0,-0.010861835861077675
1,0.482120737771623
0,0.19111886173514608
-2,-0.0187070981017648
-2,-0.01215891330828427
0,-0.0246724290014695
-2,-0.021022251908217476
0,0.029036578406394953
1,-0.11237355755587972
2,-0.02862803921921124
0,2.0395808531978816
0,0.48934193093185707
4,2.0126216690464314
2,-0.05252805702850751
1,0.017687863211120373
2,0.009153888736802597
1,1.0
1,-0.02253177641218989
1,1.0
-2,-0.006724223169133297
-1,0.01752617703895739
3,1.9147791244718328
1,1.0
0,0.01947885514374408
4,2.0085043030879492
4,1.9248071858574753
2,1.9139443013229576
4,1.9348184056931077
1,-0.02287809893679146
-2,0.03520197371922305
2,-0.032222499168646966
3,2.24689080774363
2,0.028606795427158008
4,1.9236042494804797
1,1.0
2,0.0025665528114525425
0,0.02059569014419611
0,0.5138153950879512
2,1.9749714994171672
1,1.0
1,0.4998566732653213
-2,0.005229199118006764
1,0.4884868170829296
-2,-0.008843552432121742
1,0.15409547442583482
0,0.010753100309540879
1,0.42235967553803244
0,0.03717988330224339
2,1.9688963578503473
2,0.087311904749409
-2,-0.052649956621026554
0,-0.04711348545910319
2,-0.012206389024798434
-1,-0.1311062179762852
2,2.0061406109418733
2,0.0051614949569185106
1,0.010009508398804512
1,1.0
1,0.04971102365551871
1,1.0
-2,0.021931957459513395
-1,0.0017790805173349834
2,1.9537703628024707
-2,-0.012004231635563318
-1,-0.05479501278289863
2,-0.002575515920724142
1,1.0
-1,-0.0591800598426651
2,-0.016513929045919667
1,1.0
1,0.010643041788098839
1,-0.03377165979076525
1,1.0
1,-0.02777497321573855
1,1.0
2,1.9586480243716828
1,0.0013495985169378235
1,1.0
1,-0.008439474456378883
1,1.0
0,-0.011343640001197858
-2,-0.024467111028670895
-2,0.03459868465900206
-1,0.036183756231127476
1,1.0
-2,-0.0029832032557617384
-2,0.009327013621887793
2,1.949682520316335
0,0.5508040888068589
-2,-0.04711348545910319
1,0.40954440645391843
0,0.04709912405694622
0,0.02126583080040802
-1,-0.012136941411849598
-1,0.0038650814732446638
-1,-0.0666680530386343
1,-0.017001413933008476
0,-0.033123328701603255
1,1.0
2,-0.0777591923332507
0,1.9511014649062575
-2,-0.01074684178914153
0,-0.02330192802045474
-1,-0.01711422056076077
1,1.0
4,1.8548764116271215
0,0.02015582671873233
0,-0.0690880798521516
-2,0.010323944714579949
2,-0.1287473778425773
-1,-0.11591648563561739
2,0.022325625014917656
1,-0.025493409885991872
-2,-0.034551364034456876
1,1.0
-1,0.07587387160937531
-2,-0.004025417170949237
3,2.0523031323613314
0,0.4966785736518861
1,0.5100626646399341
1,1.0
1,-0.03586222054982616
0,0.43523385514288937
1,0.1317361638928217
2,-0.01910482518586454
0,-0.004869545796451342
-1,0.022018824446455004
2,-0.03480284479372131
1,1.0
1,0.4140530864973799
-1,-0.034551364034456876
-2,-0.024046222886004682
0,2.1225239528914996
-2,-0.03462839466582565
-1,0.05103962873435131
1,1.0
1,1.0
-2,-0.020143677349265393
1,1.0
-2,0.018280096550814744
-1,0.002730671447946033
2,-0.018964570201298207
2,-0.042230169845382616
0,-0.016410157117746408
2,0.0005977078397812036
1,1.977424742990844
0,-0.049994217109440055
2,2.0764731317209915
0,-0.01268992378852675
0,0.5516366112187602
2,-0.012820583707840047
0,-0.016045309974225517
-1,0.003050411213763264
2,1.7328848191650608
2,0.013728907017830996
1,1.0
2,-0.04046104453474876
2,0.11517234007568197
2,2.1791025782795383
2,-0.015901481485326528
-1,-0.02302836822926296
2,0.12939175722280022
1,-0.01782359581105044
0,-0.023302920510497233
1,1.0
1,0.011307521769651652
-2,-0.006790194698363442
4,1.9807921075309283
-2,0.1310622232145829
1,1.9336063965701968
-2,-0.0800282480398265
1,0.0275448693770951
1,1.0
2,0.008165344044651503
3,2.0168835254365556
1,-0.009556012314237477
0,-0.04164768442052739
-2,-0.050421879975609325
0,-0.004162528875529827
0,0.44192639066038814
1,-0.003510253297678276
2,-0.023929478735040807
-2,0.018459766097333328
2,-0.013937184288562889
2,-0.006302488074174365
-2,-0.019837613563863123
1,-0.012205830518850744
0,0.03368816434178682
3,1.9596544876299158
1,1.0
-1,0.0054954782139082625
0,1.9504604049863172
3,1.9628508276347696
-2,-0.005858490844282246
1,1.0
1,2.0212149774984445
0,2.1379651134608224
0,0.023344430206166947
4,1.9955478233478205
2,-0.07959806229778382
-1,-0.04598759669601807
1,0.4259732813612318
-2,-0.02480167824669537
4,2.015717148343171
0,0.024635730928282397
1,1.0
0,0.018834208114401813
1,1.896722605460515
1,-0.02920277744606069
0,2.0085337344158622
0,0.47369816519706254
0,1.9013410809907216
3,2.000413446967933
-2,-0.0048409073335294525
-2,-0.08520835374180619
0,9.62699206121011e-05
2,-0.09603054229693778
2,-0.04211975131503151
-2,-0.050038108399606776
4,2.042575876387603
1,1.0
1,1.0
-2,0.005284751940043231
4,1.9883588795926748
0,0.5300781014281132
4,1.949533043916452
1,-0.035603315430542876
1,-0.008726207546362072
2,-0.024707342665631155
1,-0.0026695866016778246
1,1.0
2,0.011434535470566196
-1,-0.006986850974063982
1,1.0
0,0.05625815094969115
2,0.027388652936575046
-2,-0.011995275087392947
1,0.48562628479559905
1,-0.022935603163038273
1,1.0
3,1.9501849708633399
1,2.194127601836445
0,-0.03952171129688795
1,2.0057540886836716
2,-0.006841858720144724
1,1.0
-1,-0.04139901762708357
2,-0.09609732162057545
0,0.023541439260505812
2,-0.1168727455402239
3,1.9906891173926902
0,-0.02313316451463104
-1,-0.07071698943297924
4,1.9076854788725697
1,1.0
2,2.0812127875625435
-2,-0.014785175508288199
0,-0.07485442489406781
2,2.0073998734483927
1,0.507554818262134
-2,-0.01910482518586454
0,1.9714449693870213
1,0.4983664145814689
1,1.0
1,1.9721137690917585
-2,0.028807448813989164
-1,0.0022695324566115384
1,1.0
2,-0.022188438392951357
1,1.0
0,0.0071429705240301546
0,-0.025948353072132918
-2,-0.11383414706723556
-2,-0.008366559747196502
1,1.0
2,-0.019453586440528435
2,0.025443688543761972
2,-0.034551364034456876
1,1.0
0,0.18030897905466567
0,-0.057560491726505535
-2,0.00974232937462842
-1,-0.004430739596422222
2,1.997820770397632
1,1.0
2,-0.10149433996312657
4,1.9883588795926748
2,1.917129082710942
-1,0.026833983418131164
2,-0.005438752356636359
0,0.5709810700789749
1,1.0
1,1.0
1,1.0
2,0.03438595359593211
3,1.8825084815265378
1,0.004352201449063525
0,-0.011512747503237268
1,0.007487267293918226
2,-0.0007056180573955636
2,-0.0664446529239192
1,1.0
1,2.0194868940118913
1,1.0
0,2.0212149774984445
2,1.9265389380800804
-1,-0.019614559202481417
-1,0.14055526700226376
1,1.0
1,0.019208137373792046
-1,-0.10921880916750228
-1,-0.0048409073335294525
-2,-0.05475519037385813
4,1.9936004392443258
2,1.9817443010380558
1,1.0
0,0.00898265504394392
-1,0.03125315775650251
1,2.1463852581672764
-2,0.07196388008032853
1,0.03576512740458793
0,0.02949764980850903
1,1.0
1,0.4742907509353585
1,-0.010215919373179982
-1,-0.0159213859411533
0,-0.021131957386070255
1,1.0
1,0.43671763050252
-1,-0.010920671400798408
-2,-0.02158712812737329
-1,-0.04065547650159796
2,0.0054900391863058565
-2,-0.006293344214284754
-2,0.05998821114662354
2,0.01849311941028551
1,-0.07823948113205138
3,1.9583878999143454
1,1.0
-1,-0.03419140164147611
2,-0.030808723665779632
1,-0.01810785683676748
1,1.0
-2,-0.03232952402510007
0,-0.022386989372264417
1,0.08641035975349105
-2,0.004769540947050589
0,0.018297438218368437
2,-0.015983551892155886
1,-0.030814910764237063
2,2.0685300357370067
-1,-0.0010138238202889907
0,0.006285666565641982
1,1.0
2,0.019636489110514046
3,1.8604874789968002
1,-0.06553106529901785
0,-0.01810785683676748
1,1.0
-2,-0.020760692637579584
2,1.9620187676557919
0,-0.04996711721891396
0,0.05272777607055166
-2,-0.008498930612090767
0,1.9922741002444253
-1,-0.0423158416838949
-2,0.055690422450340164
0,2.029479082927169
-1,-0.06771994250098898
1,-0.0048409073335294525
1,0.009153888736802597
0,0.01148450808673597
0,2.0937280612063676
2,0.03455778628186085
3,1.9300687486094683
1,1.0
0,-0.012171412217025019
1,-0.01952170929724642
-2,-0.03032875082722958
-1,-0.024618838605772554
1,0.44284340900971964
1,-0.009949778550002451
1,0.07468512404904488
2,0.3179081012232403
1,1.0
0,2.0246255948093603
2,-0.19677167746865049
1,-0.0048409073335294525
1,-0.03699947023281027
2,1.915146661295854
-2,-0.0005215952961590345
2,-0.04079348056944601
2,-0.02631236644440785
0,-0.010086561233008114
2,0.030363724444119562
1,1.0
1,-0.022716430774678272
4,1.9870432024066362
1,-0.015587073565220093
1,-0.02726231930684305
3,1.9582065289122417
-1,0.0013495985169378235
1,1.0
3,2.004426323203616
1,1.0
-1,-0.020760692637579584
2,1.9616998723517265
2,0.0004085560361317139
2,-0.0020755692425638763
4,2.1201821084126924
-1,0.027325102201065436
0,0.4909113557326778
0,2.0557640527893577
1,-0.03667358242237266
-1,0.04873167555152096
-1,0.02774123560714927
1,-0.002575515920724142
2,2.01103907539524
2,-0.09067710722147879
1,1.0
4,2.031567935252517
0,0.4888241140208799
-2,-0.12764576586809093
2,0.07414080853006802
-1,-0.02488839986541915
-1,0.06918275728080192
0,0.013804138650418064
4,1.9444437292805359
1,-0.005377089533122863
-2,0.012400849674789874
1,1.0
1,1.0
1,1.0
0,-0.009621989448763378
1,0.014854197750244885
3,1.8006843402354555
0,0.010830482686007607
-1,-0.03235635241380048
0,0.034036626069125914
-1,0.005317782748993903
-2,0.007898019486597558
0,-0.014009142390621407
1,-0.020596380183466517
-2,0.04490856203932983
2,1.9959057210954105
2,0.0008993794049061332
1,-0.02041435327792553
2,0.005284751940043231
1,1.0
4,1.9975411040819189
1,1.0
0,0.5075727349197208
1,1.0
3,1.9458657469828247
-1,-0.012676431717839743
-2,-0.002294432597680496
1,1.0
0,0.005603600593869243
4,2.1210439597393265
0,-0.013008606739808809
0,2.0408731746564395
1,-0.09431911083773527
3,2.231545269943213
1,-0.0007056180573955636
3,2.150765157067612
2,-0.03696182487434768
0,0.4872898785054655
1,0.45653937610053164
0,2.0019679064543867
3,1.9862668199430962
1,1.0
1,0.4357035430707989
1,-0.03377165979076525
1,1.0
0,0.012884473543785836
1,1.0
2,-0.0337549315952583
1,1.0
1,1.0
-2,-0.06101344497548155
0,0.008273920101006953
2,-0.057560491726505535
1,0.018891039614380937
4,1.8099209930391549
3,1.8853040341660483
0,-0.004406078993046727
1,0.5224284152579277
1,1.0
0,-0.054528749950957994
0,0.06885001247877981
1,1.0
-1,0.0014009212748431052
-1,0.024404485840064705
0,0.014022934447583407
0,0.004165640318717461
1,2.049435494765577
-2,-0.001177893720921398
1,1.0
2,0.0028387077610845025
0,-0.010516437763087692
0,0.009128359038156026
1,1.9896466042160244
-2,-0.04150802409047328
2,-0.02976296787397564
1,2.1111865881956065
1,1.0
-2,0.0037262491774852093
1,1.0
1,1.9288281719987221
-1,-0.022532011417674965
1,0.46873362948058833
1,1.0
1,1.0
-2,0.008728181356278458
-1,-0.009314781101609118
3,1.9493664427018433
2,-0.1259392625276825
-2,-0.006414579125856365
1,1.0
-2,-0.027025179059229368
-1,0.0014346878518939103
1,1.0
-1,0.0022054821884566955
0,0.017487298920905246
0,-0.001177893720921398
2,-0.09819159652395673
0,-0.004406078993046727
0,0.4520671519062837
1,2.0983160239595646
0,0.4785753999600906
3,2.140149503995249
1,1.0
1,0.008885897229460366
0,0.02660387317090153
3,2.0085210691808637
-1,0.009547127257507363
0,0.01634501211664677
1,0.469439405971389
0,1.9249533728463684
2,-0.06718433159634211
1,1.0
2,-0.005806610628349878
1,1.0
-2,0.14023568573532016
0,0.06571226966625199
1,-0.04050865423056377
1,0.4580394682044868
0,2.0283798292801434
1,1.0
0,-0.052649956621026554
2,0.005874994553149258
0,-0.019837613563863123
1,1.0
1,1.0
1,1.9294039515160881
2,-0.032693844163840885
-1,-0.022054412923180458
0,0.4855556469232265
2,0.0140371573951618
0,1.9593614888010518
1,1.0
0,-0.06691389027227126
1,-0.0076313907759917934
0,-0.027606815892178664
1,1.0
2,1.9569829235338443
1,1.0
-2,-0.001663632529375368
1,-0.013198678346857014
1,0.004728283268795881
2,-0.03648469301745645
0,0.0213381524124326
-1,-0.03696182487434768
0,0.4836394369822654
-1,-0.001177893720921398
0,-0.05113097172685181
-2,-0.03468468688595327
1,-0.026644032064806606
-2,0.1534409405468155
1,-0.022188438392951357
-1,-0.0026695866016778246
1,0.022961782102602045
1,1.0
0,0.0042593697064682665
1,1.0
-1,-0.02488839986541915
2,0.06428215474774504
0,2.109233753652308
1,0.007126171616321151
-1,-0.04787636808641119
1,-0.05603305696703882
1,1.0
2,0.0011526402408111452
0,-0.0040217840579525425
1,1.0
2,-0.045256782294256406
1,1.0
0,-0.020539282087093155
1,1.0
2,0.030363724444119562
1,1.0
1,1.0
0,2.078784336901727
2,-0.005858490844282246
-2,0.045569314291181565
0,-0.028895667442589326
2,0.010208432286256635
1,1.0
2,1.8828593759677792
1,1.0
0,-0.02126358836461222
1,1.0
2,1.9852482176001167
4,2.097648378079079
-1,0.011454265805796676
1,1.0
-1,0.006942358113663318
0,-0.013685083584832456
1,0.5665377613271029
1,1.9701571013217776
2,-0.005377089533122863
-1,0.011489840128894589
1,0.028553112084152402
2,-0.057560491726505535
3,1.930617255618242
1,1.0
0,2.0764731317209915
0,0.5122621144122079
-2,-0.0299232123765241
1,2.0073998734483927
2,-0.049679819014231644
1,-0.010138588395433747
2,-0.005036572855993679
1,1.0
-1,-0.0081470344051325
0,-0.0034027593510020824
2,-0.10069587421531334
1,1.0
-1,0.03368816434178682
1,1.0
-2,-0.06268867986698788
3,1.9818873144049427
-2,-0.031078057153382785
1,-0.012206389024798434
1,0.009153888736802597
1,1.0
-1,0.010064833017550399
3,1.913854485633283
4,2.011704305397812
1,1.0
1,1.9957737989876552
2,-0.03229373584642374
-1,0.0014802650279894993
-2,-0.05231976028427269
1,-0.03377165979076525
-1,-0.022935603163038273
-2,0.018834208114401813
-1,-0.057560491726505535
-1,-0.016999234459157728
1,0.428575022409119
2,1.9531785554386087
1,0.016975884052490363
1,0.03611639432411256
1,2.054208229971145
1,-0.03316804963051305
0,-0.01191311102649187
-2,0.2042276722898903
2,1.966604229190188
2,-0.003329292778855678
1,0.05161295331843003
1,1.0
2,0.0311026515931615
4,2.3117992474863316
1,1.0
-2,-0.0060262828885065825
2,-0.03017308472437543
1,-0.014273781493489355
1,1.0
0,-0.02000563113322153
2,1.9594254739258372
-2,-0.0024291109977293067
-1,-0.01386313519086686
1,-0.022716430774678272
2,-0.03790578063568941
1,-0.007996948655422746
2,1.9928265179848454
0,-0.025560311180913266
-2,-0.020712693209141916
1,-0.03708649409341535
2,2.0081157969151007
1,1.0
0,-0.027863621037158403
0,-0.01810785683676748
1,-0.0034698179149716636
-1,-0.02932985584790643
-1,-0.0220188764951689
1,1.0
1,1.0
1,1.9928265179848454
0,0.04971102365551871
0,-0.01952170929724642
1,1.0
1,-0.10343817801839561
1,2.0006748818854496
-1,-0.01658845852708766
1,-0.02932985584790643
1,0.024404485840064705
2,-0.008616902864181451
1,1.0
1,-0.005190764171590915
1,-0.033160551821384866
0,0.04709912405694622
0,1.9565054701236793
1,1.0
1,0.4125326308344913
3,1.6135361180032277
-1,-0.02986835746211974
1,1.0
1,1.0
1,-0.022054412923180458
-2,-0.08578903368550296
-2,-0.003329292778855678
0,2.5077937831028616
-1,-0.08490752635396566
-1,-0.02699151207404197
2,2.007068340757612
0,-0.034915416744391366
-2,0.004897352567266171
1,0.008319632023547513
1,2.0490424540802064
1,0.02707843885989112
1,-0.002426760533904831
1,1.0
0,-0.01910482518586454
0,0.030363724444119562
2,1.9942955038197334
2,1.9864514337824277
4,2.006630258052634
1,2.0372009117694603
2,-0.009468072215395487
1,-0.01789689867145458
0,2.2193701979625438
0,-0.0020755692425638763
1,0.009153888736802597
-2,0.08301853313386942
-1,-0.022716430774678272
1,1.0
1,1.0
1,-0.03696182487434768
1,-0.03667358242237266
0,0.5118581646730118
1,1.0
4,1.9246705076751214
2,-0.012676431717839743
1,1.0
1,1.0
-1,-0.022716430774678272
0,1.905867470728289
0,1.850443179883316
1,0.48150208339087947
1,1.0
-1,0.0018409241781793464
-1,-0.03377165979076525
2,0.0008272756872416498
-2,-0.0034829551819863286
1,1.0
2,0.007898019486597558
1,1.9999241504203464
-2,0.011341069603272122
-2,-0.029508442771428545
4,2.055834350574841
1,1.0
0,2.2474595100309513
-1,-0.00047071625197908764
-2,-0.012927381560026287
2,0.01357474656922609
3,1.8860806722174683
0,-0.035852835506456265
1,-0.04724473214143663
0,-0.0034698179149716636
3,1.993699353763053
1,1.0
-1,-0.0093064789331992
-2,0.0038208898707391757
1,1.0
-1,0.05014750035886583
0,-0.034757673876296136
1,-0.030808723665779632
-1,0.012029991028551217
0,0.520400109717895
-2,-0.03017308472437543
1,1.0
2,2.0256221062384174
-2,-0.007411724171087045
1,0.007561374125588957
4,1.9686474126959146
0,-0.004443551729866207
2,0.0275448693770951
1,0.5473604820444337
-1,0.03407504633967055
1,-0.013141857371260559
-1,0.0357642605601322
1,2.1133058052277702
0,-0.0227120732600957
-1,-0.0276617496156616
-1,-0.022054412923180458
0,-0.014003771229430317
-2,0.0524880750016199
4,1.9551442113158095
-2,0.004889224735348968
-2,-0.046377318961593535
2,-0.07823948113205138
2,-0.0009387823102381658
0,0.020581280668737757
1,0.5280693716227113
2,-0.013450272779111351
0,0.4874970904091373
2,-0.005438752356636359
1,1.0
0,-0.0086354403816192
1,-0.030685145854207403
2,1.9810900283213715
0,0.019942351561681514
2,-0.009770224650469622
2,0.019942351561681514
4,2.2833768806082553
-2,-0.018019044753904957
1,1.0
1,0.027395981817563326
2,-0.004869545796451342
0,0.0012501148881276006
-1,-0.043042762840831125
0,0.012510567283780251
0,-0.008301763981843104
4,1.9896466042160244
1,0.47561275834532807
-1,-0.04724473214143663
0,0.5850952158409697
1,1.0
1,1.964928553375386
1,1.0
0,-0.0006205841198159984
0,0.01006918563640693
1,1.0
0,0.022477278896092624
1,1.9297561285845388
-2,-0.044038886210714924
0,-0.010047299216564592
0,-0.02330192802045474
-2,-0.040418077101203806
2,-0.030434176824914328
-2,-0.014070240855191868
-1,-0.033071217980741384
0,-0.15294579248200255
1,0.04873361193776375
-1,-0.0044351438888664205
0,1.958086565682251
4,1.948739021003355
-1,-0.06718433159634211
1,-0.006414579125856365
-2,-0.008469145391751027
2,1.9056626532842578
-1,-0.0020755692425638763
0,-0.07815626913861898
2,-0.014323201222481714
2,-0.003329292778855678
1,1.0
0,0.0011526402408111452
2,-0.0053840945715891535
-2,-0.007778463651596048
1,0.0422566662908615
0,0.4928528992361364
4,1.9246705076751214
2,-0.009086131652157815
-1,-0.19255106575187333
1,0.07861529717782527
1,-0.00887204854241235
1,1.0
1,0.44604903307176785
1,1.0
-2,-0.008688819289845216
1,0.013341703966789076
1,1.0
-1,0.11059551121507645
1,1.0
1,1.0
-2,0.18614759601994435
1,1.0
2,-0.044515978248483405
-2,-0.018939258512431417
1,1.0
1,1.0
1,0.4368138099831343
1,1.0
-1,0.017141660018733455
4,2.0265600099625147
-2,-0.07495139606688621
2,0.024197988261430138
2,-0.04585297890582118
1,2.144411563531318
-1,-0.024613162877516977
2,-0.018019044753904957
0,0.44426487843839496
1,-0.006401638939690879
2,-0.004124086523147993
2,-0.0006286160657992437
-2,0.07685910688321625
-2,-0.08271702404613893
-1,-0.039973223314685266
-1,-0.00589465144420735
-2,-0.01810785683676748
1,-0.01626514729380318
0,-0.027487831156217085
4,1.9742111293783244
1,1.0
0,2.0805904347424407
-1,-0.06243750738307458
1,0.46739611808925263
4,2.002851147306906
1,2.013371105811112
1,1.977751996745209
2,2.0163460048726156
1,2.0418739694486807
-1,0.021914816343812173
0,0.10502149150970588
1,2.018055867997775
0,0.01849311941028551
2,1.9798362822907212
0,1.8592304471058367
1,1.0
0,2.0122733803232635
-2,-0.006507297476653421
1,-0.010484157126683704
0,2.00026977715694
1,1.0
-1,0.0725164974949529
0,1.9921808546525996
1,1.0
2,-0.022543437667456777
0,-0.008498930612090767
4,1.962831870347421
-1,0.01714400628342625
1,-0.03823241118901757
1,0.016825104144524795
1,1.0
4,1.9444437292805359
-1,-0.015676108507348865
1,-0.0297134733495468
1,1.0
1,1.9414765140477919
-2,0.005284751940043231
1,-0.03271438283995666
0,-0.0093064789331992
0,-0.008616902864181451
-1,-0.02195493082992371
1,0.5036133904747002
0,-0.026374645349013733
2,1.8937495253584802
-2,0.024247103344133717
1,0.000280262643507916
1,1.0
2,-0.004430739596422222
1,0.43362666142741135
0,0.48390157375158466
1,-0.028718573325603174
-2,-0.034902365859327794
0,0.08420968088317102
-1,-0.010159166403916295
-1,0.0011971389356314295
1,0.029910664967745953
2,-0.02948804203568534
1,1.0
-1,-0.025284215689448608
1,1.0
-1,-0.03941245597247054
2,-0.017686014478789383
1,1.0
1,-0.11591648563561739
1,0.0051614949569185106
0,0.0010704343739523976
-2,0.002236094674775907
1,1.0
-2,-0.41151445541178056
1,-0.0034829551819863286
0,-0.012606438808557304
1,1.0
2,1.9955478233478205
-1,0.002236094674775907
1,1.0
1,2.007654650409828
1,-0.00993762144872817
-1,0.003421956846150498
4,2.018055867997775
0,-0.04007873982995673
-2,0.05991273220487727
2,-0.012676431717839743
1,2.0395808531978816
4,2.007785554443484
-1,-0.038029450307984276
2,-0.024467111028670895
2,0.0028053059939205506
0,-0.007240509603280273
3,1.960213755616945
0,-0.014392115540024612
2,-0.05113097172685181
-2,-0.04917301624024508
1,1.0
2,-0.00021374949986360965
0,2.085134023580689
1,1.0
0,-0.015376833542860688
2,-0.008843552432121742
1,1.0
1,1.0
-1,-0.06480812864217783
0,0.47126123590949937
4,1.9749714994171672
2,0.1696709166732846
1,0.011956334273681818
2,0.013062582720189887
1,1.0
2,0.03275006851877282
1,1.9668195751125217
1,1.0
1,2.0581543023982225
0,0.06641927281091928
-2,-0.030814910764237063
-2,-0.009621989448763378
4,2.050864455482247
1,1.0
-1,0.018206459509790003
3,2.111791040037959
1,0.030364502206154307
1,0.5111513937671844
0,0.01689109762426893
-2,-0.030527068148258004
-2,0.04014409610905696
1,0.03326291964869501
0,2.058581453462446
0,0.017487298920905246
1,-0.008498930612090767
-2,-0.03708649409341535
0,0.0357642605601322
1,-0.005438752356636359
-2,-0.04974185656040607
1,-0.0007124005613967758
1,1.0
3,1.9826574433994304
1,1.0
0,-0.07155084629903813
-1,0.006285666565641982
0,0.5969726564553267
-1,-0.06263612402097579
4,1.9883588795926748
-1,-0.039973223314685266
0,-0.003329292778855678
2,0.036183756231127476
-1,0.011297560188920051
1,-0.03976632032962283
2,0.03452673918695912
2,-0.0009194372634221831
0,0.07592685930649411
0,-0.0095280499596867
1,0.5415405859840199
4,2.025098977089195
0,-0.020387547579065326
0,1.9614354517810144
3,2.0018895109387596
1,-0.008469145391751027
2,1.9550984974128218
1,1.975420357741945
0,2.0013625161422532
4,1.999014598128778
1,1.0
0,0.006900341378776913
4,2.0005970414193572
2,-0.026487969723335777
1,1.0
4,2.050073843922884
0,-0.0048293491971386745
1,-0.09609732162057545
2,0.0005439310989375744
-1,0.02490072078001699
3,1.9663252259767297
2,-0.01162170389124115
2,-0.0009194372634221831
0,0.44543159314806113
1,-0.0020755692425638763
-2,-0.008371542450236224
0,0.029937787975354953
0,-0.09828236449991958
-1,0.016372057975176543
1,1.9248075691878055
1,1.9768223542834422
3,1.8548764116271215
0,1.9315118279085859
2,0.013404032633355935
1,0.5048957003393724
1,1.0
1,1.0
0,-0.013509681450486503
3,2.0265684267620325
1,1.0
0,1.9320154642783323
-1,-0.01451715394105918
1,1.0
0,-0.0026794731709637626
-2,-0.010963099920124985
-1,-0.02095915169591603
0,2.224463924762965
2,0.011956334273681818
-2,0.022174597901214295
4,2.0051643034367617
2,0.027028303958444338
-2,-0.007710276175914046
-1,0.010559820705179641
3,1.9265389380800804
-1,-0.052649956621026554
0,0.4622711477997945
-1,-0.0014779122891491097
1,1.0
0,-0.0015853284046661643
3,2.0132712457624673
1,1.0
-2,0.028100012142231852
-1,0.15519203739184945
0,2.0574711681190014
-1,0.0024616072487884735
2,0.07473643850650696
0,0.49694739955957706
1,0.0368047403551745
1,-0.05762890917866624
1,1.0
0,0.011956334273681818
-1,0.0054954782139082625
1,-0.010250719145417668
1,1.962831870347421
2,2.0124105430446777
1,1.0
2,0.06356843131089987
3,2.2045144313437244
-1,-0.02692557951163686
-1,0.0037896833897839745
-1,0.03452673918695912
0,0.01649986662048054
-2,0.16513004979689241
1,-0.027592693411147756
0,2.1470098146401155
1,1.0
-2,-0.02330192802045474
0,0.45351502847730574
3,1.9869751281658472
-1,0.03763335220888086
1,0.01324125504885982
-1,-0.05461398371405976
2,2.0437198688647813
-2,-0.03279929966558866
1,0.10166248224577902
1,0.5337098925286715
3,1.9620187676557919
3,1.9397708182838733
2,2.1571043559930643
1,-0.009556012314237477
1,1.0
-1,0.0043858328222811495
0,-0.009463171126247089
2,0.03021403629982749
1,-0.02295071028823433
1,0.006939430868145708
0,1.9970731149223104
0,0.49546844074046503
-1,-0.006986850974063982
2,1.955300459958116
-1,0.21040145375193828
1,-0.0010885527220404337
0,-0.06914409932386527
0,-0.00471814292379938
0,0.46218929839538503
2,0.025443688543761972
1,1.0
2,-0.015459640426566446
-2,0.007814905249928483
3,1.9286390946371512
1,1.0
-2,-0.059075828807789714
-1,-0.009036047656946626
1,1.9195637155025778
0,-0.019837613563863123
-2,-0.03226962304864724
2,1.9896466042160244
1,1.0
-2,0.059481568844382195
4,2.016866607737826
2,0.008492301110285058
2,-0.01480706905106261
1,-0.046377318961593535
1,1.0
4,2.136245749280165
1,1.0
1,1.0
0,-0.009463171126247089
-1,0.00276215356766269
1,-0.034915416744391366
0,-0.011293551608083043
-1,-0.015422097420656334
2,-0.02650903340861602
1,1.0
1,-0.016167853350693873
-2,-0.007664751555339454
3,1.9918932234061222
1,0.043537996903524216
-1,-0.016387015855143027
-1,-0.009556012314237477
2,-0.03718702089786699
1,1.0
-1,-0.0661021904275792
1,1.0
1,1.0
1,0.5819448820195015
-2,-0.03229373584642374
-2,-0.028373150063614686
0,-0.0011297560544320582
1,1.9399601629546526
-1,0.008475420165807044
1,1.0
-2,-0.008811518440057835
0,0.06885001247877981
1,0.0357642605601322
-1,-0.0022499901416534757
-2,0.11754130935020822
0,2.1023465202311766
-1,-0.027025179059229368
2,1.9591230481085038
1,1.0
2,0.02490072078001699
1,1.0
0,0.4636189272831955
0,-0.0663381915762758
-1,-0.041790778982443974
1,0.43334890774159035
4,2.0228763380234174
1,1.0
-1,0.10613687378385579
1,1.7071392301091803
3,1.8908651927783304
-1,-0.03887351598554427
1,-0.004088165536167148
2,1.949682520316335
2,-0.046377318961593535
0,-0.13365156437407838
2,-0.01162170389124115
2,2.022483353196488
-2,0.004165640318717461
-1,-0.0014033850000197733
-2,-0.005438752356636359
1,-0.0012650125616840758
-2,-0.033123328701603255
2,-0.016595330584077982
1,-0.011343640001197858
1,1.0
2,0.1470680287033314
1,1.0
-2,-0.014273781493489355
3,2.139671436589717
1,1.9807913545546345
-2,-0.0044351438888664205
4,2.035205893935634
-1,-0.011756646660461839
3,1.995399400020623
1,1.0
-2,-0.01831961120788464
1,-0.012002044792436035
1,0.35631644602702806
1,0.4500863938322486
1,0.569768257527028
-2,-0.017056369637391624
0,1.9354761301485208
0,0.01946478666568868
-2,0.007971604914132732
0,1.9527414625382848
1,-0.03741172226550514
4,1.9647080508196455
2,0.007126171616321151
1,1.9494455811800144
1,0.005645701166506426
0,0.47698033485964353
-2,-0.006988995949327833
2,-0.04421904771019098
1,-0.04480102605099173
0,1.9202969447485092
1,-0.033123328701603255
-2,-0.0330980914540423
0,0.5167301225461557
2,0.04020533124514945
1,1.0
1,1.0
1,0.018469859360280397
2,-0.005776325480372214
4,2.1970780920612505
1,0.018877560567192146
1,1.0
0,-0.01215767255619457
1,0.0028387077610845025
-1,-0.018019044753904957
-1,0.10335601684180111
1,2.1253082269849712
1,0.036183756231127476
1,1.9782220273808857
0,1.9294039515160881
-2,-0.03164796724329881
1,0.013973018166861823
1,1.0
-1,-0.007958128288298245
0,1.9621042845371877
-2,-0.020774832956145472
1,0.04754446651639032
2,2.0726736135039916
1,1.9456324594964662
0,-0.04660762985201628
1,0.03961527852134272
1,1.0
0,1.9829859866627368
1,1.0
-1,-0.022169047030785753
1,1.0
3,2.010140155584495
0,1.9333447375750754
2,0.02465870619109009
1,1.0
1,0.005497907219628373
3,1.9689670451560581
1,-0.08057993663959621
0,0.47326348820660674
1,1.0
0,0.4625103305281448
1,0.04913092600519167
-2,-0.01921307610145465
1,1.0
0,0.436563291825043
2,1.9458557578662172
4,1.9616998723517265
1,0.22931303520826718
0,0.04971102365551871
1,1.9688963578503473
0,0.02575409518002763
-2,-0.033926613598494096
1,1.0
2,0.06078909575009241
4,2.071428991539634
1,0.035289447747204446
-1,0.1750441062742827
1,1.0
1,1.0
1,-0.006414579125856365
1,-0.033123328701603255
1,1.0
1,1.0
1,1.0
0,-0.0417375175017625
-2,-0.010963099920124985
1,2.1835549796758382
0,0.36048527919110607
1,0.001662901944050385
-2,0.03235907374292319
2,0.0022633618796811398
1,0.4228380253137926
0,0.49546844074046503
1,1.0
2,0.015584282994411246
2,0.03326291964869501
-2,-0.014273781493489355
2,-0.05113097172685181
1,-0.07460683849516564
2,-0.020774832956145472
1,-0.007710276175914046
-1,0.013804138650418064
1,-0.02480167824669537
2,-0.020760692637579584
1,1.0
-2,-0.09941574353375479
0,1.9999241504203464
-1,0.06862396420899072
2,-0.034902365859327794
1,-0.0024291109977293067
4,2.0337172187457027
1,0.48846922735334836
0,0.5290520668531429
-2,0.08743219187344717
-1,0.027186315564463114
1,0.1470680287033314
-2,0.0042593697064682665
-1,-0.028076560288962184
1,0.511151521608655
1,1.0
2,2.0408731746564395
0,-0.052649956621026554
1,1.0
-2,0.03387623127194538
0,0.001879730667317186
1,0.5416649488871447
1,0.008180066905238294
0,0.1054760885489749
1,2.0944290490104094
0,1.9862627068885113
0,-0.0027937021886297315
-1,-0.05019626655758688
3,1.9311514844794462
0,-0.013008606739808809
3,2.1023465202311766
0,1.9818411727576914
0,0.5415405859840199
0,-0.008948733636069118
0,1.9415382481667434
1,1.0
-1,-0.03437971430791932
1,1.0
2,-0.005641886639611852
0,0.45997288960590027
-1,0.018670790408401264
3,2.228072154575406
1,0.013062582720189887
0,-0.008439474456378883
0,0.5895535424925202
2,0.030363724444119562
4,2.050935691104546
0,0.0054900391863058565
4,1.9991131741373953
1,1.0
1,2.0265600099625147
0,0.007539611946045276
0,1.8840075032636323
-2,0.04799182766551463
0,-0.008616902864181451
-1,0.004465901554199215
1,-0.05197794036747402
1,1.0
4,2.166193280233175
0,0.0019977222038350248
1,1.0
1,2.050073843922884
-1,-0.03756548729750326
0,0.011681882834059925
0,0.017151237254652153
1,1.9164732453192437
-1,0.0012501148881276006
1,0.042758157908856766
2,-0.007411724171087045
3,1.883329431624069
0,-0.003267509122781168
1,0.47522570162317557
-2,-0.02440807868138717
0,0.5203107793026697
0,-0.03119355470273568
1,1.0
1,-0.036536555033114426
-1,0.03368816434178682
2,-0.04711348545910319
0,-0.0081470344051325
1,1.9815478187358833
0,0.10793745641350545
2,0.06078909575009241
2,-0.014656295508105177
1,-0.016271007096466936
0,2.010673361476437
4,2.0058611374558795
-1,-0.012136941411849598
-1,0.0008681559861151432
1,-0.05051552308604948
2,0.02971282439246955
1,1.0
1,-0.04163191963221845
-2,0.005374091863869716
-2,0.01633443489012747
2,-0.0261070912104417
2,-0.039973223314685266
1,-0.01784449516853669
-1,0.00898265504394392
1,-0.011195711117358731
2,0.08893895810091386
1,1.9435981408234675
1,1.0
1,0.019942351561681514
-1,0.06078909575009241
0,-0.04747376745436147
0,1.9094070261293001
1,0.00578215129385085
1,1.0
1,-0.033676110607769136
1,0.03326291964869501
2,-0.002575515920724142
-2,-0.03255049386389296
1,1.0
-2,0.0011971389356314295
1,1.0
-1,-0.01997837239338664
0,0.024404485840064705
0,0.03858395961494517
2,2.0437198688647813
3,1.965544364784999
-1,0.014556355404231398
1,1.0
1,1.9676376372414206
1,-0.028585965320400385
2,0.009630685120877159
1,1.0
3,2.025428474013746
1,-0.040418077101203806
2,1.997820770397632
1,1.0
4,2.0118391562750513
1,1.0
1,1.0
0,1.9885896249961683
0,-0.008688819289845216
-2,-0.013685083584832456
1,1.0
1,-0.03229373584642374
-2,-0.013533955464250553
-2,0.006942358113663318
1,0.043497260250131446
0,0.0033452942483815904
1,-0.03271438283995666
3,2.0812127875625435
0,-0.006401638939690879
2,0.10285887985939413
-1,0.009153888736802597
1,2.0408731746564395
-1,0.016372057975176543
1,1.0
1,1.0
0,0.0006763557117422861
0,0.45653937610053164
-2,0.004728283268795881
2,0.005538399960781236
2,0.028097833453541058
-2,-0.024046222886004682
2,-0.022554118300437517
3,2.111964929241698
1,1.0
1,0.449106059920663
4,2.0372009117694603
2,-0.020774832956145472
1,-0.008405403129115963
1,-0.03169847261865202
-1,0.0014802650279894993
2,-0.04713531584826052
-1,-0.030675814466364075
0,-0.14007620671761287
0,1.9584161522583927
0,0.000411517229265857
-1,-0.011021758754942226
-2,-0.06487806984955193
1,0.5309736966839392
-2,-0.02742331269436147
1,1.8006843402354555
2,1.8346720974809572
-2,0.017052924494973417
2,0.015951033603524747
1,1.0
2,0.0076689243377570885
-1,-0.057560491726505535
3,1.983222375813773
3,1.9987889493402122
1,0.0019068806295300302
-2,0.009327013621887793
2,-0.034915416744391366
0,1.8558799294366266
1,1.0
1,1.0
0,0.0041884579096739824
-2,-0.00028212949129002206
1,-0.005508621020536452
2,-0.024161521999413287
-2,-0.044939735935944955
1,0.03475555371349113
2,0.0017790805173349834
1,1.0
0,-0.029584100907689804
1,2.003556937852863
1,1.0
2,1.8952777438093509
1,0.0054900391863058565
0,1.9397356066262217
-1,-0.01952170929724642
3,1.903185076052693
0,2.003814317338197
-1,-0.02051136660144534
1,0.00456663796589336
1,1.0
1,1.0
3,2.196118048134002
1,0.02688002196510133
2,1.8930467947710008
3,1.9800260316386713
0,-0.01926944341417554
0,2.015947872341315
2,1.9885836690761258
1,0.4480151854948794
-2,0.33826619440436523
1,1.0
1,1.0
-1,0.05609010692130848
-1,0.026661900845452682
1,-0.0423158416838949
0,0.002855715420000064
1,1.0
4,1.8860806722174683
-1,-0.011473635933428393
2,1.9999241504203464
1,-0.04373478734214744
4,2.2150799940633554
1,1.0
-1,-0.003284896661018527
-1,-0.07959806229778382
1,0.3844531610792755
1,1.0
2,-0.056026911716968525
1,0.3854055686414627
1,1.0
1,-0.0417848260414908
-2,-0.03468468688595327
1,1.9088743362061242
1,0.45150857091610724
0,0.4751589512889883
1,2.0380451177528736
3,2.0723655115612765
-2,0.028140718181294683
0,-0.09259565215330942
0,1.9531785554386087
1,1.0
1,1.9640258206119026
1,-0.021407612422379863
2,-0.03480284479372131
1,0.010203703921465223
1,1.0
1,1.0
0,-0.01697596629723246
-1,-0.006025151283855556
1,1.0
0,-0.024707342665631155
2,-0.18821969525158583
0,1.990409549002839
0,0.006204941652442136
1,-0.020134467981042486
-1,-0.10940144080903538
0,0.001695634901261788
-2,-0.00941146523052076
0,2.133045255273838
4,1.9369821463556658
-1,-0.031078057153382785
0,2.0042374940404857
1,-0.051698114816867896
0,-0.02051136660144534
-2,0.006900341378776913
-1,-0.012136941411849598
4,2.0641964104454376
0,1.9021353687928237
2,-0.006414579125856365
1,1.0
3,1.9653892222142344
2,-0.035852835506456265
1,1.7439356677965296
-1,-0.016316792243372034
1,1.0
0,-0.06144228266415596
-1,-0.07785107172333965
1,2.0679575121926073
-1,-0.024467111028670895
0,0.029036578406394953
1,0.46818198302207636
-1,-0.0710279989590856
-2,0.017151237254652153
1,1.0
1,1.0
1,1.0
1,-0.002337620078631823
-1,-0.04211975131503151
1,1.0
1,1.0
1,0.007126171616321151
1,0.008475420165807044
2,0.007251080347788255
2,-0.0014033850000197733
0,-0.007139195295641198
-1,-0.01215891330828427
1,-0.011995275087392947
2,1.8871831094202318
2,-0.012206389024798434
0,0.03289297706513207
1,1.0
0,-0.023796511017207634
-1,-0.04723846408633071
1,1.9427343281900937
-1,-0.050163418428091563
1,-0.1033854314093627
1,0.4526371061683426
1,-0.009753425643601014
1,-0.036491347266896394
1,0.01780306496116557
1,-0.008953659133484693
0,0.5506041267811367
1,1.9807913545546345
1,0.018637000499826827
0,1.9174048798871963
1,2.0256221062384174
2,0.03612011831053537
-1,-0.027606815892178664
-2,-0.0093064789331992
2,-0.013509681450486503
0,0.011668585814578684
1,1.0
-2,0.019942351561681514
-2,0.005875710511017991
1,1.0
2,2.043927304460276
1,1.0
-1,-0.033160551821384866
1,-0.004860331400860989
1,1.0
1,1.0
1,1.0
0,-0.020415669659865843
1,-0.02302836822926296
2,0.002236094674775907
-1,-0.0850316724462211
1,0.014148373414574422
3,2.172983611640168
0,1.9015798151916237
3,2.0582015831102574
1,1.0
-1,-0.018019044753904957
1,2.001401395666841
1,1.0
1,1.9392136871622017
3,2.0418739694486807
0,-0.01672695986349999
-2,-0.0034027593510020824
0,-0.05902147766000986
1,1.961936649657848
1,0.006715435875652991
1,1.0
1,2.074825199988603
-1,-0.006986850974063982
2,2.271723955426711
0,0.02660387317090153
0,0.045270444510087764
1,1.0
0,0.44222593625049833
2,2.000525376713746
0,0.46007847214870623
1,1.9792021246967033
1,0.3807806546798518
1,1.0
2,0.0041607512524426725
-2,-0.006086796009955896
2,2.0788384348340916
1,1.0
1,1.0
-1,0.05380703055485788
0,2.1319281614183314
1,2.055834350574841
-1,-0.016387015855143027
-1,0.0041884579096739824
1,1.0
0,-0.03084636906034698
2,2.050935691104546
1,0.43803151372190124
0,0.03138245466711069
-2,-0.02893701708292221
-1,0.0005977078397812036
0,0.00478106543037021
1,1.0
1,1.955300459958116
-2,-0.006130676676605397
-1,-0.02862803921921124
1,1.0
1,0.04027537353832296
2,1.9827313209198758
-2,-0.02041435327792553
0,0.0030418875590908197
0,-0.02195493082992371
4,1.9561888114176875
0,0.04920232449094818
2,-0.02195493082992371
-2,-0.0031724230938955946
4,2.2150799940633554
1,1.0
2,0.08015641740176913
2,1.9226258343915055
0,-0.003329292778855678
1,-0.07778803560024565
0,-0.04619855854302411
1,-0.03160502376570316
2,-0.02742331269436147
1,0.019942351561681514
1,1.0
1,1.0
1,0.1994586852551815
1,1.0
-2,-0.005650020144078377
-2,-0.007145758790657646
-2,0.06885001247877981
-1,0.033729239894509766
1,1.0
2,-0.008371542450236224
0,-0.09431911083773527
0,-0.028510098381497317
0,-0.032956663340533786
1,1.0
-1,-0.03267821416177384
1,1.0
-1,0.05625815094969115
-2,0.026457058685606372
-1,-0.01728196755475238
1,0.4524009351908858
-1,0.01593148495081756
-2,-0.010138588395433747
1,0.001662901944050385
1,0.08743219187344717
1,1.0
1,2.267304597352039
0,-0.05584910796316214
1,-0.013607049515743985
2,-0.0187070981017648
2,2.0019587049395597
-1,0.06280956305733149
1,0.10977972051096009
2,0.017487298920905246
1,1.0
-1,-0.04390361527417922
-1,-0.004605542375346453
1,1.0
0,0.4964766648507801
2,-0.016128430008649296
1,-0.03387615008878553
1,0.5096444827922714
0,0.47698033485964353
1,1.0
2,1.9317036808068755
1,1.0
-2,0.0317072610112426
-1,-0.038029450307984276
1,-0.05088144784848888
2,1.8961620734218803
-1,0.029036578406394953
1,-0.0026794731709637626
-1,0.07685910688321625
1,1.9106872707193037
1,1.0
-2,-0.04211975131503151
1,2.046093912637875
4,2.026821104690647
0,0.47799760069522873
-1,-0.04731701576857703
-2,-0.00656438736812756
-1,0.0010737938336243507
-2,-0.01118019879972549
-1,0.07641928323142877
-2,-0.006310740553089583
1,1.9585198837572437
1,-0.02302836822926296
-1,-0.012820583707840047
0,1.8548764116271215
1,0.006285666565641982
1,1.0
-1,-0.08053783162446311
0,0.0022054821884566955
1,1.0
1,1.0
3,1.9591230481085038
-2,0.036062425396629384
1,1.0
3,1.9158454574331645
1,0.05233595920052822
2,0.0041884579096739824
1,1.0
1,1.0
1,0.05049787625657109
-1,0.0025665528114525425
0,-0.027022121392803643
2,0.005632604699682764
1,2.0723912700549794
-1,0.038359918150396605
-1,0.02575409518002763
1,1.0
0,2.123965498837071
2,1.9401740403417131
0,0.0013495985169378235
1,-0.0251009567125654
0,0.009153888736802597
0,0.046991604603080946
4,1.9869278417211313
1,1.0
1,-0.009394353698709867
-1,-0.07815626913861898
0,0.49459826718347094
0,2.2383986974233534
-2,0.0745466795153801
1,1.0
-1,0.03270916112641596
-2,-0.004088165536167148
2,0.07510256507685056
1,0.4647860343337149
1,1.0
-1,0.0038208898707391757
4,2.03085087247412
0,2.0825106251825325
3,1.8634863357506908
-1,-0.0034027593510020824
1,1.0
4,1.8580728005326348
1,1.0
-1,-0.024462278194464792
-1,-0.0024291109977293067
1,0.021398421010839913
0,-0.0013066313495663459
-2,-0.046377318961593535
2,0.04854250486498474
1,1.955300459958116
3,1.7439356677965296
-2,-0.012730530265394146
1,0.0023680484270587527
1,1.0
-1,0.03420187867151153
3,1.941318023068023
1,1.0
0,0.5141774658043048
2,0.03591756474649714
1,0.08902829534456796
2,0.0037262491774852093
1,0.029256691906444813
-1,0.006285666565641982
-2,-0.03423389264821785
0,0.020671552020651313
0,0.5482662516617943
1,1.0
-1,-0.0423158416838949
-2,-0.03693235867194735
0,0.008239718170444199
1,1.0
1,1.0
1,0.41465023132058265
-2,0.06688604041361906
1,1.7531685908093968
1,1.892086923518211
1,0.002775384863289336
4,2.0024055798316134
-1,0.051478683253299656
0,0.006140843562462795
1,2.039524926155339
1,1.0
0,0.013804138650418064
-1,-0.02742331269436147
0,0.03154636718905163
-1,-0.0086354403816192
-2,0.01635582077424255
1,1.0
2,-0.016595330584077982
1,1.9656083677497855
1,1.942620180413279
-2,-0.03439814143848003
0,0.5167301225461557
0,-0.020387547579065326
0,0.036183756231127476
2,0.007487267293918226
3,2.010462072112205
0,-0.00041370948259053124
1,1.0
-2,-0.020760692637579584
1,1.0
3,1.9807668548206336
2,1.8734425451263346
1,1.0
0,-0.0940523204381241
0,0.004728283268795881
2,-0.03696182487434768
1,-0.018555336136686564
3,1.9501849708633399
3,1.898165492032315
1,-0.09294333097437489
2,0.008012957294116002
2,0.03939585779039004
0,0.486932199107871
1,0.4786118780688062
-1,-0.019880433301992226
-1,-0.03693235867194735
2,1.9788199654263485
-2,0.0017790805173349834
0,-0.04619855854302411
1,-0.05657003215042645
2,0.043100154840221803
1,2.0084373856184667
4,2.0168835254365556
0,0.4943887202322277
1,-0.03790578063568941
-1,-0.044427798743184595
1,1.0
1,1.9688963578503473
1,-0.08315330682688636
-2,0.051953977219432054
2,0.017553896302812014
1,-0.02041334187700409
2,-0.007958128288298245
-1,-0.0002228215195130248
2,1.9067089609710173
-2,0.011213756960725397
1,0.46161894323072694
0,1.8410878134784054
0,-0.0006205841198159984
-2,-0.015376833542860688
1,0.05275604616820737
-2,-0.07831742501104744
2,-0.005190764171590915
0,-0.025342614002771175
1,1.0
3,1.7392222980966805
1,1.0
1,1.0
0,0.04666919353507788
1,-0.13743211962345434
4,1.9145328462249334
4,2.014293863140024
-1,-0.07823948113205138
1,0.5373059690811856
0,2.0631050874078656
-1,-0.0010885527220404337
-1,-0.016316792243372034
1,0.06473587461933727
2,1.955300459958116
2,-0.028076560288962184
2,-0.0033628453509074513
1,1.0
0,0.026533247045295378
0,0.010704303556795964
0,0.03175203486768445
-2,-0.015676108507348865
2,-0.00028212949129002206
-1,-0.07959806229778382
1,1.0
0,-0.0220188764951689
0,0.016428706650639405
1,1.0
2,-0.02631236644440785
2,0.05053523010003649
0,2.0073318853578535
1,1.0
-1,-0.03111032724410337
-2,0.01794251577424415
-2,0.02688002196510133
2,0.18614759601994435
1,-0.0017388082687536922
0,-0.01636032379420288
3,2.1210439597393265
2,1.9550757320427428
1,-0.0093064789331992
3,1.9316577927767922
1,1.0
2,1.9647080508196455
4,2.0256221062384174
1,-0.0023143492477900396
1,1.0
2,2.041074677694768
-1,-0.03197711386539761
-1,0.0226107890227082
1,1.963555234147743
-2,0.047338063844169505
4,1.8588244530106253
0,0.06862396420899072
2,-0.02726231930684305
1,1.0
0,1.956700438982465
2,-0.008616902864181451
0,0.017316776667177413
1,0.00578215129385085
1,2.022380824629169
-1,0.004878486362238688
-2,-0.0423158416838949
-2,-0.021022251908217476
1,0.5224284152579277
-2,-0.008791975143306601
1,1.0
2,0.14023568573532016
2,-0.05088144784848888
1,0.003703256159897788
2,-0.013115944863313052
1,1.0
2,0.013536921755086823
2,2.0314943903905047
0,1.9386841041531055
-2,0.15625480023422006
2,1.9763604845279366
1,0.5224284152579277
-1,-0.014162312734842218
1,1.0
1,1.0
4,2.0812127875625435
-1,-0.1642096791405763
4,1.9718714665589
-2,0.02510439509397249
1,0.008885897229460366
-2,-0.025443929342881182
1,1.99798532560952
-1,-0.015044452812729587
-2,0.029508659578573786
1,1.0
2,0.03664161721525373
0,-0.08670846961754783
1,-0.0038621347654635304
1,1.9207648258759165
0,-0.010991573196438278
1,1.0
1,-0.039499076420070965
-1,-0.008817294698434175
2,-0.039973223314685266
4,2.0788384348340916
0,0.004671203226012063
1,1.9608650982197364
-1,-0.008843552432121742
0,1.9265389380800804
1,1.0
-1,0.017687777432870387
0,2.0018895109387596
2,-0.011995275087392947
4,1.8707681369507754
1,1.0
-2,-0.012648378142190473
1,1.0
1,1.0
1,0.49459826718347094
1,1.0
-2,0.0041884579096739824
0,0.04873167555152096
1,2.099161543404286
-2,-0.013798698699618417
2,1.9434454363671179
1,0.012029991028551217
-2,0.1470680287033314
0,-0.004098110593306757
-2,-0.0005215952961590345
0,1.9550984974128218
2,1.9269965540016962
1,-0.05475519037385813
-1,0.00043749343312345215
-2,-0.025632139984177713
1,1.0
1,1.0
-2,-0.028585965320400385
2,1.9961363299528256
-1,0.005229199118006764
-1,-0.012676431717839743
1,1.0
-1,0.03485443948819095
4,2.0006748818854496
-1,0.00898265504394392
1,1.0
2,0.00578215129385085
1,-0.009314781101609118
0,-0.0030459130599469054
0,0.0038590535055777957
-1,0.029256691906444813
2,0.0137745845681831
3,1.9577993471329846
2,0.05053523010003649
1,1.0
2,0.0289317925310652
0,-0.006724223169133297
3,2.0486564096809126
4,2.015090299739455
1,1.9540161804138458
-2,-0.05197794036747402
-1,-0.0010885527220404337
0,-0.05088144784848888
4,2.089045691930428
1,-0.01642610672721694
1,1.0
1,1.0
1,1.0
2,-0.06101344497548155
1,0.00898265504394392
1,1.0
-1,-0.0417848260414908
2,0.06575312986429889
-1,0.03289297706513207
2,0.00937138075427855
1,0.019942351561681514
0,1.9269965540016962
1,0.015756273621853275
1,1.0
1,1.0
1,1.0
0,-0.011198886838780777
1,0.428575022409119
-2,-0.01008033190257392
2,0.05614984518952678
-2,-0.03761514204485164
1,1.0
0,0.0035772870076357277
0,-0.006724223169133297
-1,-0.003598666218873224
0,0.03452673918695912
1,1.0
1,0.07351527936235874
-1,0.027036020134402827
2,0.0005977078397812036
1,1.0
1,1.0
1,-0.02525269595106808
2,-0.08057993663959621
-1,-0.014764677072100408
1,2.1201821084126924
-2,0.046083707891268894
2,1.9315679496855152
1,1.0
1,1.0
2,-0.03480284479372131
1,2.019977869868352
0,0.48207687196963556
2,-0.026413637866106402
0,-0.06448083113024053
-1,-0.023796511017207634
0,1.9542927460319848
1,1.0
-1,-0.02842612779161619
1,-0.02002999406777025
2,-0.01480706905106261
4,1.9948146694265656
1,0.08044953229636771
0,1.9191783035477386
-2,0.042836072401722006
2,-0.007572158982267704
1,0.0038208898707391757
3,1.985902124771161
-1,0.006604572578130799
1,1.0
3,1.8498774472838204
1,0.0030883938488698854
1,1.0
0,2.011529660785023
-2,-0.04524367175053727
2,-0.021022251908217476
-1,-0.006585826032229226
4,2.196876326810432
1,0.5056286812440209
1,0.042836072401722006
0,0.46766822200451463
1,-0.07694774919893393
0,0.4577680527305922
-1,0.013804138650418064
-2,-0.0060680003018978275
0,0.019296324315372572
0,0.006921226879439489
0,0.037572319362360405
1,1.0
-2,0.01357474656922609
1,1.0
0,1.999765753239833
3,1.9637301455578466
-1,-0.02932985584790643
1,-0.0036274000967628293
1,1.0
1,0.006204941652442136
1,0.0011545162365020443
1,1.0
1,-0.003329292778855678
0,0.5540740727219824
1,1.0
0,0.011137102675063031
2,-0.05063050609225643
0,-0.02692557951163686
2,2.0229781194136818
0,0.024966383854501638
-1,-0.054013059327518695
1,1.0
-1,-0.0095280499596867
-1,0.01002846067125013
-1,-0.04115201822883864
2,-0.046842545050009274
2,-0.15244931828453104
1,1.0
1,1.0
3,1.9601702203036495
1,1.0
1,1.0
1,-0.06101344497548155
1,0.5028625809535034
2,0.016012948343658025
2,0.14217860528495527
-2,-0.03705057983821099
1,1.0
-2,-0.030566552436261274
1,1.0
1,0.47525721498706935
1,1.0
1,1.0
3,1.9192463032411726
1,0.017141660018733455
1,1.0
-1,0.005284751940043231
-1,0.004165640318717461
1,-0.020760692637579584
2,-0.004839482597204122
-2,-0.04109960418473602
1,1.0
-2,0.03368816434178682
2,-0.0033628453509074513
-1,-0.036262378711118474
0,0.02575409518002763
-1,-0.0690880798521516
2,-0.009249747930525165
0,0.03452673918695912
2,0.009128359038156026
1,-0.03223128224321146
2,-0.05051552308604948
1,1.0
1,1.0
0,-0.0046331549773185885
1,-0.011343640001197858
3,2.087815841550956
1,-0.005438752356636359
1,1.0
2,2.0058755937907313
1,-0.014908130676923393
1,1.0
1,-0.04073903038085353
2,0.03452673918695912
0,0.0008272756872416498
-2,0.010972251409794982
-1,-0.04102905408525262
0,-0.0015795289941101314
-1,-0.054449143369887765
1,1.0
1,1.0
0,-0.026374645349013733
-2,0.003719741476688899
2,2.0338271681636346
1,-0.005438752356636359
-2,0.007814905249928483
2,-0.04007873982995673
-2,-0.0850316724462211
2,-0.011699253561176168
1,1.0
1,0.017990797751503477
1,2.1201821084126924
1,0.4463525785914342
1,1.0
2,1.9274255169922614
-1,-0.02699151207404197
-1,-0.014078413663588574
0,0.14427011734959083
1,-0.1064760427991312
1,1.0
0,-0.003267509122781168
0,1.9325932675880049
-2,0.020671552020651313
-1,-0.015422097420656334
0,0.45900185130859034
0,0.00898265504394392
1,1.8835466093941327
1,1.0
2,1.9593614888010518
0,0.48778370281295613
1,1.0
2,0.005478737682478192
2,-0.00021374949986360965
1,-0.014273781493489355
0,0.01147501458156197
1,-0.008503465184333469
-2,-0.013369443797598156
1,1.0
3,2.0110454084984473
2,-0.01628771457392521
4,1.9686276598795465
1,1.0
1,1.0
0,0.5834116850409268
-1,-0.0389884596649067
2,0.029036578406394953
2,1.8908651927783304
2,0.0002815284900660159
0,-0.011215827403690428
2,-0.013904659563619344
-1,-0.03607754055010931
-1,-0.023929478735040807
3,1.9392180577769937
0,0.022796763685736927
2,2.1887890868580158
1,2.057875106528018
-2,-0.0015622841505143975
-1,-0.02440807868138717
0,-0.03618982821852601
1,1.0
0,0.016426475422581892
1,1.0
-1,-0.03727367476028072
1,0.4310405481693952
2,-0.027487831156217085
1,0.0054900391863058565
0,-0.02000563113322153
2,9.62699206121011e-05
0,1.9008260535942605
2,0.017112391264763535
-1,0.02457954066144007
-2,-0.001177893720921398
3,2.3054021604116035
-1,-0.006414579125856365
0,-0.03193935813161952
-1,0.014899229464044116
0,0.00974232937462842
